transaction_id,card,merchant,gender,job,category,city,state,zip,trans_hour,trans_minute,trans_second,trans_year,trans_month,trans_day,distance,age,amt,city_pop,is_fraud
txn_0002292,card_0280,merchant_076,F,job_19,entertainment,city_49,S10,87828,7,9,26,2025,4,30,26.258,69.0,91.73,30512.0,0
txn_0007862,card_0803,merchant_006,M,job_06,shopping_net,city_33,S03,94333,16,57,33,2025,5,21,51.165,22.0,209.89,19321.0,0
txn_0004932,card_0528,merchant_157,M,job_08,health_fitness,city_01,S11,59300,11,53,26,2025,9,7,3.004,70.0,71.66,83029.0,0
txn_0002466,card_0260,merchant_184,M,job_18,gas_transport,city_53,S13,58934,23,58,7,2025,3,31,18.993,26.0,64.77,23019.0,0
txn_0007711,card_0794,merchant_159,F,job_05,grocery_pos,city_18,S13,55794,23,1,20,2025,2,10,10.989,37.0,57.75,45592.0,0
txn_0001788,card_0285,merchant_069,M,job_09,shopping_pos,city_39,S09,47253,16,40,43,2025,5,26,23.024,42.0,349.79,37277.0,0
txn_0005913,card_0771,merchant_132,M,job_18,misc_net,city_55,S11,25297,18,47,6,2025,11,29,42.116,43.0,157.39,8722.0,0
txn_0003388,card_0664,merchant_217,M,job_17,personal_care,city_27,S02,63954,10,28,5,2025,12,27,25.529,29.0,39.13,22810.0,0
txn_0005860,card_0844,merchant_098,F,job_06,grocery_pos,city_27,S00,76367,13,9,6,2025,9,14,7.596,47.0,114.55,83872.0,0
txn_0000158,card_0583,merchant_194,F,job_03,health_fitness,city_23,S01,86735,17,35,11,2025,9,26,12.193,59.0,57.84,15548.0,0
txn_0007825,card_0044,merchant_095,F,job_04,food_dining,city_44,S02,96307,8,28,50,2025,4,17,2.481,51.0,23.04,16354.0,0
txn_0004903,card_0220,merchant_136,F,job_00,personal_care,city_18,S04,21355,3,31,18,2025,1,7,6.056,18.0,48.38,4884.0,0
txn_0002867,card_0876,merchant_136,M,job_10,personal_care,city_57,S09,94482,21,16,24,2025,8,25,32.135,44.0,74.4,33280.0,0
txn_0000971,card_0799,merchant_006,F,job_30,shopping_net,city_23,S06,69662,14,31,22,2025,2,23,42.565,39.0,59.31,33559.0,0
txn_0005275,card_0774,merchant_093,M,job_22,personal_care,city_46,S04,37299,13,43,33,2025,1,8,66.142,46.0,17.88,6777.0,0
txn_0007932,card_0155,merchant_136,M,job_31,personal_care,city_24,S01,38876,19,6,37,2025,3,28,5.527,18.0,43.83,34269.0,0
txn_0007096,card_0112,merchant_155,M,job_07,shopping_pos,city_00,S02,82629,0,44,18,2025,10,22,38.917,63.0,89.11,49225.0,0
txn_0001442,card_0397,merchant_131,F,job_21,grocery_pos,city_51,S04,86112,14,54,24,2025,4,7,9.011,48.0,40.25,71633.0,0
txn_0002489,card_0344,merchant_063,M,job_28,shopping_net,city_21,S02,21738,17,42,38,2025,10,1,36.61,43.0,8.7,73571.0,0
txn_0000570,card_0250,merchant_173,F,job_11,misc_net,city_10,S00,76040,20,28,10,2025,2,18,18.193,37.0,73.9,25976.0,0
txn_0003857,card_0632,merchant_002,F,job_29,food_dining,city_09,S03,64461,18,34,14,2025,3,3,12.251,58.0,33.04,418861.0,0
txn_0003457,card_0127,merchant_063,M,job_08,shopping_net,city_07,S14,57409,13,25,35,2025,4,20,16.579,65.0,705.41,22863.0,0
txn_0000448,card_0818,merchant_146,M,job_13,grocery_pos,city_39,S10,74158,20,6,38,2025,12,4,32.729,49.0,67.55,30375.0,0
txn_0001142,card_0532,merchant_104,F,job_05,shopping_net,city_16,S10,75729,8,24,54,2025,5,2,5.424,68.0,255.86,12673.0,0
txn_0005083,card_0751,merchant_193,F,job_00,travel,city_19,S00,60920,17,30,40,2025,3,31,30.766,55.0,252.75,11591.0,0
txn_0001793,card_0465,merchant_216,M,job_00,entertainment,city_05,S06,41034,6,16,10,2025,11,8,21.079,46.0,46.39,130170.0,0
txn_0002931,card_0237,merchant_001,F,job_11,travel,city_02,S10,63947,14,33,1,2025,8,7,5.955,48.0,178.57,39656.0,0
txn_0006137,card_0892,merchant_049,M,job_11,gas_transport,city_54,S14,72684,9,58,8,2025,1,11,9.109,57.0,35.0,17945.0,0
txn_0006238,card_0435,merchant_165,F,job_31,shopping_net,city_47,S00,12883,6,56,29,2025,5,26,23.143,61.0,65.95,6401.0,0
txn_0003977,card_0235,merchant_126,M,job_01,personal_care,city_50,S03,75232,14,30,19,2025,12,9,33.645,31.0,45.67,18373.0,0
txn_0003118,card_0852,merchant_048,M,job_20,food_dining,city_59,S14,52986,12,32,15,2025,12,31,5.827,31.0,76.59,22784.0,0
txn_0005848,card_0708,merchant_074,F,job_07,health_fitness,city_24,S09,82255,11,52,25,2025,9,14,21.48,27.0,72.68,22052.0,0
txn_0006661,card_0063,merchant_145,M,job_06,health_fitness,city_22,S00,96597,22,46,41,2025,7,25,90.476,41.0,446.11,47888.0,0
txn_0005041,card_0374,merchant_196,M,job_24,shopping_pos,city_13,S08,18552,23,56,42,2025,7,24,30.792,43.0,78.09,6574.0,0
txn_0000848,card_0830,merchant_124,F,job_24,misc_net,city_56,S05,92885,8,1,43,2025,6,5,23.664,43.0,94.62,8465.0,0
txn_0001542,card_0070,merchant_129,M,job_09,travel,city_02,S09,22964,11,16,26,2025,6,19,32.859,50.0,468.61,70559.0,0
txn_0006645,card_0294,merchant_070,M,job_16,misc_net,city_09,S11,64772,17,57,21,2025,8,31,6.703,59.0,128.0,43642.0,0
txn_0001506,card_0571,merchant_066,F,job_22,shopping_pos,city_49,S06,33712,22,35,7,2025,1,21,8.62,52.0,58.06,41221.0,0
txn_0006335,card_0080,merchant_215,M,job_18,entertainment,city_23,S04,73851,17,1,51,2025,9,8,8.996,61.0,191.42,9072.0,0
txn_0003349,card_0758,merchant_066,F,job_26,shopping_pos,city_01,S12,70252,11,49,14,2025,7,21,11.319,47.0,151.6,16185.0,0
txn_0004601,card_0357,merchant_102,M,job_17,shopping_pos,city_37,S02,76072,16,31,55,2025,4,14,26.878,56.0,79.41,9479.0,0
txn_0002278,card_0529,merchant_072,M,job_25,entertainment,city_08,S12,48128,1,31,9,2025,10,21,48.035,26.0,143.36,45743.0,0
txn_0002312,card_0184,merchant_112,F,job_06,personal_care,city_38,S05,98619,6,38,31,2025,1,10,3.311,54.0,79.2,11608.0,0
txn_0004190,card_0062,merchant_063,F,job_26,shopping_net,city_50,S05,97129,15,18,6,2025,12,28,26.04,46.0,207.64,42395.0,0
txn_0006190,card_0604,merchant_114,M,job_19,travel,city_23,S01,36700,0,52,6,2025,12,4,42.294,32.0,254.99,41042.0,0
txn_0001138,card_0085,merchant_070,M,job_20,misc_net,city_10,S01,23885,20,49,39,2025,1,16,15.84,49.0,209.43,6198.0,0
txn_0004471,card_0810,merchant_060,F,job_10,entertainment,city_58,S14,20854,18,20,52,2025,1,16,13.067,77.0,42.28,94145.0,0
txn_0002013,card_0453,merchant_196,F,job_29,shopping_pos,city_30,S11,82926,6,23,2,2025,1,9,10.204,32.0,73.28,4429.0,0
txn_0007996,card_0416,merchant_067,M,job_22,health_fitness,city_27,S09,34368,12,2,26,2025,2,14,10.14,44.0,161.33,38043.0,0
txn_0004714,card_0522,merchant_003,F,job_18,health_fitness,city_20,S11,98681,9,53,56,2025,6,28,5.338,20.0,159.3,10063.0,0
txn_0005676,card_0217,merchant_207,F,job_18,food_dining,city_43,S14,82246,6,0,29,2025,9,13,667.07,35.0,871.15,12457.0,0
txn_0002541,card_0306,merchant_171,F,job_16,food_dining,city_45,S08,74371,17,15,54,2025,8,3,24.955,65.0,43.19,49497.0,0
txn_0006588,card_0492,merchant_026,M,job_31,shopping_pos,city_14,S10,42980,21,15,57,2025,12,15,47.712,43.0,62.99,147413.0,0
txn_0003139,card_0334,merchant_164,F,job_20,shopping_pos,city_26,S01,26507,18,38,49,2025,11,20,19.088,42.0,233.12,6773.0,0
txn_0001101,card_0500,merchant_109,F,job_27,health_fitness,city_16,S13,18268,19,19,50,2025,11,1,3.726,56.0,133.87,64103.0,0
txn_0004480,card_0442,merchant_130,F,job_03,personal_care,city_27,S06,78374,23,0,55,2025,9,26,5.177,30.0,26.71,20868.0,0
txn_0006888,card_0663,merchant_022,F,job_29,grocery_pos,city_35,S12,78097,0,36,21,2025,12,25,21.12,87.0,11.97,43929.0,0
txn_0006572,card_0692,merchant_171,M,job_12,food_dining,city_55,S11,54353,6,57,23,2025,9,16,12.426,43.0,106.76,16734.0,0
txn_0001844,card_0183,merchant_101,M,job_17,health_fitness,city_45,S00,78339,11,9,2,2025,8,24,66.171,37.0,137.69,89726.0,0
txn_0003904,card_0096,merchant_059,F,job_16,travel,city_34,S13,37725,12,17,59,2025,1,15,13.897,80.0,1269.9,6622.0,0
txn_0000600,card_0114,merchant_005,M,job_16,shopping_pos,city_19,S02,75298,1,9,7,2025,12,8,43.71,51.0,209.21,67304.0,0
txn_0004853,card_0527,merchant_190,F,job_28,shopping_pos,city_10,S05,18163,23,37,7,2025,6,3,38.618,42.0,107.04,9642.0,0
txn_0007431,card_0664,merchant_072,M,job_17,entertainment,city_27,S02,63954,13,51,57,2025,12,7,3.071,29.0,176.19,22810.0,0
txn_0000686,card_0708,merchant_009,F,job_07,grocery_pos,city_24,S09,82255,11,46,31,2025,11,16,21.619,27.0,68.88,22052.0,0
txn_0004352,card_0238,merchant_113,F,job_23,grocery_pos,city_59,S13,96370,18,23,48,2025,1,22,21.804,58.0,81.19,8275.0,0
txn_0001318,card_0024,merchant_150,M,job_07,gas_transport,city_46,S11,84924,4,9,14,2025,9,23,51.214,29.0,93.32,31028.0,0
txn_0002022,card_0486,merchant_102,F,job_17,shopping_pos,city_54,S11,34256,8,40,55,2025,4,20,19.802,19.0,110.81,8746.0,0
txn_0006271,card_0249,merchant_039,F,job_27,misc_net,city_39,S07,30197,9,48,56,2025,6,15,22.077,55.0,428.43,9730.0,0
txn_0001211,card_0357,merchant_041,M,job_17,shopping_net,city_37,S02,76072,17,1,15,2025,8,3,49.967,56.0,72.76,9479.0,0
txn_0006532,card_0402,merchant_115,F,job_22,gas_transport,city_02,S00,13175,6,54,36,2025,7,17,14.009,43.0,53.78,45975.0,0
txn_0007065,card_0002,merchant_149,M,job_07,misc_net,city_27,S03,23960,17,23,10,2025,4,7,38.82,45.0,894.74,53166.0,0
txn_0002343,card_0012,merchant_113,M,job_12,grocery_pos,city_40,S14,64844,5,44,21,2025,3,13,5.364,62.0,49.88,122514.0,0
txn_0006015,card_0538,merchant_075,M,job_10,grocery_pos,city_02,S13,89279,4,42,31,2025,5,12,32.911,78.0,111.39,30864.0,0
txn_0006723,card_0470,merchant_117,M,job_28,entertainment,city_19,S09,18743,13,46,46,2025,10,15,37.618,54.0,110.95,50297.0,0
txn_0000896,card_0021,merchant_065,F,job_18,health_fitness,city_45,S10,30012,21,30,48,2025,4,6,44.437,33.0,315.66,29305.0,0
txn_0004395,card_0174,merchant_071,M,job_14,personal_care,city_33,S05,48707,0,33,4,2025,2,1,40.425,39.0,108.22,3580.0,0
txn_0000522,card_0416,merchant_098,M,job_22,grocery_pos,city_27,S09,34368,9,40,11,2025,12,27,4.296,44.0,92.67,38043.0,0
txn_0006479,card_0897,merchant_135,F,job_05,shopping_net,city_25,S08,44933,9,13,8,2025,2,9,81.271,35.0,63.1,19040.0,0
txn_0001199,card_0673,merchant_086,F,job_26,entertainment,city_12,S07,38312,18,16,21,2025,11,22,6.082,18.0,64.38,42028.0,0
txn_0003265,card_0588,merchant_009,M,job_03,grocery_pos,city_57,S02,13776,19,4,29,2025,5,10,8.262,36.0,31.41,336544.0,0
txn_0007050,card_0731,merchant_043,F,job_28,health_fitness,city_48,S11,34330,22,31,5,2025,6,12,47.429,56.0,275.88,207616.0,0
txn_0003324,card_0054,merchant_113,F,job_25,grocery_pos,city_06,S14,70175,4,17,26,2025,7,26,12.401,58.0,62.2,13250.0,0
txn_0004432,card_0493,merchant_053,M,job_23,travel,city_44,S02,50043,10,36,26,2025,3,13,792.067,39.0,5190.72,38107.0,1
txn_0003008,card_0840,merchant_188,F,job_13,personal_care,city_14,S11,39359,17,44,44,2025,3,18,24.305,62.0,60.18,27315.0,0
txn_0006546,card_0468,merchant_073,F,job_30,shopping_net,city_07,S12,76421,18,52,14,2025,12,15,11.499,44.0,111.49,39760.0,0
txn_0001842,card_0451,merchant_049,M,job_12,gas_transport,city_33,S03,45466,8,0,12,2025,1,18,29.736,18.0,15.83,7445.0,0
txn_0002304,card_0844,merchant_172,F,job_06,entertainment,city_27,S00,76367,17,5,37,2025,6,3,28.656,47.0,46.51,83872.0,0
txn_0005985,card_0035,merchant_218,F,job_30,misc_net,city_08,S02,52529,19,12,4,2025,6,1,15.132,29.0,265.87,7904.0,0
txn_0006178,card_0072,merchant_108,F,job_15,grocery_pos,city_36,S03,62835,21,39,10,2025,10,3,12.514,53.0,28.24,64645.0,0
txn_0006890,card_0588,merchant_015,M,job_03,health_fitness,city_57,S02,13776,12,30,42,2025,8,8,34.423,36.0,185.91,336544.0,0
txn_0005773,card_0456,merchant_000,F,job_11,health_fitness,city_47,S11,86218,17,57,6,2025,2,4,69.07,48.0,273.76,19702.0,0
txn_0000940,card_0152,merchant_039,M,job_16,misc_net,city_04,S01,96449,9,17,56,2025,8,7,8.242,43.0,143.44,5972.0,0
txn_0005253,card_0897,merchant_132,F,job_05,misc_net,city_25,S08,44933,3,4,21,2025,2,16,32.531,35.0,63.69,19040.0,0
txn_0003257,card_0366,merchant_139,F,job_01,food_dining,city_18,S12,80676,15,23,23,2025,5,31,11.439,47.0,44.95,95079.0,0
txn_0006441,card_0580,merchant_055,F,job_04,grocery_pos,city_10,S01,68777,19,37,54,2025,11,2,16.384,65.0,32.46,12923.0,0
txn_0001391,card_0641,merchant_081,M,job_07,shopping_net,city_00,S04,34651,11,24,22,2025,12,24,17.768,59.0,76.87,11412.0,0
txn_0007081,card_0026,merchant_027,F,job_17,misc_net,city_06,S02,79385,13,42,11,2025,5,25,16.744,46.0,113.65,23326.0,0
txn_0004744,card_0783,merchant_043,F,job_25,health_fitness,city_39,S03,60747,7,35,38,2025,3,21,2.046,48.0,84.61,83766.0,0
txn_0001303,card_0771,merchant_164,M,job_18,shopping_pos,city_55,S11,25297,0,11,46,2025,3,20,21.143,43.0,337.77,8722.0,1
txn_0006248,card_0070,merchant_179,M,job_09,shopping_pos,city_02,S09,22964,20,29,44,2025,7,17,13.655,50.0,235.95,70559.0,0
txn_0000344,card_0183,merchant_044,M,job_17,entertainment,city_45,S00,78339,7,0,13,2025,4,9,7.633,37.0,101.04,89726.0,0
txn_0002395,card_0119,merchant_074,F,job_03,health_fitness,city_31,S10,33658,15,25,34,2025,2,16,22.872,40.0,118.08,66293.0,0
txn_0002261,card_0092,merchant_091,M,job_06,food_dining,city_52,S10,27570,19,46,20,2025,12,6,10.238,61.0,50.2,26536.0,0
txn_0002948,card_0806,merchant_076,M,job_31,entertainment,city_31,S12,33286,6,56,43,2025,12,7,37.062,18.0,22.18,4940.0,0
txn_0002857,card_0899,merchant_106,M,job_16,health_fitness,city_07,S09,41084,22,58,36,2025,10,2,38.804,52.0,92.51,6951.0,0
txn_0004610,card_0009,merchant_053,F,job_02,travel,city_57,S13,70726,7,49,50,2025,11,20,35.267,38.0,150.85,10797.0,0
txn_0007809,card_0242,merchant_053,F,job_29,travel,city_44,S11,60357,5,2,17,2025,2,9,12.472,30.0,649.64,131604.0,0
txn_0005327,card_0248,merchant_164,M,job_22,shopping_pos,city_45,S07,76637,1,24,2,2025,1,4,855.736,55.0,379.6,41744.0,0
txn_0001938,card_0425,merchant_115,F,job_06,gas_transport,city_37,S13,22580,20,25,5,2025,9,23,68.194,42.0,106.83,116799.0,0
txn_0007540,card_0001,merchant_150,M,job_01,gas_transport,city_28,S11,64929,7,51,8,2025,11,27,15.707,42.0,57.67,14440.0,0
txn_0004020,card_0702,merchant_085,F,job_26,shopping_net,city_45,S02,22007,20,46,6,2025,7,25,17.861,58.0,88.24,19523.0,0
txn_0003762,card_0511,merchant_172,M,job_17,entertainment,city_04,S04,53181,7,1,21,2025,4,9,46.354,54.0,52.33,11322.0,0
txn_0004591,card_0204,merchant_101,F,job_09,health_fitness,city_47,S09,12000,21,52,9,2025,3,2,45.769,32.0,18.57,534193.0,0
txn_0006459,card_0568,merchant_005,M,job_24,shopping_pos,city_09,S02,55625,7,4,3,2025,10,5,347.317,56.0,1319.24,4297.0,0
txn_0002865,card_0458,merchant_158,M,job_03,grocery_pos,city_00,S10,28475,5,35,51,2025,7,8,17.664,41.0,72.41,43530.0,0
txn_0005523,card_0524,merchant_110,F,job_08,health_fitness,city_44,S09,80986,13,49,13,2025,11,4,5.115,36.0,62.45,22837.0,0
txn_0000560,card_0191,merchant_019,M,job_14,food_dining,city_26,S08,25929,11,29,11,2025,11,2,8.055,54.0,51.91,32124.0,0
txn_0001886,card_0756,merchant_079,M,job_27,gas_transport,city_47,S11,96853,19,34,41,2025,12,12,6.94,51.0,245.12,7714.0,0
txn_0002922,card_0421,merchant_137,M,job_08,grocery_pos,city_09,S14,14263,10,26,52,2025,10,6,2.017,34.0,37.55,25345.0,0
txn_0001147,card_0528,merchant_128,M,job_08,travel,city_01,S11,59300,13,46,38,2025,9,9,108.602,70.0,499.6,83029.0,0
txn_0001613,card_0167,merchant_151,F,job_20,shopping_net,city_28,S02,77424,0,13,49,2025,1,20,27.11,39.0,193.22,23414.0,0
txn_0000176,card_0761,merchant_131,M,job_19,grocery_pos,city_21,S14,80624,15,17,11,2025,4,2,39.081,44.0,35.36,49718.0,0
txn_0002778,card_0395,merchant_044,M,job_16,entertainment,city_48,S11,40153,19,3,10,2025,8,27,43.537,32.0,96.3,23347.0,0
txn_0003014,card_0538,merchant_151,M,job_10,shopping_net,city_02,S13,89279,3,5,51,2025,4,9,11.463,78.0,41.14,30864.0,0
txn_0000074,card_0248,merchant_112,M,job_22,personal_care,city_45,S07,76637,17,16,54,2025,8,3,22.665,55.0,70.87,41744.0,0
txn_0006314,card_0497,merchant_167,F,job_20,health_fitness,city_29,S12,23206,18,22,27,2025,5,25,63.958,46.0,34.46,13751.0,0
txn_0007660,card_0727,merchant_113,F,job_18,grocery_pos,city_56,S13,48258,0,9,21,2025,11,16,37.839,48.0,54.07,30669.0,0
txn_0001692,card_0165,merchant_068,M,job_12,shopping_pos,city_44,S00,46748,14,50,10,2025,12,23,3.231,65.0,58.23,36140.0,0
txn_0004671,card_0334,merchant_040,F,job_20,travel,city_26,S01,26507,18,32,10,2025,11,22,4.118,42.0,149.13,6773.0,0
txn_0001895,card_0638,merchant_093,M,job_22,personal_care,city_50,S12,78350,22,6,31,2025,8,5,65.771,61.0,64.8,12420.0,0
txn_0003035,card_0455,merchant_197,M,job_15,travel,city_41,S12,44005,13,35,24,2025,7,23,40.505,36.0,166.79,18907.0,0
txn_0002736,card_0807,merchant_122,F,job_29,shopping_pos,city_15,S12,26737,18,48,2,2025,2,15,72.495,59.0,71.09,8537.0,0
txn_0003957,card_0187,merchant_033,F,job_31,food_dining,city_12,S00,11904,20,9,52,2025,12,13,30.688,53.0,58.68,71201.0,0
txn_0005660,card_0766,merchant_156,M,job_24,health_fitness,city_48,S08,24941,13,5,50,2025,10,3,160.177,64.0,412.26,36952.0,0
txn_0000766,card_0440,merchant_030,M,job_17,health_fitness,city_13,S07,39582,10,11,52,2025,6,2,68.083,52.0,94.6,29058.0,0
txn_0000666,card_0014,merchant_079,M,job_18,gas_transport,city_53,S07,77614,23,11,47,2025,3,13,15.495,32.0,119.23,32445.0,0
txn_0000526,card_0051,merchant_154,F,job_09,gas_transport,city_15,S01,16466,10,56,38,2025,4,15,481.278,43.0,562.41,9808.0,0
txn_0001581,card_0098,merchant_219,M,job_30,misc_net,city_44,S10,36062,19,5,3,2025,8,1,77.298,37.0,37.81,67830.0,0
txn_0005721,card_0812,merchant_039,M,job_28,misc_net,city_10,S01,40010,11,27,53,2025,8,1,12.631,38.0,141.58,15127.0,0
txn_0006425,card_0104,merchant_017,M,job_04,shopping_net,city_19,S02,95001,6,50,18,2025,10,4,6.019,49.0,78.45,37383.0,0
txn_0003672,card_0377,merchant_191,M,job_24,shopping_pos,city_28,S12,98857,3,5,57,2025,11,17,31.626,31.0,252.49,19481.0,0
txn_0002467,card_0405,merchant_150,M,job_21,gas_transport,city_47,S04,95766,5,14,11,2025,12,11,47.754,31.0,84.74,126514.0,0
txn_0000632,card_0490,merchant_032,M,job_09,travel,city_23,S00,76340,8,52,17,2025,1,19,42.635,26.0,222.55,23165.0,0
txn_0003688,card_0111,merchant_009,M,job_25,grocery_pos,city_53,S04,99893,18,9,55,2025,8,27,43.685,48.0,76.97,22891.0,0
txn_0001012,card_0372,merchant_040,F,job_29,travel,city_59,S03,21168,1,32,49,2025,9,8,29.472,65.0,217.98,72804.0,0
txn_0005272,card_0580,merchant_123,F,job_04,grocery_pos,city_10,S01,68777,5,17,27,2025,9,2,8.781,65.0,32.69,12923.0,0
txn_0001716,card_0891,merchant_198,M,job_28,food_dining,city_36,S04,27726,2,52,1,2025,11,8,9.196,35.0,29.8,8655.0,0
txn_0005459,card_0771,merchant_134,M,job_18,misc_net,city_55,S11,25297,8,24,29,2025,11,22,44.024,43.0,100.99,8722.0,0
txn_0005938,card_0169,merchant_129,F,job_00,travel,city_09,S03,40019,15,1,50,2025,5,21,11.714,55.0,107.71,10738.0,0
txn_0007513,card_0464,merchant_079,F,job_17,gas_transport,city_06,S01,78084,23,0,32,2025,8,7,17.721,38.0,59.68,96885.0,0
txn_0003158,card_0671,merchant_010,M,job_11,health_fitness,city_05,S03,57863,10,35,3,2025,12,2,29.046,35.0,215.36,6349.0,0
txn_0002323,card_0572,merchant_218,F,job_14,misc_net,city_03,S09,55585,1,46,47,2025,1,10,6.908,41.0,94.04,42923.0,0
txn_0004885,card_0039,merchant_022,M,job_16,grocery_pos,city_33,S05,65774,7,45,25,2025,10,9,39.343,40.0,18.13,174940.0,0
txn_0001210,card_0542,merchant_198,F,job_29,food_dining,city_32,S13,24699,0,0,44,2025,1,19,10.193,32.0,33.89,22241.0,0
txn_0004920,card_0744,merchant_113,M,job_04,grocery_pos,city_48,S13,43701,21,42,34,2025,1,23,41.893,42.0,20.99,26529.0,0
txn_0003092,card_0740,merchant_157,M,job_23,health_fitness,city_17,S14,14676,10,22,30,2025,12,27,11.488,67.0,56.39,6107.0,0
txn_0000104,card_0775,merchant_077,M,job_31,food_dining,city_19,S03,62574,19,53,29,2025,11,13,94.546,48.0,25.99,36379.0,0
txn_0006101,card_0578,merchant_000,M,job_07,health_fitness,city_59,S14,51421,15,48,46,2025,7,20,3.331,51.0,149.25,12247.0,0
txn_0004316,card_0066,merchant_013,M,job_19,food_dining,city_06,S05,63006,7,15,0,2025,1,11,18.605,53.0,89.82,10137.0,0
txn_0003263,card_0055,merchant_134,F,job_19,misc_net,city_51,S13,53342,3,29,20,2025,7,1,30.479,27.0,90.47,11198.0,0
txn_0000409,card_0382,merchant_182,M,job_12,entertainment,city_36,S04,70381,10,10,7,2025,2,16,3.412,43.0,138.05,64521.0,0
txn_0007167,card_0222,merchant_079,M,job_08,gas_transport,city_39,S01,59333,13,26,21,2025,12,14,40.946,66.0,26.41,28725.0,0
txn_0006949,card_0894,merchant_203,M,job_15,travel,city_56,S03,37652,19,42,57,2025,8,17,5.524,70.0,277.1,44440.0,0
txn_0007382,card_0638,merchant_064,M,job_22,shopping_net,city_50,S12,78350,21,39,20,2025,7,23,5.15,61.0,76.54,12420.0,0
txn_0001086,card_0222,merchant_047,M,job_08,personal_care,city_39,S01,59333,4,39,43,2025,3,26,37.761,66.0,94.23,28725.0,0
txn_0003235,card_0153,merchant_107,F,job_30,personal_care,city_27,S01,34221,23,14,57,2025,2,28,29.958,47.0,25.04,63967.0,0
txn_0004046,card_0711,merchant_002,M,job_04,food_dining,city_51,S14,87116,11,52,53,2025,7,19,17.329,70.0,37.56,17946.0,0
txn_0005758,card_0147,merchant_121,F,job_19,entertainment,city_55,S05,98653,23,31,52,2025,10,12,47.962,34.0,327.77,6312.0,0
txn_0004866,card_0167,merchant_173,F,job_20,misc_net,city_28,S02,77424,1,30,58,2025,7,18,14.988,39.0,109.75,23414.0,0
txn_0003184,card_0402,merchant_103,F,job_22,gas_transport,city_02,S00,13175,16,10,18,2025,9,23,12.864,43.0,56.37,45975.0,0
txn_0006301,card_0781,merchant_188,M,job_00,personal_care,city_27,S03,20366,23,38,24,2025,12,1,17.779,66.0,48.42,99371.0,0
txn_0006548,card_0110,merchant_168,F,job_08,entertainment,city_04,S07,42399,5,57,52,2025,11,13,7.173,56.0,67.9,25367.0,0
txn_0006255,card_0804,merchant_158,M,job_29,grocery_pos,city_45,S00,33511,9,33,14,2025,9,2,52.66,40.0,38.78,4826.0,0
txn_0002011,card_0517,merchant_202,F,job_14,shopping_pos,city_26,S06,21782,19,42,58,2025,4,4,2.29,46.0,85.93,12072.0,0
txn_0004292,card_0385,merchant_187,F,job_01,misc_net,city_17,S05,40575,20,16,5,2025,5,7,58.369,58.0,295.83,71781.0,0
txn_0002334,card_0286,merchant_105,F,job_04,shopping_net,city_43,S11,17488,18,36,56,2025,10,6,27.776,45.0,76.13,23779.0,0
txn_0006170,card_0730,merchant_110,M,job_18,health_fitness,city_54,S03,26659,11,19,3,2025,11,10,28.071,34.0,18.48,9251.0,0
txn_0002992,card_0445,merchant_177,M,job_31,gas_transport,city_49,S08,11239,16,36,56,2025,4,7,816.227,42.0,407.99,12720.0,1
txn_0004275,card_0868,merchant_166,F,job_02,shopping_net,city_04,S11,89983,6,10,1,2025,10,4,162.99,73.0,508.95,13121.0,1
txn_0007591,card_0881,merchant_059,M,job_10,travel,city_06,S11,36717,17,32,55,2025,7,25,12.945,28.0,165.21,18852.0,0
txn_0001914,card_0818,merchant_010,M,job_13,health_fitness,city_39,S10,74158,21,12,44,2025,7,7,5.476,49.0,70.46,30375.0,0
txn_0006818,card_0147,merchant_122,F,job_19,shopping_pos,city_55,S05,98653,1,50,28,2025,10,2,882.023,34.0,3168.29,6312.0,1
txn_0007680,card_0841,merchant_120,M,job_23,health_fitness,city_29,S08,41964,14,56,44,2025,10,22,14.58,42.0,47.52,17956.0,0
txn_0002179,card_0578,merchant_037,M,job_07,shopping_net,city_59,S14,51421,22,19,7,2025,10,11,21.408,51.0,273.08,12247.0,1
txn_0003967,card_0625,merchant_119,F,job_01,health_fitness,city_33,S11,26011,5,59,37,2025,3,12,6.238,42.0,180.89,97440.0,0
txn_0000701,card_0274,merchant_045,F,job_00,gas_transport,city_41,S00,65875,1,33,20,2025,10,23,16.995,31.0,34.3,24142.0,0
txn_0000272,card_0235,merchant_164,M,job_01,shopping_pos,city_50,S03,75232,8,55,0,2025,2,5,226.862,31.0,850.57,18373.0,0
txn_0000241,card_0634,merchant_127,F,job_26,food_dining,city_27,S01,33293,7,37,18,2025,5,30,34.56,51.0,30.63,26134.0,0
txn_0007594,card_0878,merchant_114,M,job_09,travel,city_34,S13,88244,7,0,39,2025,9,30,11.664,26.0,277.22,51243.0,0
txn_0005360,card_0623,merchant_158,F,job_04,grocery_pos,city_49,S09,57991,16,22,16,2025,3,15,9.4,30.0,47.4,60550.0,0
txn_0007424,card_0771,merchant_217,M,job_18,personal_care,city_55,S11,25297,18,12,3,2025,11,29,546.263,43.0,445.19,8722.0,0
txn_0006575,card_0259,merchant_089,M,job_10,health_fitness,city_24,S07,49525,20,56,26,2025,10,26,29.711,18.0,71.8,28728.0,0
txn_0000613,card_0263,merchant_215,M,job_17,entertainment,city_43,S01,64935,9,6,31,2025,2,21,32.01,27.0,52.99,9621.0,0
txn_0007341,card_0368,merchant_018,F,job_30,personal_care,city_56,S02,63084,5,26,43,2025,10,1,7.246,19.0,54.61,100818.0,0
txn_0000389,card_0302,merchant_218,F,job_31,misc_net,city_10,S13,55833,1,53,23,2025,5,9,313.658,58.0,266.8,11932.0,0
txn_0004615,card_0594,merchant_071,F,job_13,personal_care,city_28,S02,60809,13,46,22,2025,9,22,60.401,59.0,73.63,87798.0,0
txn_0003051,card_0456,merchant_076,F,job_11,entertainment,city_47,S11,86218,7,15,36,2025,8,6,0.183,48.0,141.57,19702.0,0
txn_0000981,card_0195,merchant_199,F,job_02,misc_net,city_00,S08,34752,8,29,35,2025,12,14,356.04,28.0,878.74,45269.0,1
txn_0006920,card_0481,merchant_081,M,job_09,shopping_net,city_21,S02,35632,5,1,23,2025,11,21,18.593,41.0,254.87,189955.0,0
txn_0005747,card_0269,merchant_155,M,job_29,shopping_pos,city_25,S09,74052,23,33,37,2025,7,7,13.789,44.0,165.07,27576.0,0
txn_0001554,card_0531,merchant_213,F,job_05,gas_transport,city_51,S03,93708,12,45,40,2025,11,13,6.0,26.0,77.36,80066.0,0
txn_0003606,card_0631,merchant_022,F,job_00,grocery_pos,city_31,S12,93489,18,2,40,2025,1,6,6.485,58.0,45.24,49087.0,0
txn_0004181,card_0251,merchant_164,F,job_16,shopping_pos,city_18,S07,14136,5,8,54,2025,10,19,3.658,38.0,44.11,37061.0,0
txn_0001170,card_0517,merchant_148,F,job_14,food_dining,city_26,S06,21782,4,33,12,2025,2,1,103.887,46.0,37.12,12072.0,0
txn_0006254,card_0675,merchant_132,M,job_10,misc_net,city_25,S07,79653,9,30,54,2025,4,2,2.404,18.0,124.47,9544.0,0
txn_0004083,card_0502,merchant_103,M,job_09,gas_transport,city_34,S11,27106,21,18,15,2025,11,22,14.266,56.0,92.77,6066.0,0
txn_0007107,card_0490,merchant_106,M,job_09,health_fitness,city_23,S00,76340,17,22,25,2025,1,21,17.818,26.0,48.89,23165.0,0
txn_0006476,card_0635,merchant_185,M,job_01,grocery_pos,city_33,S03,13560,6,23,26,2025,2,10,27.052,42.0,210.44,15581.0,0
txn_0003288,card_0623,merchant_141,F,job_04,gas_transport,city_49,S09,57991,20,2,9,2025,11,19,23.054,30.0,147.15,60550.0,0
txn_0001411,card_0651,merchant_009,M,job_27,grocery_pos,city_53,S14,44664,12,36,36,2025,6,19,18.591,64.0,18.97,12941.0,0
txn_0004461,card_0448,merchant_116,M,job_23,personal_care,city_09,S14,40221,8,32,43,2025,4,12,26.857,48.0,13.98,11375.0,0
txn_0002677,card_0636,merchant_209,F,job_04,shopping_pos,city_38,S07,95029,18,0,16,2025,4,17,3.448,52.0,124.22,14943.0,0
txn_0001419,card_0443,merchant_175,F,job_18,gas_transport,city_06,S08,19779,13,0,34,2025,9,9,7.138,31.0,39.72,36481.0,0
txn_0002461,card_0392,merchant_013,F,job_14,food_dining,city_17,S10,22622,7,52,40,2025,9,27,15.172,51.0,93.62,18361.0,0
txn_0007737,card_0133,merchant_148,M,job_10,food_dining,city_57,S08,93963,3,0,28,2025,1,17,29.234,44.0,110.01,58091.0,0
txn_0006129,card_0394,merchant_168,M,job_30,entertainment,city_39,S13,56031,8,19,20,2025,7,19,11.549,21.0,80.56,102828.0,0
txn_0005557,card_0349,merchant_141,F,job_31,gas_transport,city_51,S10,25732,5,11,0,2025,12,10,87.813,51.0,28.13,23441.0,0
txn_0003798,card_0837,merchant_111,F,job_03,travel,city_44,S01,95273,8,8,42,2025,2,24,92.029,43.0,351.66,38938.0,0
txn_0007094,card_0090,merchant_093,F,job_10,personal_care,city_11,S14,46153,16,52,18,2025,6,21,15.939,50.0,32.69,5872.0,0
txn_0006668,card_0734,merchant_125,F,job_13,gas_transport,city_48,S03,92506,14,50,1,2025,8,30,12.246,33.0,22.81,101834.0,0
txn_0000556,card_0891,merchant_028,M,job_28,travel,city_36,S04,27726,4,25,56,2025,10,30,36.303,35.0,109.63,8655.0,0
txn_0005039,card_0552,merchant_122,M,job_01,shopping_pos,city_42,S02,92067,18,53,36,2025,3,12,81.037,21.0,142.74,57138.0,0
txn_0005957,card_0724,merchant_213,M,job_17,gas_transport,city_03,S09,97406,10,39,47,2025,12,2,17.815,35.0,71.15,17517.0,0
txn_0001075,card_0511,merchant_217,M,job_17,personal_care,city_04,S04,53181,11,5,32,2025,3,15,7.669,54.0,23.06,11322.0,0
txn_0007984,card_0184,merchant_050,F,job_06,gas_transport,city_38,S05,98619,14,49,12,2025,9,15,24.915,54.0,33.68,11608.0,0
txn_0007912,card_0029,merchant_023,F,job_18,food_dining,city_58,S06,84676,5,43,47,2025,6,10,17.692,48.0,56.85,35232.0,0
txn_0005928,card_0331,merchant_108,F,job_23,grocery_pos,city_58,S04,16751,5,27,0,2025,11,15,43.026,52.0,26.31,99059.0,0
txn_0003027,card_0810,merchant_042,F,job_10,misc_net,city_58,S14,20854,5,34,9,2025,4,29,4.186,77.0,144.19,94145.0,0
txn_0005962,card_0748,merchant_090,F,job_31,shopping_net,city_28,S09,79009,7,21,33,2025,8,8,680.113,54.0,859.0,57894.0,1
txn_0004116,card_0479,merchant_173,F,job_17,misc_net,city_40,S02,78745,4,48,27,2025,6,19,4.803,50.0,354.64,6390.0,0
txn_0001034,card_0385,merchant_023,F,job_01,food_dining,city_17,S05,40575,0,5,50,2025,6,7,32.565,58.0,184.13,71781.0,0
txn_0000915,card_0752,merchant_013,F,job_01,food_dining,city_13,S06,59609,8,53,31,2025,5,20,18.381,40.0,88.08,6287.0,0
txn_0006140,card_0680,merchant_028,M,job_09,travel,city_39,S12,53102,13,14,30,2025,11,20,30.982,48.0,245.15,35423.0,0
txn_0005168,card_0280,merchant_044,F,job_19,entertainment,city_49,S10,87828,17,28,10,2025,5,11,9.333,69.0,231.99,30512.0,0
txn_0007747,card_0343,merchant_101,M,job_15,health_fitness,city_36,S07,97250,14,36,44,2025,6,5,61.294,55.0,255.38,16757.0,0
txn_0003459,card_0525,merchant_179,F,job_26,shopping_pos,city_49,S11,55365,15,2,31,2025,3,15,56.714,39.0,87.75,183893.0,0
txn_0003488,card_0555,merchant_147,M,job_02,misc_net,city_22,S02,26783,3,56,49,2025,6,10,10.299,27.0,44.62,34473.0,0
txn_0006561,card_0072,merchant_016,F,job_15,travel,city_36,S03,62835,3,17,36,2025,4,29,7.727,53.0,470.89,64645.0,0
txn_0000735,card_0634,merchant_089,F,job_26,health_fitness,city_27,S01,33293,22,38,44,2025,8,25,4.061,51.0,48.59,26134.0,0
txn_0007448,card_0180,merchant_044,M,job_29,entertainment,city_39,S00,15069,15,8,12,2025,7,8,39.018,40.0,118.23,139194.0,0
txn_0005066,card_0694,merchant_036,F,job_22,entertainment,city_25,S05,93434,1,58,44,2025,6,18,60.623,35.0,20.83,5557.0,0
txn_0001400,card_0305,merchant_208,F,job_28,gas_transport,city_16,S05,78670,6,15,27,2025,5,17,26.348,57.0,27.78,6991.0,0
txn_0000670,card_0123,merchant_144,F,job_26,grocery_pos,city_26,S14,99416,23,6,0,2025,1,26,57.934,44.0,104.12,3850.0,0
txn_0001302,card_0414,merchant_034,F,job_28,misc_net,city_06,S05,35453,20,49,3,2025,6,14,6.303,18.0,175.42,34779.0,0
txn_0006542,card_0265,merchant_141,M,job_03,gas_transport,city_30,S08,79897,11,39,45,2025,11,24,45.963,33.0,14.2,6756.0,0
txn_0001953,card_0450,merchant_182,M,job_01,entertainment,city_30,S10,39134,1,1,28,2025,5,4,28.04,29.0,10.85,11583.0,0
txn_0003622,card_0449,merchant_052,F,job_19,entertainment,city_25,S01,51088,21,58,25,2025,2,18,28.238,77.0,40.8,42978.0,0
txn_0001712,card_0413,merchant_140,F,job_27,misc_net,city_06,S13,54033,3,45,29,2025,11,4,70.454,39.0,120.26,71376.0,0
txn_0001944,card_0220,merchant_211,F,job_00,misc_net,city_18,S04,21355,11,35,22,2025,11,7,40.718,18.0,231.4,4884.0,0
txn_0000696,card_0690,merchant_100,M,job_23,health_fitness,city_20,S03,16125,2,3,59,2025,12,6,13.564,33.0,124.86,15110.0,0
txn_0004658,card_0282,merchant_067,M,job_22,health_fitness,city_19,S12,61764,2,2,40,2025,12,5,20.625,47.0,111.62,159274.0,0
txn_0000275,card_0817,merchant_133,F,job_12,grocery_pos,city_03,S13,24066,13,48,55,2025,11,22,25.744,59.0,72.37,12692.0,0
txn_0001131,card_0847,merchant_090,F,job_12,shopping_net,city_47,S13,27103,3,31,4,2025,9,29,4.093,51.0,230.87,3395.0,0
txn_0007383,card_0380,merchant_011,F,job_23,gas_transport,city_41,S06,50578,21,4,49,2025,7,31,50.361,30.0,92.96,14780.0,0
txn_0000883,card_0468,merchant_199,F,job_30,misc_net,city_07,S12,76421,4,25,33,2025,2,18,913.801,44.0,935.87,39760.0,0
txn_0003550,card_0547,merchant_120,M,job_30,health_fitness,city_45,S01,86991,11,31,35,2025,10,12,12.303,37.0,224.95,16431.0,0
txn_0000177,card_0050,merchant_185,M,job_02,grocery_pos,city_04,S03,20800,18,26,51,2025,11,30,19.323,29.0,57.59,31904.0,0
txn_0005596,card_0777,merchant_003,F,job_13,health_fitness,city_27,S07,33710,8,9,39,2025,3,31,14.893,42.0,19.28,33508.0,0
txn_0005908,card_0695,merchant_024,F,job_05,shopping_pos,city_12,S11,99483,20,17,18,2025,8,10,17.509,27.0,89.43,20512.0,0
txn_0007238,card_0107,merchant_116,M,job_16,personal_care,city_09,S04,78047,11,56,41,2025,8,2,6.078,44.0,57.74,33539.0,0
txn_0000259,card_0876,merchant_051,M,job_10,misc_net,city_57,S09,94482,12,59,57,2025,5,9,763.833,44.0,3174.58,33280.0,1
txn_0005227,card_0480,merchant_077,F,job_31,food_dining,city_45,S03,91349,16,18,24,2025,11,15,430.424,61.0,634.62,46398.0,0
txn_0007536,card_0319,merchant_154,M,job_14,gas_transport,city_42,S11,65243,10,43,32,2025,2,20,33.412,20.0,30.22,83149.0,0
txn_0005090,card_0541,merchant_052,F,job_16,entertainment,city_23,S03,87356,15,26,56,2025,12,11,32.042,53.0,81.95,128640.0,0
txn_0001385,card_0614,merchant_216,M,job_07,entertainment,city_22,S06,71660,6,21,38,2025,2,19,28.526,44.0,140.42,11139.0,0
txn_0002768,card_0528,merchant_044,M,job_08,entertainment,city_01,S11,59300,11,26,40,2025,10,13,20.736,70.0,66.52,83029.0,0
txn_0005543,card_0301,merchant_049,M,job_15,gas_transport,city_40,S10,95672,19,2,38,2025,1,16,40.069,47.0,101.68,55544.0,0
txn_0007332,card_0073,merchant_068,F,job_15,shopping_pos,city_56,S10,10051,22,36,25,2025,11,28,5.4,57.0,96.9,25319.0,0
txn_0002458,card_0393,merchant_024,M,job_00,shopping_pos,city_13,S03,35660,2,52,47,2025,6,23,27.437,54.0,60.74,30991.0,0
txn_0003726,card_0699,merchant_093,F,job_22,personal_care,city_55,S10,18394,5,54,22,2025,9,22,21.268,55.0,38.83,23158.0,0
txn_0003584,card_0000,merchant_103,F,job_00,gas_transport,city_03,S13,50073,7,16,26,2025,4,22,5.156,36.0,268.06,8813.0,0
txn_0001169,card_0203,merchant_054,M,job_04,shopping_pos,city_27,S09,11955,6,11,41,2025,3,6,26.05,34.0,78.04,64601.0,0
txn_0002330,card_0441,merchant_174,F,job_04,entertainment,city_39,S06,68619,18,8,2,2025,1,12,51.44,43.0,85.1,34614.0,0
txn_0000065,card_0197,merchant_184,F,job_24,gas_transport,city_59,S09,15845,7,51,15,2025,12,21,50.886,41.0,239.29,22904.0,0
txn_0005161,card_0660,merchant_012,F,job_09,personal_care,city_20,S14,30335,16,25,3,2025,4,19,0.229,23.0,20.7,15613.0,0
txn_0007581,card_0163,merchant_202,F,job_22,shopping_pos,city_49,S09,67299,7,29,49,2025,1,23,23.844,51.0,77.47,122016.0,0
txn_0005323,card_0530,merchant_121,M,job_15,entertainment,city_03,S12,10754,19,30,9,2025,2,18,67.465,28.0,33.37,50356.0,0
txn_0005361,card_0388,merchant_180,M,job_03,health_fitness,city_27,S03,47363,15,27,12,2025,9,4,18.09,48.0,41.89,26622.0,0
txn_0005171,card_0359,merchant_049,M,job_25,gas_transport,city_20,S04,29371,0,32,13,2025,1,9,34.446,65.0,26.73,52692.0,0
txn_0005684,card_0898,merchant_114,F,job_15,travel,city_07,S04,32002,2,56,22,2025,6,30,2.815,72.0,235.99,12713.0,0
txn_0004762,card_0771,merchant_096,M,job_18,misc_net,city_55,S11,25297,9,36,16,2025,7,14,41.829,43.0,62.11,8722.0,0
txn_0000180,card_0685,merchant_190,M,job_10,shopping_pos,city_21,S03,79018,3,47,55,2025,8,5,44.295,48.0,48.36,7218.0,0
txn_0004418,card_0430,merchant_122,F,job_14,shopping_pos,city_37,S05,58753,15,44,19,2025,2,15,30.816,45.0,145.19,115982.0,0
txn_0004063,card_0384,merchant_170,F,job_12,grocery_pos,city_38,S05,87187,4,9,15,2025,12,20,51.878,50.0,48.36,58357.0,0
txn_0006841,card_0338,merchant_167,F,job_09,health_fitness,city_32,S04,75045,8,38,1,2025,8,1,12.928,53.0,20.49,18323.0,0
txn_0007773,card_0242,merchant_205,F,job_29,personal_care,city_44,S11,60357,5,0,24,2025,9,22,46.921,30.0,49.6,131604.0,0
txn_0000847,card_0308,merchant_033,F,job_09,food_dining,city_16,S09,27657,16,23,38,2025,2,8,37.258,57.0,22.03,39872.0,0
txn_0004669,card_0691,merchant_110,M,job_11,health_fitness,city_15,S07,93630,14,11,36,2025,11,5,20.647,50.0,189.8,114545.0,0
txn_0002429,card_0209,merchant_116,M,job_01,personal_care,city_37,S05,64590,21,6,34,2025,12,8,7.1,36.0,302.93,15617.0,0
txn_0005586,card_0228,merchant_094,M,job_17,gas_transport,city_31,S02,71351,6,55,2,2025,5,23,12.754,44.0,53.87,12409.0,0
txn_0003691,card_0467,merchant_163,M,job_14,shopping_net,city_43,S04,47914,15,24,16,2025,4,7,19.614,40.0,279.5,7403.0,0
txn_0002965,card_0391,merchant_201,F,job_27,gas_transport,city_24,S05,77838,17,17,10,2025,3,27,6.917,74.0,180.82,9365.0,0
txn_0003796,card_0893,merchant_161,M,job_08,shopping_pos,city_25,S08,33570,14,38,22,2025,8,23,15.795,33.0,61.72,12206.0,0
txn_0003524,card_0460,merchant_075,M,job_02,grocery_pos,city_01,S01,23043,16,57,15,2025,5,23,56.431,30.0,94.93,49897.0,0
txn_0003454,card_0166,merchant_139,F,job_29,food_dining,city_22,S04,71070,10,24,51,2025,11,21,6.951,60.0,33.02,1557.0,0
txn_0001219,card_0073,merchant_136,F,job_15,personal_care,city_56,S10,10051,8,34,12,2025,6,15,85.953,57.0,23.09,25319.0,0
txn_0002271,card_0152,merchant_154,M,job_16,gas_transport,city_04,S01,96449,6,35,17,2025,5,7,29.156,43.0,83.72,5972.0,0
txn_0003020,card_0533,merchant_213,F,job_17,gas_transport,city_49,S00,55216,13,30,38,2025,3,4,12.228,38.0,37.73,21434.0,0
txn_0001373,card_0589,merchant_013,M,job_16,food_dining,city_52,S02,91007,15,34,0,2025,1,24,3.049,38.0,52.31,93917.0,0
txn_0000064,card_0849,merchant_131,M,job_23,grocery_pos,city_19,S09,90852,9,55,5,2025,2,16,35.068,64.0,71.01,23386.0,0
txn_0002036,card_0801,merchant_119,F,job_05,health_fitness,city_12,S09,20680,12,41,27,2025,12,18,33.247,54.0,73.84,47218.0,0
txn_0003744,card_0648,merchant_204,M,job_15,misc_net,city_46,S01,92119,23,17,16,2025,8,17,1.194,55.0,148.71,11767.0,0
txn_0005212,card_0615,merchant_163,M,job_29,shopping_net,city_29,S12,99351,17,29,36,2025,7,22,44.505,37.0,148.3,10294.0,0
txn_0001262,card_0742,merchant_065,M,job_14,health_fitness,city_57,S06,52094,10,5,2,2025,7,29,70.916,44.0,51.15,32730.0,0
txn_0006097,card_0571,merchant_210,F,job_22,misc_net,city_49,S06,33712,20,23,52,2025,5,21,21.833,52.0,28.17,41221.0,0
txn_0006823,card_0899,merchant_035,M,job_16,shopping_pos,city_07,S09,41084,4,27,48,2025,12,31,27.845,52.0,39.99,6951.0,0
txn_0002158,card_0557,merchant_134,M,job_14,misc_net,city_13,S02,37125,11,54,18,2025,10,24,0.844,49.0,66.78,165286.0,0
txn_0002969,card_0888,merchant_199,F,job_15,misc_net,city_38,S09,69812,13,40,14,2025,3,9,3.489,46.0,48.65,80550.0,0
txn_0000833,card_0331,merchant_196,F,job_23,shopping_pos,city_58,S04,16751,8,10,1,2025,8,20,153.529,52.0,215.87,99059.0,0
txn_0007162,card_0309,merchant_043,F,job_30,health_fitness,city_17,S12,91530,6,58,7,2025,8,14,24.956,40.0,225.06,23380.0,0
txn_0006805,card_0693,merchant_112,M,job_00,personal_care,city_36,S02,18490,2,37,11,2025,10,16,12.995,35.0,42.36,50121.0,0
txn_0002226,card_0146,merchant_009,F,job_07,grocery_pos,city_09,S12,50406,6,18,50,2025,11,18,33.838,42.0,63.24,10469.0,0
txn_0006699,card_0825,merchant_216,F,job_25,entertainment,city_34,S03,88526,12,58,29,2025,1,3,8.413,44.0,36.18,59181.0,0
txn_0002526,card_0373,merchant_171,F,job_21,food_dining,city_45,S11,33210,17,37,46,2025,10,13,11.796,47.0,94.83,42211.0,0
txn_0006293,card_0562,merchant_182,F,job_01,entertainment,city_57,S11,60674,15,9,23,2025,11,13,11.887,37.0,109.54,15844.0,0
txn_0006263,card_0899,merchant_000,M,job_16,health_fitness,city_07,S09,41084,9,58,36,2025,4,15,28.96,52.0,120.53,6951.0,0
txn_0005925,card_0461,merchant_042,F,job_02,misc_net,city_59,S13,11964,3,49,19,2025,4,14,16.243,34.0,199.45,27265.0,0
txn_0006260,card_0406,merchant_147,F,job_08,misc_net,city_08,S12,32627,0,35,27,2025,11,11,21.52,30.0,61.7,20308.0,0
txn_0001128,card_0339,merchant_091,M,job_01,food_dining,city_24,S02,55884,1,39,1,2025,7,8,51.662,53.0,99.14,166877.0,0
txn_0004001,card_0206,merchant_151,M,job_07,shopping_net,city_26,S09,19234,15,11,41,2025,8,9,11.013,48.0,111.59,39523.0,0
txn_0003849,card_0842,merchant_001,M,job_14,travel,city_12,S01,71451,0,49,54,2025,2,27,9.334,32.0,1340.34,10532.0,0
txn_0002699,card_0703,merchant_043,F,job_10,health_fitness,city_06,S14,13076,0,6,37,2025,8,3,9.582,36.0,60.66,32896.0,0
txn_0007153,card_0317,merchant_197,M,job_23,travel,city_32,S03,86480,8,56,7,2025,12,27,21.983,64.0,357.95,62593.0,0
txn_0003992,card_0214,merchant_070,M,job_06,misc_net,city_38,S06,44438,19,10,38,2025,11,22,3.074,60.0,742.73,72219.0,0
txn_0006576,card_0229,merchant_056,F,job_20,entertainment,city_20,S09,23503,19,11,55,2025,1,8,26.313,70.0,175.67,18746.0,0
txn_0005839,card_0606,merchant_162,F,job_29,health_fitness,city_22,S04,91583,21,23,30,2025,2,26,256.914,68.0,427.18,20362.0,0
txn_0007899,card_0244,merchant_190,M,job_10,shopping_pos,city_16,S12,92885,17,14,19,2025,1,6,853.415,55.0,100.66,5607.0,1
txn_0001764,card_0864,merchant_023,M,job_18,food_dining,city_12,S11,50115,17,56,47,2025,2,9,24.27,40.0,30.05,19159.0,0
txn_0000994,card_0873,merchant_138,F,job_12,entertainment,city_11,S04,22282,16,14,47,2025,11,7,1.094,55.0,15.27,133358.0,0
txn_0000929,card_0020,merchant_159,M,job_27,grocery_pos,city_18,S09,99646,6,21,1,2025,3,22,14.913,45.0,39.61,33981.0,0
txn_0005657,card_0316,merchant_156,M,job_16,health_fitness,city_57,S07,16003,10,31,56,2025,6,20,13.179,44.0,38.37,27313.0,0
txn_0003534,card_0199,merchant_183,M,job_13,food_dining,city_16,S03,14944,7,20,56,2025,4,18,15.716,52.0,88.74,28326.0,0
txn_0000031,card_0169,merchant_053,F,job_00,travel,city_09,S03,40019,11,16,44,2025,11,8,33.791,55.0,341.7,10738.0,0
txn_0003499,card_0572,merchant_035,F,job_14,shopping_pos,city_03,S09,55585,12,30,42,2025,5,25,1.69,41.0,577.12,42923.0,0
txn_0005613,card_0671,merchant_035,M,job_11,shopping_pos,city_05,S03,57863,21,45,55,2025,12,23,6.043,35.0,125.03,6349.0,0
txn_0000360,card_0332,merchant_005,F,job_31,shopping_pos,city_31,S08,73258,17,34,39,2025,10,17,8.883,47.0,193.5,17311.0,0
txn_0005933,card_0226,merchant_057,M,job_27,travel,city_36,S09,40342,6,10,2,2025,9,18,8.276,73.0,301.28,43706.0,0
txn_0002827,card_0524,merchant_020,F,job_08,food_dining,city_44,S09,80986,23,36,47,2025,3,28,25.733,36.0,98.23,22837.0,0
txn_0006175,card_0846,merchant_154,F,job_31,gas_transport,city_34,S06,37694,21,12,36,2025,8,8,6.764,51.0,134.83,90032.0,0
txn_0005199,card_0252,merchant_022,F,job_13,grocery_pos,city_21,S14,19433,16,43,39,2025,12,14,67.489,52.0,131.84,55585.0,0
txn_0000537,card_0875,merchant_144,M,job_04,grocery_pos,city_35,S10,38814,7,18,28,2025,2,2,14.139,32.0,61.72,32732.0,0
txn_0003142,card_0763,merchant_136,M,job_17,personal_care,city_24,S00,97082,6,26,56,2025,9,7,172.998,34.0,448.87,125836.0,0
txn_0001523,card_0385,merchant_137,F,job_01,grocery_pos,city_17,S05,40575,15,48,28,2025,11,8,37.286,58.0,38.72,71781.0,0
txn_0006329,card_0633,merchant_169,F,job_06,travel,city_18,S12,33811,3,17,20,2025,2,4,22.226,30.0,306.72,16734.0,0
txn_0000709,card_0864,merchant_025,M,job_18,travel,city_12,S11,50115,5,20,24,2025,4,24,13.077,40.0,497.78,19159.0,0
txn_0004855,card_0504,merchant_080,F,job_05,grocery_pos,city_54,S04,17005,23,18,34,2025,6,8,20.921,47.0,100.64,26112.0,0
txn_0002163,card_0336,merchant_092,M,job_00,travel,city_32,S12,57145,5,28,43,2025,12,9,44.74,32.0,159.35,12691.0,0
txn_0005369,card_0533,merchant_000,F,job_17,health_fitness,city_49,S00,55216,23,42,14,2025,11,17,5.195,38.0,170.16,21434.0,0
txn_0005771,card_0339,merchant_210,M,job_01,misc_net,city_24,S02,55884,22,14,31,2025,12,23,39.304,53.0,157.02,166877.0,0
txn_0006066,card_0753,merchant_191,M,job_19,shopping_pos,city_11,S05,47206,5,37,27,2025,5,17,3.054,18.0,68.89,17182.0,0
txn_0005959,card_0329,merchant_143,M,job_09,travel,city_19,S13,76578,11,8,25,2025,6,25,17.385,36.0,421.82,53772.0,0
txn_0004740,card_0719,merchant_043,M,job_31,health_fitness,city_59,S04,13821,10,46,19,2025,8,4,136.083,57.0,539.2,18028.0,0
txn_0005359,card_0138,merchant_124,F,job_13,misc_net,city_57,S03,70133,14,13,58,2025,5,16,589.891,59.0,1976.7,60425.0,0
txn_0003999,card_0805,merchant_171,M,job_27,food_dining,city_45,S13,90524,4,46,17,2025,4,10,13.733,38.0,22.09,281058.0,0
txn_0003213,card_0405,merchant_155,M,job_21,shopping_pos,city_47,S04,95766,19,48,33,2025,11,7,42.629,31.0,129.48,126514.0,0
txn_0006800,card_0130,merchant_159,M,job_15,grocery_pos,city_05,S13,74955,2,40,40,2025,4,4,9.613,31.0,27.58,15539.0,0
txn_0002034,card_0535,merchant_123,F,job_03,grocery_pos,city_32,S08,97401,21,16,27,2025,4,4,2.989,38.0,32.5,6696.0,0
txn_0002981,card_0698,merchant_095,F,job_27,food_dining,city_01,S00,13266,10,50,25,2025,6,28,24.286,32.0,25.45,56342.0,0
txn_0002521,card_0828,merchant_184,M,job_14,gas_transport,city_36,S02,79377,8,52,30,2025,3,30,41.295,32.0,193.35,5801.0,0
txn_0002882,card_0643,merchant_027,F,job_18,misc_net,city_12,S09,12952,10,52,52,2025,12,18,13.921,54.0,311.37,45789.0,0
txn_0002655,card_0002,merchant_019,M,job_07,food_dining,city_27,S03,23960,18,36,24,2025,5,28,5.577,45.0,21.87,53166.0,0
txn_0003785,card_0428,merchant_054,F,job_21,shopping_pos,city_17,S07,72101,23,13,35,2025,1,13,6.859,33.0,94.75,5217.0,0
txn_0004955,card_0794,merchant_147,F,job_05,misc_net,city_18,S13,55794,9,11,41,2025,12,26,0.901,37.0,72.65,45592.0,0
txn_0004921,card_0464,merchant_211,F,job_17,misc_net,city_06,S01,78084,13,23,34,2025,10,14,20.655,38.0,125.91,96885.0,0
txn_0004157,card_0620,merchant_214,F,job_27,travel,city_15,S01,20058,9,19,48,2025,10,6,17.453,22.0,87.42,25494.0,0
txn_0000233,card_0221,merchant_154,F,job_02,gas_transport,city_39,S11,10991,4,55,40,2025,10,24,5.824,40.0,197.36,17798.0,0
txn_0000543,card_0415,merchant_091,M,job_09,food_dining,city_23,S07,22747,23,24,56,2025,2,17,18.838,34.0,27.46,17953.0,0
txn_0003948,card_0121,merchant_146,M,job_02,grocery_pos,city_32,S12,62419,10,19,19,2025,4,14,40.866,62.0,62.78,26512.0,0
txn_0004786,card_0208,merchant_147,F,job_30,misc_net,city_47,S01,56704,18,40,3,2025,5,20,10.496,18.0,198.59,8875.0,0
txn_0000035,card_0705,merchant_172,M,job_28,entertainment,city_06,S05,79316,10,32,45,2025,1,25,35.829,45.0,84.7,1763.0,0
txn_0001443,card_0456,merchant_002,F,job_11,food_dining,city_47,S11,86218,23,7,10,2025,9,18,44.614,48.0,37.95,19702.0,0
txn_0002704,card_0064,merchant_143,F,job_30,travel,city_50,S03,56180,1,13,50,2025,8,8,16.601,51.0,240.2,12774.0,0
txn_0000770,card_0225,merchant_154,F,job_26,gas_transport,city_28,S02,91350,15,43,54,2025,12,1,7.096,60.0,50.71,32335.0,0
txn_0006923,card_0137,merchant_095,F,job_00,food_dining,city_33,S13,57568,22,14,35,2025,6,10,17.801,56.0,133.53,51087.0,0
txn_0006390,card_0446,merchant_198,F,job_27,food_dining,city_34,S09,50702,6,47,34,2025,2,1,14.89,67.0,180.55,121235.0,0
txn_0000534,card_0620,merchant_097,F,job_27,entertainment,city_15,S01,20058,6,15,16,2025,7,18,22.573,22.0,23.81,25494.0,0
txn_0006966,card_0188,merchant_095,F,job_20,food_dining,city_12,S02,97847,17,9,11,2025,8,3,9.302,60.0,43.2,16218.0,0
txn_0003185,card_0390,merchant_184,M,job_07,gas_transport,city_21,S05,77902,23,42,52,2025,10,1,50.401,32.0,33.92,7242.0,0
txn_0001600,card_0815,merchant_214,M,job_28,travel,city_40,S14,49838,18,9,15,2025,7,6,16.151,36.0,404.76,19070.0,0
txn_0006007,card_0716,merchant_209,M,job_25,shopping_pos,city_41,S09,98095,21,20,38,2025,10,26,23.733,66.0,108.99,22861.0,0
txn_0002982,card_0665,merchant_182,M,job_14,entertainment,city_11,S11,99171,4,54,2,2025,8,10,23.919,26.0,72.78,78413.0,0
txn_0001079,card_0543,merchant_099,F,job_13,shopping_net,city_44,S07,50342,4,45,20,2025,6,23,30.44,19.0,130.61,12741.0,0
txn_0006316,card_0285,merchant_006,M,job_09,shopping_net,city_39,S09,47253,15,39,58,2025,8,30,35.55,42.0,96.58,37277.0,0
txn_0001565,card_0896,merchant_203,M,job_31,travel,city_07,S05,39680,17,45,44,2025,5,18,483.244,63.0,1462.03,66947.0,0
txn_0004812,card_0248,merchant_199,M,job_22,misc_net,city_45,S07,76637,12,1,38,2025,1,10,4.994,55.0,237.61,41744.0,0
txn_0006058,card_0315,merchant_062,M,job_03,shopping_net,city_12,S06,17033,3,15,56,2025,7,7,66.562,36.0,39.71,25992.0,0
txn_0005513,card_0068,merchant_090,F,job_29,shopping_net,city_01,S07,48337,13,9,15,2025,6,27,59.449,18.0,92.28,9723.0,0
txn_0000268,card_0785,merchant_087,M,job_16,shopping_net,city_33,S00,74892,8,1,9,2025,5,8,27.915,38.0,230.2,25749.0,0
txn_0006009,card_0010,merchant_022,M,job_24,grocery_pos,city_14,S00,60360,9,20,8,2025,1,19,37.865,55.0,13.48,30795.0,0
txn_0001536,card_0454,merchant_018,M,job_07,personal_care,city_17,S01,10527,10,34,51,2025,6,10,7.799,44.0,102.1,61504.0,0
txn_0003335,card_0835,merchant_093,M,job_25,personal_care,city_01,S01,93665,12,2,14,2025,8,8,7.826,51.0,117.78,29991.0,0
txn_0007305,card_0487,merchant_193,M,job_10,travel,city_49,S06,93623,14,10,33,2025,4,10,3.008,41.0,359.07,29828.0,0
txn_0004745,card_0318,merchant_040,M,job_25,travel,city_32,S08,15438,21,59,1,2025,8,30,6.651,52.0,390.81,27906.0,0
txn_0000521,card_0646,merchant_005,F,job_21,shopping_pos,city_46,S09,34565,6,39,32,2025,2,20,34.083,36.0,102.86,4597.0,0
txn_0000777,card_0559,merchant_048,M,job_16,food_dining,city_12,S06,12796,8,34,13,2025,1,20,16.068,56.0,121.23,24448.0,0
txn_0004072,card_0764,merchant_194,F,job_16,health_fitness,city_26,S05,62043,4,12,15,2025,10,12,4.36,44.0,61.53,4378.0,0
txn_0005836,card_0829,merchant_119,F,job_03,health_fitness,city_02,S01,93011,22,5,2,2025,8,2,24.544,48.0,63.17,11435.0,0
txn_0005969,card_0195,merchant_201,F,job_02,gas_transport,city_00,S08,34752,0,31,19,2025,4,20,24.35,28.0,20.67,45269.0,0
txn_0002755,card_0059,merchant_044,M,job_13,entertainment,city_44,S06,54415,7,50,59,2025,6,5,5.785,52.0,14.4,12110.0,0
txn_0002912,card_0425,merchant_159,F,job_06,grocery_pos,city_37,S13,22580,0,17,49,2025,12,28,80.821,42.0,131.8,116799.0,0
txn_0005655,card_0085,merchant_094,M,job_20,gas_transport,city_10,S01,23885,21,2,14,2025,2,22,30.974,49.0,72.95,6198.0,0
txn_0004197,card_0125,merchant_141,M,job_01,gas_transport,city_07,S12,99124,3,37,40,2025,10,25,16.469,51.0,67.09,13467.0,0
txn_0000815,card_0633,merchant_144,F,job_06,grocery_pos,city_18,S12,33811,23,46,49,2025,8,23,26.912,30.0,54.98,16734.0,0
txn_0000928,card_0660,merchant_202,F,job_09,shopping_pos,city_20,S14,30335,19,0,53,2025,7,21,31.777,23.0,20.7,15613.0,0
txn_0000438,card_0516,merchant_032,M,job_20,travel,city_05,S00,11675,2,20,43,2025,6,22,18.196,46.0,491.59,80145.0,0
txn_0003881,card_0584,merchant_168,F,job_13,entertainment,city_11,S06,15013,11,15,53,2025,10,8,19.691,49.0,155.17,8517.0,0
txn_0001338,card_0583,merchant_184,F,job_03,gas_transport,city_23,S01,86735,15,19,13,2025,9,2,13.687,59.0,92.25,15548.0,0
txn_0006964,card_0704,merchant_147,F,job_03,misc_net,city_03,S05,70188,10,37,32,2025,3,5,58.964,38.0,116.6,65050.0,0
txn_0007240,card_0312,merchant_203,F,job_14,travel,city_54,S00,27228,11,20,23,2025,11,11,61.004,47.0,532.61,27706.0,0
txn_0006124,card_0721,merchant_179,M,job_00,shopping_pos,city_02,S11,50338,18,15,7,2025,2,15,6.346,47.0,66.07,83448.0,0
txn_0005575,card_0427,merchant_139,M,job_02,food_dining,city_55,S13,49696,6,10,39,2025,6,28,117.757,65.0,67.17,6480.0,0
txn_0002112,card_0724,merchant_098,M,job_17,grocery_pos,city_03,S09,97406,12,53,31,2025,6,16,27.16,35.0,50.36,17517.0,0
txn_0006603,card_0011,merchant_131,M,job_05,grocery_pos,city_39,S00,71432,23,11,10,2025,6,18,20.735,58.0,78.44,82083.0,0
txn_0005178,card_0230,merchant_043,F,job_13,health_fitness,city_33,S02,90762,19,13,31,2025,3,21,14.685,23.0,70.14,24810.0,0
txn_0004691,card_0055,merchant_144,F,job_19,grocery_pos,city_51,S13,53342,2,17,5,2025,4,4,12.959,27.0,97.82,11198.0,0
txn_0003711,card_0846,merchant_135,F,job_31,shopping_net,city_34,S06,37694,10,4,42,2025,6,13,8.709,51.0,172.15,90032.0,0
txn_0004080,card_0556,merchant_000,M,job_31,health_fitness,city_24,S02,73609,22,46,42,2025,4,13,36.073,53.0,126.46,19286.0,0
txn_0003475,card_0816,merchant_216,F,job_20,entertainment,city_59,S02,52389,17,8,10,2025,5,16,36.842,35.0,60.72,17741.0,0
txn_0005728,card_0560,merchant_077,M,job_25,food_dining,city_38,S06,46288,15,3,58,2025,1,19,1.002,34.0,62.37,24708.0,0
txn_0003385,card_0378,merchant_016,F,job_00,travel,city_37,S03,58807,13,16,3,2025,4,8,24.045,62.0,1181.29,75960.0,0
txn_0003382,card_0371,merchant_081,M,job_03,shopping_net,city_44,S07,93399,2,19,54,2025,12,29,6.927,53.0,690.94,17976.0,0
txn_0004613,card_0105,merchant_072,M,job_29,entertainment,city_14,S14,55018,7,50,6,2025,6,10,32.319,37.0,16.51,17277.0,0
txn_0005538,card_0696,merchant_206,M,job_21,grocery_pos,city_48,S06,50094,8,54,20,2025,2,27,10.254,58.0,43.49,4630.0,0
txn_0006452,card_0179,merchant_037,M,job_26,shopping_net,city_47,S14,50164,19,36,22,2025,3,17,3.935,43.0,205.33,16322.0,0
txn_0007771,card_0495,merchant_219,F,job_18,misc_net,city_48,S02,59228,15,5,5,2025,5,15,24.82,57.0,462.35,294413.0,0
txn_0001501,card_0021,merchant_047,F,job_18,personal_care,city_45,S10,30012,11,39,56,2025,5,11,26.237,33.0,32.61,29305.0,0
txn_0003839,card_0495,merchant_133,F,job_18,grocery_pos,city_48,S02,59228,20,1,15,2025,10,14,59.482,57.0,93.79,294413.0,0
txn_0002052,card_0524,merchant_087,F,job_08,shopping_net,city_44,S09,80986,3,59,8,2025,12,16,39.143,36.0,171.26,22837.0,0
txn_0006234,card_0801,merchant_165,F,job_05,shopping_net,city_12,S09,20680,20,5,46,2025,11,2,37.157,54.0,221.21,47218.0,0
txn_0006794,card_0601,merchant_081,M,job_08,shopping_net,city_33,S03,77239,3,13,42,2025,4,18,3.559,58.0,466.58,9981.0,0
txn_0003581,card_0516,merchant_019,M,job_20,food_dining,city_05,S00,11675,7,53,52,2025,9,1,29.736,46.0,61.01,80145.0,0
txn_0007884,card_0859,merchant_113,M,job_18,grocery_pos,city_09,S07,68835,11,43,4,2025,4,3,38.315,40.0,98.03,10627.0,0
txn_0001720,card_0034,merchant_170,M,job_14,grocery_pos,city_24,S06,96482,19,22,44,2025,12,2,50.496,31.0,31.92,14379.0,0
txn_0003607,card_0432,merchant_168,M,job_13,entertainment,city_56,S11,34197,0,50,59,2025,3,25,24.228,43.0,62.53,89949.0,0
txn_0007977,card_0697,merchant_211,M,job_23,misc_net,city_53,S14,79307,19,43,23,2025,7,28,41.761,45.0,87.45,8472.0,1
txn_0001738,card_0807,merchant_117,F,job_29,entertainment,city_15,S12,26737,6,46,21,2025,12,24,12.961,59.0,199.94,8537.0,0
txn_0007395,card_0543,merchant_002,F,job_13,food_dining,city_44,S07,50342,7,57,49,2025,9,22,672.93,19.0,1134.61,12741.0,1
txn_0002327,card_0865,merchant_094,M,job_29,gas_transport,city_32,S03,18461,11,41,51,2025,12,22,24.882,44.0,39.89,10893.0,0
txn_0004405,card_0531,merchant_169,F,job_05,travel,city_51,S03,93708,16,38,55,2025,5,9,495.064,26.0,1566.25,80066.0,1
txn_0004759,card_0055,merchant_037,F,job_19,shopping_net,city_51,S13,53342,18,36,53,2025,9,24,3.274,27.0,341.54,11198.0,0
txn_0003740,card_0463,merchant_112,F,job_06,personal_care,city_30,S04,56361,22,30,0,2025,5,5,57.039,24.0,23.17,20540.0,0
txn_0007223,card_0410,merchant_158,F,job_16,grocery_pos,city_41,S08,41771,21,41,17,2025,1,26,36.985,21.0,61.09,40567.0,0
txn_0001990,card_0847,merchant_043,F,job_12,health_fitness,city_47,S13,27103,19,2,28,2025,2,25,57.874,51.0,213.96,3395.0,0
txn_0005663,card_0278,merchant_021,F,job_08,shopping_pos,city_15,S04,26043,0,14,11,2025,1,26,43.123,55.0,205.64,9274.0,0
txn_0002544,card_0071,merchant_149,F,job_13,misc_net,city_12,S00,18566,15,2,38,2025,5,12,13.587,29.0,167.22,48466.0,0
txn_0000368,card_0127,merchant_037,M,job_08,shopping_net,city_07,S14,57409,7,49,10,2025,10,7,1.447,65.0,337.49,22863.0,0
txn_0006893,card_0575,merchant_133,F,job_09,grocery_pos,city_59,S13,41397,7,25,28,2025,4,3,21.158,81.0,67.9,175172.0,0
txn_0007917,card_0200,merchant_144,F,job_15,grocery_pos,city_52,S07,93080,21,49,35,2025,11,21,22.095,38.0,86.51,42203.0,0
txn_0007460,card_0863,merchant_060,M,job_19,entertainment,city_29,S11,68990,16,13,28,2025,7,16,33.738,46.0,57.72,15443.0,0
txn_0003815,card_0470,merchant_195,M,job_28,misc_net,city_19,S09,18743,18,57,1,2025,9,23,17.773,54.0,107.22,50297.0,0
txn_0005656,card_0560,merchant_143,M,job_25,travel,city_38,S06,46288,5,32,25,2025,5,12,32.768,34.0,192.23,24708.0,0
txn_0002252,card_0070,merchant_069,M,job_09,shopping_pos,city_02,S09,22964,23,56,12,2025,1,17,3.376,50.0,278.75,70559.0,0
txn_0007324,card_0195,merchant_211,F,job_02,misc_net,city_00,S08,34752,10,40,48,2025,9,17,101.613,28.0,140.79,45269.0,0
txn_0004916,card_0228,merchant_149,M,job_17,misc_net,city_31,S02,71351,6,43,22,2025,12,27,3.774,44.0,74.26,12409.0,0
txn_0003837,card_0055,merchant_015,F,job_19,health_fitness,city_51,S13,53342,3,25,20,2025,9,9,31.987,27.0,33.01,11198.0,0
txn_0003820,card_0332,merchant_145,F,job_31,health_fitness,city_31,S08,73258,13,5,46,2025,5,22,31.652,47.0,63.74,17311.0,0
txn_0000581,card_0897,merchant_026,F,job_05,shopping_pos,city_25,S08,44933,7,51,14,2025,6,18,896.917,35.0,276.81,19040.0,1
txn_0005792,card_0029,merchant_053,F,job_18,travel,city_58,S06,84676,15,38,8,2025,7,15,25.121,48.0,191.37,35232.0,0
txn_0006280,card_0481,merchant_125,M,job_09,gas_transport,city_21,S02,35632,14,53,58,2025,3,31,8.604,41.0,59.75,189955.0,0
txn_0006221,card_0724,merchant_127,M,job_17,food_dining,city_03,S09,97406,22,33,52,2025,12,6,1.069,35.0,75.47,17517.0,0
txn_0004592,card_0755,merchant_033,F,job_07,food_dining,city_06,S12,84151,22,40,15,2025,7,5,13.453,30.0,24.61,3744.0,0
txn_0005977,card_0003,merchant_146,F,job_28,grocery_pos,city_15,S12,66118,14,12,11,2025,3,17,3.435,52.0,17.5,69748.0,0
txn_0002617,card_0424,merchant_196,F,job_27,shopping_pos,city_24,S06,50924,18,30,27,2025,6,10,70.718,36.0,184.02,9697.0,0
txn_0004982,card_0108,merchant_217,F,job_23,personal_care,city_02,S11,54287,18,50,10,2025,8,14,11.464,62.0,64.8,67568.0,0
txn_0006220,card_0339,merchant_205,M,job_01,personal_care,city_24,S02,55884,14,45,40,2025,10,4,30.237,53.0,24.32,166877.0,0
txn_0002923,card_0490,merchant_002,M,job_09,food_dining,city_23,S00,76340,8,39,41,2025,12,21,47.833,26.0,28.39,23165.0,0
txn_0000140,card_0650,merchant_179,F,job_08,shopping_pos,city_50,S02,47638,16,27,25,2025,9,9,13.254,42.0,257.76,18361.0,0
txn_0004337,card_0376,merchant_124,M,job_21,misc_net,city_06,S01,67960,12,38,18,2025,4,24,36.69,33.0,143.89,2871.0,0
txn_0000743,card_0485,merchant_102,F,job_07,shopping_pos,city_49,S14,66911,7,41,27,2025,6,2,14.057,46.0,249.23,185783.0,0
txn_0007461,card_0714,merchant_181,M,job_01,travel,city_06,S08,77675,6,25,31,2025,7,28,119.589,49.0,212.91,76783.0,0
txn_0005866,card_0820,merchant_152,F,job_02,entertainment,city_50,S12,74936,6,27,12,2025,6,7,8.86,27.0,117.16,33627.0,0
txn_0007749,card_0364,merchant_187,F,job_07,misc_net,city_57,S10,27982,10,16,12,2025,8,17,57.681,60.0,91.22,39793.0,0
txn_0001273,card_0564,merchant_183,M,job_27,food_dining,city_45,S07,74292,21,59,53,2025,9,8,18.826,36.0,82.95,20561.0,0
txn_0007482,card_0406,merchant_146,F,job_08,grocery_pos,city_08,S12,32627,8,35,19,2025,3,9,3.256,30.0,35.32,20308.0,0
txn_0000449,card_0343,merchant_027,M,job_15,misc_net,city_36,S07,97250,16,2,42,2025,10,6,11.058,55.0,85.11,16757.0,0
txn_0003143,card_0474,merchant_057,M,job_28,travel,city_10,S14,39215,15,5,35,2025,6,15,110.774,41.0,463.39,13248.0,0
txn_0005320,card_0708,merchant_165,F,job_07,shopping_net,city_24,S09,82255,6,37,23,2025,12,30,4.95,27.0,52.78,22052.0,0
txn_0002511,card_0007,merchant_111,M,job_05,travel,city_28,S04,72417,3,9,40,2025,8,26,48.893,50.0,488.56,27772.0,0
txn_0002580,card_0661,merchant_065,M,job_08,health_fitness,city_12,S11,28190,5,12,10,2025,3,22,5.101,53.0,19.87,52020.0,0
txn_0004317,card_0256,merchant_112,M,job_03,personal_care,city_44,S01,42314,6,45,48,2025,2,19,49.591,58.0,35.29,13076.0,0
txn_0007745,card_0268,merchant_115,M,job_31,gas_transport,city_19,S10,29944,6,8,58,2025,1,31,30.731,53.0,201.73,32962.0,0
txn_0004440,card_0194,merchant_024,M,job_10,shopping_pos,city_45,S03,90259,2,17,53,2025,6,25,7.643,32.0,43.11,13589.0,0
txn_0002897,card_0006,merchant_007,F,job_13,misc_net,city_00,S10,39469,23,23,52,2025,10,4,65.54,38.0,228.87,51966.0,0
txn_0005580,card_0455,merchant_029,M,job_15,entertainment,city_41,S12,44005,21,27,19,2025,10,18,5.648,36.0,56.5,18907.0,0
txn_0007538,card_0102,merchant_189,M,job_17,shopping_pos,city_43,S14,32498,0,23,26,2025,10,26,45.706,18.0,98.48,17922.0,0
txn_0006188,card_0576,merchant_172,M,job_15,entertainment,city_51,S01,37311,14,32,48,2025,1,2,8.656,52.0,61.26,8542.0,0
txn_0007975,card_0021,merchant_102,F,job_18,shopping_pos,city_45,S10,30012,7,39,23,2025,10,6,7.287,33.0,775.53,29305.0,0
txn_0003652,card_0775,merchant_191,M,job_31,shopping_pos,city_19,S03,62574,22,21,49,2025,5,10,32.039,48.0,128.04,36379.0,0
txn_0006239,card_0157,merchant_022,M,job_24,grocery_pos,city_31,S11,59254,19,15,27,2025,9,4,52.598,49.0,109.96,126033.0,0
txn_0001010,card_0317,merchant_160,M,job_23,travel,city_32,S03,86480,18,30,7,2025,10,5,1.623,64.0,132.55,62593.0,0
txn_0002750,card_0515,merchant_214,F,job_25,travel,city_00,S03,52738,23,43,16,2025,8,6,12.857,45.0,622.29,57628.0,0
txn_0001715,card_0518,merchant_138,F,job_27,entertainment,city_51,S14,28673,7,59,32,2025,8,12,30.035,59.0,117.56,34482.0,0
txn_0005160,card_0044,merchant_058,F,job_04,shopping_pos,city_44,S02,96307,12,0,12,2025,4,24,93.008,51.0,107.46,16354.0,0
txn_0000201,card_0673,merchant_152,F,job_26,entertainment,city_12,S07,38312,7,33,47,2025,10,31,24.699,18.0,131.13,42028.0,0
txn_0001670,card_0054,merchant_140,F,job_25,misc_net,city_06,S14,70175,8,4,2,2025,1,14,23.756,58.0,153.03,13250.0,0
txn_0007029,card_0532,merchant_124,F,job_05,misc_net,city_16,S10,75729,15,51,48,2025,9,15,3.621,68.0,178.35,12673.0,0
txn_0002248,card_0493,merchant_086,M,job_23,entertainment,city_44,S02,50043,16,3,33,2025,12,5,28.065,39.0,183.5,38107.0,0
txn_0006690,card_0132,merchant_207,F,job_23,food_dining,city_50,S04,46177,4,36,50,2025,4,10,40.986,48.0,46.97,8306.0,0
txn_0007361,card_0175,merchant_149,F,job_05,misc_net,city_03,S07,26983,7,32,47,2025,2,6,130.117,18.0,272.93,7848.0,0
txn_0002766,card_0465,merchant_073,M,job_00,shopping_net,city_05,S06,41034,8,54,43,2025,9,27,9.09,46.0,81.09,130170.0,0
txn_0001339,card_0131,merchant_204,M,job_05,misc_net,city_28,S11,87396,3,49,35,2025,4,13,15.294,22.0,94.81,110180.0,0
txn_0003793,card_0559,merchant_136,M,job_16,personal_care,city_12,S06,12796,14,49,37,2025,9,12,7.989,56.0,24.36,24448.0,0
txn_0001115,card_0634,merchant_087,F,job_26,shopping_net,city_27,S01,33293,21,49,1,2025,6,15,27.141,51.0,66.29,26134.0,0
txn_0002504,card_0394,merchant_103,M,job_30,gas_transport,city_39,S13,56031,22,40,1,2025,2,5,11.532,21.0,39.12,102828.0,0
txn_0004378,card_0557,merchant_032,M,job_14,travel,city_13,S02,37125,0,52,1,2025,8,6,160.701,49.0,397.35,165286.0,0
txn_0004260,card_0211,merchant_211,M,job_07,misc_net,city_23,S01,50021,4,10,59,2025,6,9,7.094,66.0,159.51,46519.0,0
txn_0001988,card_0251,merchant_019,F,job_16,food_dining,city_18,S07,14136,10,18,17,2025,1,11,30.776,38.0,51.44,37061.0,0
txn_0002717,card_0303,merchant_052,M,job_24,entertainment,city_07,S14,11084,0,35,36,2025,2,24,32.476,51.0,73.28,69693.0,0
txn_0003018,card_0607,merchant_147,M,job_15,misc_net,city_42,S02,94320,1,4,7,2025,12,8,1.901,18.0,234.7,44221.0,0
txn_0000868,card_0114,merchant_135,M,job_16,shopping_net,city_19,S02,75298,6,50,15,2025,7,15,58.848,51.0,99.01,67304.0,0
txn_0007547,card_0853,merchant_137,F,job_12,grocery_pos,city_22,S10,73473,14,2,26,2025,1,30,12.857,43.0,25.03,16192.0,0
txn_0004415,card_0610,merchant_046,M,job_10,entertainment,city_31,S07,23593,4,8,44,2025,2,16,208.053,35.0,39.8,38966.0,0
txn_0007811,card_0588,merchant_141,M,job_03,gas_transport,city_57,S02,13776,9,6,6,2025,8,24,9.063,36.0,82.82,336544.0,0
txn_0004174,card_0696,merchant_131,M,job_21,grocery_pos,city_48,S06,50094,1,45,27,2025,5,29,29.272,58.0,145.65,4630.0,0
txn_0003279,card_0806,merchant_212,M,job_31,gas_transport,city_31,S12,33286,8,52,19,2025,6,23,6.568,18.0,59.2,4940.0,0
txn_0004686,card_0188,merchant_209,F,job_20,shopping_pos,city_12,S02,97847,21,55,2,2025,11,25,3.435,60.0,343.8,16218.0,0
txn_0003305,card_0697,merchant_216,M,job_23,entertainment,city_53,S14,79307,10,35,50,2025,12,12,4.405,45.0,163.76,8472.0,0
txn_0006989,card_0229,merchant_076,F,job_20,entertainment,city_20,S09,23503,23,24,42,2025,5,29,11.754,70.0,118.72,18746.0,0
txn_0000923,card_0359,merchant_182,M,job_25,entertainment,city_20,S04,29371,19,39,32,2025,7,31,21.068,65.0,81.23,52692.0,0
txn_0000071,card_0369,merchant_122,M,job_01,shopping_pos,city_58,S01,65678,10,57,5,2025,1,28,32.3,51.0,125.85,62094.0,0
txn_0006767,card_0041,merchant_179,M,job_12,shopping_pos,city_05,S01,93516,4,32,9,2025,9,27,10.808,33.0,140.67,504722.0,0
txn_0004467,card_0398,merchant_097,F,job_16,entertainment,city_34,S02,75813,22,19,27,2025,9,27,6.456,18.0,170.55,19313.0,0
txn_0004448,card_0055,merchant_205,F,job_19,personal_care,city_51,S13,53342,5,45,10,2025,10,14,20.048,27.0,28.71,11198.0,0
txn_0007084,card_0202,merchant_078,F,job_29,travel,city_23,S12,82464,4,8,46,2025,6,12,15.329,48.0,570.09,62282.0,0
txn_0005799,card_0574,merchant_107,F,job_31,personal_care,city_41,S03,46045,18,56,5,2025,3,23,12.466,38.0,83.18,6242.0,0
txn_0002599,card_0040,merchant_202,F,job_22,shopping_pos,city_25,S02,74929,20,26,26,2025,11,11,18.306,61.0,76.71,20146.0,0
txn_0000653,card_0342,merchant_077,M,job_30,food_dining,city_57,S04,93507,3,50,23,2025,5,2,500.744,40.0,297.79,25951.0,0
txn_0006364,card_0600,merchant_049,M,job_16,gas_transport,city_00,S09,71059,7,6,38,2025,4,15,55.507,40.0,56.53,23145.0,0
txn_0004836,card_0727,merchant_150,F,job_18,gas_transport,city_56,S13,48258,22,16,41,2025,9,17,7.925,48.0,27.66,30669.0,0
txn_0006036,card_0269,merchant_006,M,job_29,shopping_net,city_25,S09,74052,16,4,2,2025,12,23,1.984,44.0,113.37,27576.0,0
txn_0005607,card_0536,merchant_056,F,job_13,entertainment,city_27,S05,97654,7,37,52,2025,10,20,2.791,31.0,128.78,18702.0,0
txn_0006865,card_0479,merchant_130,F,job_17,personal_care,city_40,S02,78745,0,6,44,2025,2,23,64.429,50.0,20.24,6390.0,0
txn_0002986,card_0851,merchant_030,M,job_28,health_fitness,city_52,S07,32797,10,8,17,2025,7,1,6.591,31.0,59.07,264041.0,0
txn_0006522,card_0094,merchant_216,M,job_16,entertainment,city_08,S01,45575,23,15,3,2025,3,11,122.795,60.0,234.28,21681.0,0
txn_0000577,card_0144,merchant_103,M,job_22,gas_transport,city_22,S06,31741,15,12,43,2025,1,4,57.102,55.0,35.11,39542.0,0
txn_0005911,card_0822,merchant_117,F,job_20,entertainment,city_06,S12,78759,23,2,53,2025,1,26,36.216,50.0,55.93,8090.0,0
txn_0005700,card_0808,merchant_202,F,job_07,shopping_pos,city_31,S00,33457,5,30,13,2025,4,16,656.464,40.0,291.51,8599.0,0
txn_0004401,card_0898,merchant_182,F,job_15,entertainment,city_07,S04,32002,22,37,55,2025,10,30,8.223,72.0,101.71,12713.0,0
txn_0001491,card_0710,merchant_036,M,job_24,entertainment,city_11,S01,56746,10,55,52,2025,7,26,12.429,37.0,161.42,31810.0,0
txn_0007080,card_0693,merchant_115,M,job_00,gas_transport,city_36,S02,18490,9,41,40,2025,10,17,32.261,35.0,101.32,50121.0,0
txn_0004304,card_0393,merchant_157,M,job_00,health_fitness,city_13,S03,35660,15,59,2,2025,1,27,30.119,54.0,93.88,30991.0,0
txn_0003399,card_0388,merchant_173,M,job_03,misc_net,city_27,S03,47363,21,59,56,2025,8,29,27.872,48.0,47.22,26622.0,0
txn_0006557,card_0647,merchant_030,M,job_27,health_fitness,city_38,S01,27364,17,11,58,2025,7,24,10.515,35.0,204.38,59874.0,0
txn_0005502,card_0145,merchant_049,M,job_04,gas_transport,city_07,S06,98704,21,54,19,2025,12,5,0.475,30.0,87.96,34097.0,0
txn_0001723,card_0598,merchant_189,M,job_14,shopping_pos,city_15,S08,95727,22,46,21,2025,4,5,35.365,52.0,74.37,8417.0,0
txn_0006504,card_0375,merchant_159,F,job_22,grocery_pos,city_45,S11,72362,4,0,53,2025,10,26,7.966,49.0,44.94,44835.0,0
txn_0002575,card_0798,merchant_135,F,job_11,shopping_net,city_58,S01,16283,23,37,10,2025,1,28,75.656,55.0,177.22,12881.0,0
txn_0003456,card_0102,merchant_215,M,job_17,entertainment,city_43,S14,32498,6,40,9,2025,5,6,6.552,18.0,41.6,17922.0,0
txn_0001457,card_0210,merchant_153,F,job_20,grocery_pos,city_29,S01,30599,18,3,1,2025,11,9,30.519,31.0,14.92,14674.0,0
txn_0007824,card_0004,merchant_058,F,job_14,shopping_pos,city_07,S01,93225,3,15,37,2025,1,29,6.912,59.0,175.76,22681.0,0
txn_0001067,card_0474,merchant_053,M,job_28,travel,city_10,S14,39215,10,37,56,2025,11,23,2.16,41.0,423.4,13248.0,0
txn_0000203,card_0252,merchant_200,F,job_13,shopping_pos,city_21,S14,19433,2,40,58,2025,4,27,42.821,52.0,116.36,55585.0,0
txn_0000668,card_0650,merchant_134,F,job_08,misc_net,city_50,S02,47638,7,37,22,2025,8,2,29.849,42.0,632.17,18361.0,0
txn_0000116,card_0237,merchant_017,F,job_11,shopping_net,city_02,S10,63947,22,45,10,2025,6,20,37.067,48.0,406.04,39656.0,0
txn_0006415,card_0263,merchant_038,M,job_17,food_dining,city_43,S01,64935,18,23,42,2025,10,14,16.872,27.0,37.72,9621.0,0
txn_0004283,card_0018,merchant_055,M,job_08,grocery_pos,city_08,S08,49165,11,35,43,2025,2,27,46.627,35.0,25.35,10677.0,0
txn_0006246,card_0074,merchant_216,M,job_04,entertainment,city_24,S08,68154,4,4,18,2025,5,4,6.765,46.0,33.66,52934.0,0
txn_0005767,card_0010,merchant_104,M,job_24,shopping_net,city_14,S00,60360,2,59,25,2025,4,21,19.445,55.0,465.47,30795.0,0
txn_0001796,card_0652,merchant_114,F,job_17,travel,city_05,S01,98218,23,37,48,2025,12,3,2.97,63.0,140.64,20375.0,0
txn_0006197,card_0176,merchant_018,M,job_22,personal_care,city_55,S09,57916,4,37,26,2025,10,4,12.752,51.0,50.65,63646.0,0
txn_0001479,card_0706,merchant_010,F,job_04,health_fitness,city_27,S05,76528,16,42,5,2025,1,24,18.543,60.0,85.0,10596.0,0
txn_0007516,card_0544,merchant_024,M,job_04,shopping_pos,city_35,S10,21600,22,43,14,2025,2,19,47.391,58.0,29.19,18509.0,0
txn_0002764,card_0209,merchant_051,M,job_01,misc_net,city_37,S05,64590,5,6,29,2025,10,15,4.1,36.0,183.11,15617.0,0
txn_0005107,card_0679,merchant_209,M,job_19,shopping_pos,city_08,S05,85983,9,53,8,2025,1,13,18.575,50.0,125.16,3693.0,0
txn_0005164,card_0689,merchant_049,M,job_00,gas_transport,city_21,S10,37761,10,26,27,2025,3,21,40.064,39.0,89.06,14870.0,0
txn_0000309,card_0039,merchant_217,M,job_16,personal_care,city_33,S05,65774,23,14,32,2025,9,10,25.278,40.0,16.35,174940.0,0
txn_0004913,card_0163,merchant_215,F,job_22,entertainment,city_49,S09,67299,18,34,21,2025,2,17,18.727,51.0,204.31,122016.0,0
txn_0000716,card_0685,merchant_017,M,job_10,shopping_net,city_21,S03,79018,3,52,49,2025,7,22,11.517,48.0,142.68,7218.0,1
txn_0006950,card_0190,merchant_119,M,job_16,health_fitness,city_31,S02,20080,9,57,22,2025,11,10,65.745,18.0,47.05,19592.0,0
txn_0003281,card_0390,merchant_138,M,job_07,entertainment,city_21,S05,77902,19,25,29,2025,7,25,38.546,32.0,37.8,7242.0,0
txn_0003396,card_0693,merchant_097,M,job_00,entertainment,city_36,S02,18490,12,13,29,2025,5,30,32.012,35.0,92.46,50121.0,0
txn_0005748,card_0191,merchant_171,M,job_14,food_dining,city_26,S08,25929,19,16,7,2025,8,7,25.756,54.0,34.76,32124.0,0
txn_0005374,card_0636,merchant_192,F,job_04,health_fitness,city_38,S07,95029,2,0,11,2025,5,24,7.013,52.0,31.6,14943.0,0
txn_0004828,card_0263,merchant_034,M,job_17,misc_net,city_43,S01,64935,1,47,45,2025,4,2,12.062,27.0,173.05,9621.0,0
txn_0005135,card_0330,merchant_195,M,job_26,misc_net,city_43,S10,73796,20,35,48,2025,7,25,29.899,60.0,325.71,4890.0,0
txn_0007756,card_0741,merchant_124,M,job_01,misc_net,city_58,S00,47596,22,10,38,2025,10,5,8.032,62.0,184.74,22294.0,0
txn_0001270,card_0766,merchant_127,M,job_24,food_dining,city_48,S08,24941,14,47,5,2025,7,2,30.409,64.0,122.35,36952.0,0
txn_0000167,card_0821,merchant_012,M,job_23,personal_care,city_23,S04,99977,19,4,29,2025,3,24,45.41,65.0,63.35,17745.0,0
txn_0000128,card_0394,merchant_096,M,job_30,misc_net,city_39,S13,56031,5,27,48,2025,10,2,57.094,21.0,165.62,102828.0,0
txn_0002798,card_0542,merchant_219,F,job_29,misc_net,city_32,S13,24699,4,48,19,2025,7,31,3.003,32.0,156.02,22241.0,0
txn_0001264,card_0365,merchant_129,M,job_01,travel,city_55,S08,86654,1,20,18,2025,5,20,3.103,31.0,127.96,191740.0,0
txn_0000274,card_0547,merchant_182,M,job_30,entertainment,city_45,S01,86991,11,34,20,2025,11,26,8.802,37.0,31.84,16431.0,0
txn_0002446,card_0439,merchant_038,F,job_13,food_dining,city_53,S07,43634,5,39,28,2025,3,3,45.887,36.0,11.05,10784.0,0
txn_0002816,card_0776,merchant_060,F,job_04,entertainment,city_16,S08,38487,1,37,47,2025,6,25,62.172,33.0,140.25,7917.0,0
txn_0004509,card_0153,merchant_090,F,job_30,shopping_net,city_27,S01,34221,20,36,59,2025,9,10,16.936,47.0,101.19,63967.0,0
txn_0001973,card_0738,merchant_093,M,job_05,personal_care,city_31,S14,76634,16,4,50,2025,9,24,14.557,38.0,25.98,17700.0,0
txn_0003940,card_0199,merchant_133,M,job_13,grocery_pos,city_16,S03,14944,15,38,13,2025,12,5,373.671,52.0,459.62,28326.0,0
txn_0000732,card_0009,merchant_123,F,job_02,grocery_pos,city_57,S13,70726,10,7,29,2025,11,26,30.171,38.0,71.91,10797.0,0
txn_0001555,card_0237,merchant_205,F,job_11,personal_care,city_02,S10,63947,7,30,12,2025,6,24,27.891,48.0,44.27,39656.0,0
txn_0005185,card_0771,merchant_176,M,job_18,travel,city_55,S11,25297,17,57,11,2025,8,10,28.191,43.0,730.3,8722.0,0
txn_0004599,card_0059,merchant_215,M,job_13,entertainment,city_44,S06,54415,9,12,17,2025,5,19,17.688,52.0,132.45,12110.0,0
txn_0001945,card_0551,merchant_069,F,job_01,shopping_pos,city_45,S11,57764,7,14,56,2025,6,10,0.616,38.0,54.46,31467.0,0
txn_0007436,card_0710,merchant_152,M,job_24,entertainment,city_11,S01,56746,17,52,50,2025,5,12,23.174,37.0,59.38,31810.0,0
txn_0006896,card_0138,merchant_167,F,job_13,health_fitness,city_57,S03,70133,23,33,39,2025,11,4,54.306,59.0,44.3,60425.0,0
txn_0003706,card_0026,merchant_170,F,job_17,grocery_pos,city_06,S02,79385,9,54,22,2025,10,9,42.896,46.0,18.52,23326.0,0
txn_0001371,card_0108,merchant_072,F,job_23,entertainment,city_02,S11,54287,20,53,2,2025,2,12,22.635,62.0,68.55,67568.0,0
txn_0005901,card_0775,merchant_161,M,job_31,shopping_pos,city_19,S03,62574,0,10,3,2025,6,13,132.222,48.0,179.52,36379.0,0
txn_0006063,card_0715,merchant_179,M,job_05,shopping_pos,city_49,S06,34832,18,58,23,2025,4,25,50.958,71.0,244.45,11708.0,0
txn_0003615,card_0062,merchant_159,F,job_26,grocery_pos,city_50,S05,97129,10,24,45,2025,8,6,11.436,46.0,76.12,42395.0,0
txn_0003595,card_0732,merchant_205,M,job_02,personal_care,city_55,S03,87498,9,32,53,2025,8,29,75.263,60.0,55.16,20377.0,0
txn_0001829,card_0363,merchant_133,M,job_26,grocery_pos,city_54,S01,44037,11,5,24,2025,3,9,4.542,68.0,41.58,6117.0,0
txn_0000175,card_0744,merchant_182,M,job_04,entertainment,city_48,S13,43701,21,17,21,2025,10,9,33.995,42.0,68.21,26529.0,0
txn_0007588,card_0470,merchant_212,M,job_28,gas_transport,city_19,S09,18743,4,24,14,2025,8,27,14.7,54.0,60.86,50297.0,0
txn_0004302,card_0355,merchant_162,M,job_02,health_fitness,city_29,S07,94830,13,47,14,2025,1,21,10.933,39.0,80.48,10445.0,0
txn_0005763,card_0531,merchant_001,F,job_05,travel,city_51,S03,93708,19,44,32,2025,7,9,31.481,26.0,64.4,80066.0,0
txn_0000580,card_0866,merchant_009,M,job_16,grocery_pos,city_14,S06,81918,10,50,6,2025,9,21,23.164,48.0,146.66,9002.0,0
txn_0002295,card_0653,merchant_052,M,job_19,entertainment,city_28,S10,40510,1,59,56,2025,6,10,32.893,47.0,33.11,51936.0,0
txn_0003390,card_0201,merchant_188,M,job_15,personal_care,city_03,S12,62354,14,16,29,2025,5,5,113.492,58.0,70.03,191338.0,0
txn_0002970,card_0576,merchant_189,M,job_15,shopping_pos,city_51,S01,37311,1,5,31,2025,7,8,6.697,52.0,185.74,8542.0,0
txn_0001313,card_0858,merchant_215,M,job_18,entertainment,city_40,S02,20484,21,38,39,2025,7,30,26.374,35.0,16.45,12979.0,0
txn_0000558,card_0351,merchant_017,F,job_13,shopping_net,city_19,S02,29761,16,35,34,2025,2,4,8.32,42.0,28.53,49227.0,0
txn_0007473,card_0700,merchant_101,M,job_09,health_fitness,city_41,S12,34890,20,14,58,2025,3,18,36.332,36.0,277.46,17692.0,0
txn_0005841,card_0606,merchant_177,F,job_29,gas_transport,city_22,S04,91583,17,5,46,2025,10,14,1.728,68.0,104.78,20362.0,0
txn_0000619,card_0438,merchant_082,F,job_24,gas_transport,city_28,S07,37551,9,46,21,2025,12,8,7.687,53.0,70.81,57705.0,0
txn_0001230,card_0400,merchant_202,M,job_24,shopping_pos,city_21,S05,38573,4,37,14,2025,6,24,7.873,36.0,186.8,19081.0,0
txn_0002462,card_0583,merchant_115,F,job_03,gas_transport,city_23,S01,86735,12,36,38,2025,7,1,22.937,59.0,62.8,15548.0,0
txn_0003435,card_0787,merchant_123,M,job_13,grocery_pos,city_19,S14,15296,20,28,32,2025,8,24,44.86,66.0,67.29,16097.0,0
txn_0004716,card_0315,merchant_077,M,job_03,food_dining,city_12,S06,17033,18,6,23,2025,9,20,40.293,36.0,71.94,25992.0,0
txn_0005819,card_0602,merchant_085,M,job_07,shopping_net,city_44,S09,40958,14,15,55,2025,4,1,11.047,56.0,141.59,11603.0,0
txn_0007730,card_0226,merchant_120,M,job_27,health_fitness,city_36,S09,40342,12,46,27,2025,5,13,9.333,73.0,71.13,43706.0,0
txn_0006991,card_0704,merchant_219,F,job_03,misc_net,city_03,S05,70188,21,16,34,2025,6,26,7.439,38.0,128.12,65050.0,0
txn_0001812,card_0750,merchant_132,M,job_06,misc_net,city_39,S07,64754,18,19,12,2025,5,9,45.098,28.0,48.63,43963.0,0
txn_0002288,card_0188,merchant_003,F,job_20,health_fitness,city_12,S02,97847,18,45,16,2025,12,22,26.835,60.0,33.45,16218.0,0
txn_0002456,card_0397,merchant_099,F,job_21,shopping_net,city_51,S04,86112,17,54,49,2025,6,13,133.054,48.0,92.22,71633.0,0
txn_0005991,card_0532,merchant_007,F,job_05,misc_net,city_16,S10,75729,19,55,45,2025,8,20,42.373,68.0,64.01,12673.0,0
txn_0000117,card_0688,merchant_182,F,job_27,entertainment,city_31,S04,78790,14,33,10,2025,4,21,62.353,38.0,62.49,144528.0,0
txn_0000700,card_0220,merchant_201,F,job_00,gas_transport,city_18,S04,21355,12,45,15,2025,12,27,24.953,18.0,49.34,4884.0,0
txn_0006651,card_0716,merchant_162,M,job_25,health_fitness,city_41,S09,98095,12,15,31,2025,12,13,785.183,66.0,131.89,22861.0,1
txn_0004665,card_0339,merchant_170,M,job_01,grocery_pos,city_24,S02,55884,22,13,39,2025,5,12,8.407,53.0,11.73,166877.0,0
txn_0006304,card_0264,merchant_065,M,job_16,health_fitness,city_35,S11,66842,1,49,1,2025,4,17,28.254,34.0,63.95,39565.0,1
txn_0006774,card_0829,merchant_010,F,job_03,health_fitness,city_02,S01,93011,10,50,23,2025,12,15,24.4,48.0,105.21,11435.0,0
txn_0002072,card_0578,merchant_096,M,job_07,misc_net,city_59,S14,51421,3,42,28,2025,12,25,42.816,51.0,111.63,12247.0,1
txn_0003329,card_0479,merchant_004,F,job_17,travel,city_40,S02,78745,4,27,1,2025,7,3,6.349,50.0,134.18,6390.0,0
txn_0001992,card_0623,merchant_185,F,job_04,grocery_pos,city_49,S09,57991,19,28,35,2025,3,27,50.693,30.0,22.7,60550.0,0
txn_0005082,card_0261,merchant_021,F,job_15,shopping_pos,city_33,S06,67960,18,12,31,2025,12,25,49.961,26.0,689.56,2542.0,0
txn_0001430,card_0162,merchant_213,F,job_04,gas_transport,city_08,S12,61812,4,41,42,2025,1,29,78.464,39.0,105.05,33878.0,0
txn_0006827,card_0182,merchant_049,F,job_30,gas_transport,city_03,S08,19433,19,0,7,2025,11,18,4.658,23.0,30.3,13944.0,0
txn_0001767,card_0624,merchant_074,M,job_19,health_fitness,city_20,S06,80372,6,26,18,2025,2,4,41.528,44.0,107.38,22009.0,0
txn_0003402,card_0128,merchant_071,M,job_18,personal_care,city_10,S09,40679,3,47,10,2025,8,24,22.201,46.0,84.58,45053.0,0
txn_0007108,card_0799,merchant_127,F,job_30,food_dining,city_23,S06,69662,15,50,10,2025,9,17,68.556,39.0,10.43,33559.0,0
txn_0006764,card_0632,merchant_200,F,job_29,shopping_pos,city_09,S03,64461,18,33,51,2025,6,9,14.212,58.0,204.97,418861.0,0
txn_0005472,card_0452,merchant_044,F,job_15,entertainment,city_14,S02,78828,21,23,0,2025,1,6,142.053,62.0,16.82,68447.0,0
txn_0003261,card_0154,merchant_133,F,job_02,grocery_pos,city_58,S10,13397,23,58,2,2025,5,14,893.997,27.0,232.64,16808.0,0
txn_0007956,card_0171,merchant_142,F,job_06,grocery_pos,city_55,S14,39760,1,25,21,2025,1,9,21.954,41.0,23.49,17567.0,0
txn_0002597,card_0044,merchant_070,F,job_04,misc_net,city_44,S02,96307,8,44,17,2025,11,5,12.499,51.0,129.4,16354.0,0
txn_0000159,card_0331,merchant_107,F,job_23,personal_care,city_58,S04,16751,10,0,34,2025,6,5,10.891,52.0,41.17,99059.0,0
txn_0006776,card_0139,merchant_098,F,job_26,grocery_pos,city_12,S14,84954,12,7,47,2025,6,3,49.329,56.0,40.19,7696.0,0
txn_0006103,card_0806,merchant_198,M,job_31,food_dining,city_31,S12,33286,9,0,16,2025,3,24,32.14,18.0,55.1,4940.0,0
txn_0002175,card_0885,merchant_005,M,job_07,shopping_pos,city_28,S03,43198,9,16,31,2025,5,16,24.411,54.0,58.96,13069.0,0
txn_0005620,card_0470,merchant_134,M,job_28,misc_net,city_19,S09,18743,10,37,9,2025,9,14,19.433,54.0,174.99,50297.0,1
txn_0007058,card_0038,merchant_109,F,job_14,health_fitness,city_13,S07,17437,18,43,11,2025,12,24,15.816,31.0,59.29,41666.0,0
txn_0003156,card_0491,merchant_088,M,job_16,grocery_pos,city_19,S10,13811,19,29,32,2025,8,20,38.401,30.0,23.21,93650.0,0
txn_0002553,card_0504,merchant_137,F,job_05,grocery_pos,city_54,S04,17005,11,7,10,2025,8,11,15.768,47.0,19.18,26112.0,0
txn_0005556,card_0778,merchant_053,F,job_29,travel,city_58,S06,24941,15,34,8,2025,4,14,29.445,35.0,146.21,6622.0,0
txn_0006787,card_0478,merchant_150,M,job_16,gas_transport,city_22,S03,32240,15,22,32,2025,3,10,29.844,19.0,83.73,42513.0,0
txn_0002525,card_0050,merchant_201,M,job_02,gas_transport,city_04,S03,20800,1,15,23,2025,1,12,8.862,29.0,127.47,31904.0,0
txn_0003628,card_0104,merchant_031,M,job_04,travel,city_19,S02,95001,21,18,28,2025,3,6,20.91,49.0,381.82,37383.0,0
txn_0006338,card_0843,merchant_130,F,job_00,personal_care,city_27,S11,50720,16,34,39,2025,7,27,15.233,37.0,71.59,49169.0,0
txn_0002777,card_0318,merchant_219,M,job_25,misc_net,city_32,S08,15438,11,5,22,2025,4,3,49.513,52.0,167.12,27906.0,0
txn_0001159,card_0878,merchant_149,M,job_09,misc_net,city_34,S13,88244,0,44,50,2025,12,19,20.039,26.0,159.15,51243.0,0
txn_0001081,card_0703,merchant_075,F,job_10,grocery_pos,city_06,S14,13076,12,8,36,2025,10,9,4.015,36.0,61.85,32896.0,0
txn_0006218,card_0151,merchant_138,F,job_11,entertainment,city_36,S05,81859,13,16,41,2025,4,6,8.119,53.0,18.79,23278.0,0
txn_0006684,card_0649,merchant_084,M,job_00,misc_net,city_10,S11,44075,0,51,40,2025,8,1,11.789,58.0,183.46,89263.0,0
txn_0004550,card_0687,merchant_175,M,job_02,gas_transport,city_03,S11,82575,15,42,19,2025,10,18,8.327,46.0,29.0,25403.0,0
txn_0003869,card_0319,merchant_078,M,job_14,travel,city_42,S11,65243,7,49,16,2025,1,18,52.158,20.0,407.19,83149.0,0
txn_0002581,card_0618,merchant_107,F,job_15,personal_care,city_17,S03,57407,12,4,30,2025,9,10,17.331,55.0,42.29,38380.0,0
txn_0003763,card_0224,merchant_016,M,job_26,travel,city_04,S06,63458,14,14,1,2025,9,5,27.205,45.0,580.17,60482.0,0
txn_0003224,card_0209,merchant_042,M,job_01,misc_net,city_37,S05,64590,16,25,1,2025,8,18,5.626,36.0,96.74,15617.0,1
txn_0004247,card_0304,merchant_095,M,job_20,food_dining,city_52,S10,88573,10,26,45,2025,12,27,50.852,61.0,82.89,5347.0,0
txn_0004872,card_0389,merchant_060,F,job_19,entertainment,city_35,S07,52777,17,18,32,2025,7,28,17.424,53.0,39.48,19201.0,0
txn_0006030,card_0459,merchant_009,F,job_11,grocery_pos,city_59,S13,63415,21,27,33,2025,9,24,34.534,50.0,47.43,10654.0,0
txn_0003963,card_0029,merchant_096,F,job_18,misc_net,city_58,S06,84676,14,25,33,2025,10,12,653.754,48.0,754.63,35232.0,1
txn_0007017,card_0049,merchant_215,M,job_08,entertainment,city_09,S14,76375,5,27,43,2025,4,16,2.434,60.0,124.21,30920.0,0
txn_0002383,card_0501,merchant_059,M,job_07,travel,city_08,S13,98887,21,24,55,2025,1,13,1.493,28.0,1382.75,273158.0,0
txn_0002353,card_0435,merchant_045,F,job_31,gas_transport,city_47,S00,12883,6,2,33,2025,3,31,69.249,61.0,60.96,6401.0,0
txn_0004758,card_0651,merchant_103,M,job_27,gas_transport,city_53,S14,44664,5,25,6,2025,11,27,63.021,64.0,52.29,12941.0,0
txn_0004782,card_0704,merchant_060,F,job_03,entertainment,city_03,S05,70188,23,40,50,2025,4,18,60.403,38.0,74.74,65050.0,0
txn_0005450,card_0592,merchant_121,F,job_00,entertainment,city_37,S03,76709,5,17,5,2025,11,19,793.589,33.0,454.91,3503.0,0
txn_0006559,card_0063,merchant_018,M,job_06,personal_care,city_22,S00,96597,0,21,26,2025,3,29,12.039,41.0,64.23,47888.0,0
txn_0005972,card_0201,merchant_108,M,job_15,grocery_pos,city_03,S12,62354,20,17,22,2025,1,23,24.178,58.0,24.96,191338.0,0
txn_0002639,card_0631,merchant_194,F,job_00,health_fitness,city_31,S12,93489,14,48,3,2025,9,1,15.656,58.0,50.1,49087.0,0
txn_0001328,card_0461,merchant_056,F,job_02,entertainment,city_59,S13,11964,0,38,10,2025,8,10,890.79,34.0,955.08,27265.0,1
txn_0002394,card_0587,merchant_151,F,job_00,shopping_net,city_58,S03,29244,3,34,59,2025,9,6,3.215,43.0,136.45,37327.0,0
txn_0007030,card_0579,merchant_136,F,job_13,personal_care,city_39,S10,51985,8,24,19,2025,11,29,7.887,30.0,16.83,26362.0,0
txn_0004479,card_0859,merchant_108,M,job_18,grocery_pos,city_09,S07,68835,20,48,36,2025,8,24,878.332,40.0,210.32,10627.0,0
txn_0004588,card_0761,merchant_045,M,job_19,gas_transport,city_21,S14,80624,11,49,59,2025,4,8,476.023,44.0,879.42,49718.0,0
txn_0003854,card_0651,merchant_136,M,job_27,personal_care,city_53,S14,44664,21,12,18,2025,10,17,19.627,64.0,127.09,12941.0,0
txn_0000820,card_0478,merchant_205,M,job_16,personal_care,city_22,S03,32240,7,7,22,2025,6,2,38.633,19.0,108.48,42513.0,0
txn_0000889,card_0541,merchant_112,F,job_16,personal_care,city_23,S03,87356,4,41,9,2025,7,12,19.06,53.0,62.79,128640.0,0
txn_0002115,card_0707,merchant_155,M,job_19,shopping_pos,city_37,S09,81929,19,49,18,2025,7,16,59.678,44.0,217.94,28541.0,0
txn_0000070,card_0427,merchant_212,M,job_02,gas_transport,city_55,S13,49696,22,55,42,2025,9,9,29.416,65.0,82.7,6480.0,0
txn_0002048,card_0753,merchant_167,M,job_19,health_fitness,city_11,S05,47206,12,4,29,2025,8,27,32.95,18.0,96.83,17182.0,0
txn_0002342,card_0593,merchant_218,M,job_10,misc_net,city_13,S04,13508,19,17,20,2025,3,27,17.573,37.0,173.25,6488.0,0
txn_0002130,card_0873,merchant_047,F,job_12,personal_care,city_11,S04,22282,13,59,19,2025,9,27,31.298,55.0,15.18,133358.0,0
txn_0001980,card_0319,merchant_023,M,job_14,food_dining,city_42,S11,65243,13,44,8,2025,5,13,17.797,20.0,70.34,83149.0,0
txn_0006485,card_0597,merchant_066,M,job_24,shopping_pos,city_17,S13,21154,16,55,6,2025,7,17,21.322,40.0,105.86,20627.0,0
txn_0005561,card_0589,merchant_175,M,job_16,gas_transport,city_52,S02,91007,0,31,59,2025,8,13,59.35,38.0,36.41,93917.0,0
txn_0006616,card_0663,merchant_036,F,job_29,entertainment,city_35,S12,78097,6,49,43,2025,12,16,10.408,87.0,137.94,43929.0,0
txn_0000388,card_0838,merchant_202,F,job_00,shopping_pos,city_09,S07,40989,17,5,18,2025,5,1,12.831,32.0,190.07,26059.0,0
txn_0002164,card_0590,merchant_107,M,job_08,personal_care,city_27,S06,48628,21,31,9,2025,6,16,93.196,65.0,66.5,49929.0,0
txn_0004602,card_0200,merchant_091,F,job_15,food_dining,city_52,S07,93080,21,43,28,2025,8,6,54.889,38.0,86.78,42203.0,0
txn_0000019,card_0354,merchant_137,M,job_20,grocery_pos,city_42,S11,63379,0,16,50,2025,10,15,21.953,49.0,41.98,105009.0,0
txn_0006078,card_0796,merchant_145,M,job_15,health_fitness,city_30,S01,36539,3,35,45,2025,1,3,5.15,27.0,79.99,6197.0,0
txn_0002498,card_0288,merchant_045,M,job_18,gas_transport,city_18,S13,22572,17,35,48,2025,2,13,18.075,63.0,69.04,5171.0,0
txn_0007568,card_0309,merchant_156,F,job_30,health_fitness,city_17,S12,91530,7,14,30,2025,12,8,9.116,40.0,23.62,23380.0,0
txn_0001951,card_0137,merchant_099,F,job_00,shopping_net,city_33,S13,57568,22,18,17,2025,6,11,90.244,56.0,191.35,51087.0,0
txn_0002217,card_0126,merchant_079,F,job_02,gas_transport,city_21,S05,19841,2,47,15,2025,7,21,10.034,18.0,83.05,9754.0,0
txn_0005666,card_0151,merchant_008,F,job_11,misc_net,city_36,S05,81859,14,31,54,2025,6,4,3.001,53.0,336.59,23278.0,0
txn_0003393,card_0373,merchant_071,F,job_21,personal_care,city_45,S11,33210,5,46,37,2025,12,4,18.999,47.0,24.38,42211.0,0
txn_0002564,card_0417,merchant_132,F,job_18,misc_net,city_59,S09,23741,16,41,29,2025,12,22,66.163,57.0,222.48,22923.0,0
txn_0001947,card_0466,merchant_111,F,job_09,travel,city_41,S11,86884,14,51,42,2025,11,2,14.283,38.0,407.09,49879.0,0
txn_0002901,card_0838,merchant_027,F,job_00,misc_net,city_09,S07,40989,2,31,35,2025,11,1,24.439,32.0,91.47,26059.0,0
txn_0007621,card_0726,merchant_093,M,job_18,personal_care,city_28,S07,86542,10,22,37,2025,1,29,17.647,55.0,39.31,57196.0,0
txn_0001283,card_0458,merchant_161,M,job_03,shopping_pos,city_00,S10,28475,13,5,8,2025,3,6,38.419,41.0,82.83,43530.0,0
txn_0005366,card_0144,merchant_157,M,job_22,health_fitness,city_22,S06,31741,2,58,40,2025,3,18,10.546,55.0,79.18,39542.0,0
txn_0002256,card_0083,merchant_160,M,job_20,travel,city_50,S12,61297,17,17,1,2025,12,5,47.495,48.0,388.99,42827.0,0
txn_0006256,card_0508,merchant_043,F,job_00,health_fitness,city_18,S06,56119,21,51,15,2025,9,30,8.143,48.0,41.6,53451.0,0
txn_0006322,card_0390,merchant_200,M,job_07,shopping_pos,city_21,S05,77902,5,32,19,2025,12,29,19.061,32.0,108.9,7242.0,0
txn_0005890,card_0040,merchant_130,F,job_22,personal_care,city_25,S02,74929,0,45,24,2025,10,30,8.306,61.0,39.19,20146.0,0
txn_0001076,card_0364,merchant_035,F,job_07,shopping_pos,city_57,S10,27982,5,30,20,2025,7,30,16.154,60.0,387.36,39793.0,0
txn_0007258,card_0433,merchant_121,F,job_25,entertainment,city_08,S01,35166,19,54,49,2025,9,26,24.708,44.0,47.29,34611.0,0
txn_0006416,card_0234,merchant_199,F,job_19,misc_net,city_59,S12,22686,10,30,2,2025,9,27,343.689,41.0,707.72,25750.0,0
txn_0006674,card_0130,merchant_141,M,job_15,gas_transport,city_05,S13,74955,5,38,41,2025,11,29,18.707,31.0,25.96,15539.0,0
txn_0004148,card_0326,merchant_147,F,job_03,misc_net,city_18,S01,55158,15,43,36,2025,1,7,17.692,43.0,250.6,35626.0,0
txn_0006208,card_0821,merchant_180,M,job_23,health_fitness,city_23,S04,99977,19,1,8,2025,3,22,13.208,65.0,105.14,17745.0,0
txn_0001766,card_0356,merchant_191,F,job_07,shopping_pos,city_26,S12,56894,8,53,26,2025,8,29,14.138,18.0,148.42,30832.0,0
txn_0001066,card_0574,merchant_199,F,job_31,misc_net,city_41,S03,46045,14,31,40,2025,10,4,44.675,38.0,85.62,6242.0,0
txn_0000088,card_0634,merchant_134,F,job_26,misc_net,city_27,S01,33293,10,10,48,2025,1,11,1.223,51.0,91.51,26134.0,0
txn_0000305,card_0504,merchant_136,F,job_05,personal_care,city_54,S04,17005,13,58,6,2025,2,4,43.994,47.0,10.84,26112.0,0
txn_0005088,card_0639,merchant_005,M,job_19,shopping_pos,city_03,S13,31622,0,54,37,2025,3,27,222.183,45.0,256.04,15152.0,0
txn_0004354,card_0106,merchant_150,M,job_27,gas_transport,city_17,S04,24075,21,50,52,2025,4,21,74.032,71.0,113.75,39328.0,0
txn_0000308,card_0265,merchant_141,M,job_03,gas_transport,city_30,S08,79897,23,23,53,2025,6,28,24.09,33.0,57.28,6756.0,1
txn_0003276,card_0657,merchant_115,M,job_24,gas_transport,city_56,S13,18075,16,29,1,2025,9,1,20.38,46.0,157.08,6824.0,0
txn_0004118,card_0382,merchant_055,M,job_12,grocery_pos,city_36,S04,70381,4,46,47,2025,7,3,45.397,43.0,96.39,64521.0,0
txn_0003781,card_0301,merchant_018,M,job_15,personal_care,city_40,S10,95672,0,20,27,2025,3,2,9.068,47.0,13.58,55544.0,0
txn_0004040,card_0197,merchant_166,F,job_24,shopping_net,city_59,S09,15845,3,16,36,2025,9,1,9.938,41.0,240.19,22904.0,0
txn_0003960,card_0642,merchant_155,M,job_02,shopping_pos,city_00,S01,84206,8,53,15,2025,5,23,38.299,52.0,35.16,4410.0,0
txn_0001178,card_0823,merchant_055,M,job_23,grocery_pos,city_55,S02,50981,15,15,23,2025,6,24,68.698,33.0,125.37,47374.0,0
txn_0006355,card_0630,merchant_130,M,job_02,personal_care,city_07,S09,16610,19,15,28,2025,7,22,6.184,31.0,22.22,11664.0,0
txn_0006864,card_0686,merchant_137,F,job_26,grocery_pos,city_14,S11,74283,2,45,4,2025,8,23,24.854,51.0,31.1,17511.0,0
txn_0007288,card_0646,merchant_013,F,job_21,food_dining,city_46,S09,34565,10,51,5,2025,7,7,82.852,36.0,61.25,4597.0,0
txn_0007466,card_0342,merchant_070,M,job_30,misc_net,city_57,S04,93507,4,7,12,2025,10,29,24.008,40.0,106.56,25951.0,0
txn_0002265,card_0713,merchant_064,M,job_22,shopping_net,city_45,S01,18809,15,10,18,2025,8,18,73.985,18.0,123.61,19044.0,0
txn_0005628,card_0272,merchant_024,F,job_12,shopping_pos,city_24,S08,87824,7,37,24,2025,6,1,73.835,49.0,81.97,5557.0,0
txn_0004795,card_0451,merchant_208,M,job_12,gas_transport,city_33,S03,45466,14,34,42,2025,9,28,49.851,18.0,28.81,7445.0,0
txn_0004947,card_0180,merchant_147,M,job_29,misc_net,city_39,S00,15069,4,49,34,2025,12,30,49.88,40.0,36.31,139194.0,0
txn_0001912,card_0731,merchant_198,F,job_28,food_dining,city_48,S11,34330,23,29,10,2025,10,17,87.794,56.0,36.72,207616.0,0
txn_0003822,card_0707,merchant_173,M,job_19,misc_net,city_37,S09,81929,9,36,30,2025,8,13,34.205,44.0,108.48,28541.0,0
txn_0007372,card_0643,merchant_131,F,job_18,grocery_pos,city_12,S09,12952,21,39,24,2025,12,15,58.524,54.0,228.27,45789.0,0
txn_0004092,card_0592,merchant_041,F,job_00,shopping_net,city_37,S03,76709,22,8,59,2025,2,27,4.762,33.0,83.34,3503.0,0
txn_0000089,card_0315,merchant_131,M,job_03,grocery_pos,city_12,S06,17033,3,1,31,2025,7,22,11.075,36.0,193.02,25992.0,0
txn_0006792,card_0773,merchant_105,M,job_24,shopping_net,city_23,S13,83639,22,6,19,2025,11,15,35.157,36.0,75.92,7245.0,0
txn_0000184,card_0172,merchant_180,M,job_24,health_fitness,city_40,S12,57478,10,46,52,2025,12,8,44.092,42.0,117.36,20384.0,0
txn_0001232,card_0654,merchant_136,M,job_14,personal_care,city_49,S14,40751,8,25,9,2025,9,9,33.091,32.0,31.39,19391.0,0
txn_0005706,card_0793,merchant_112,M,job_12,personal_care,city_05,S11,16077,3,25,30,2025,10,16,17.257,77.0,105.64,8465.0,0
txn_0006472,card_0483,merchant_147,M,job_28,misc_net,city_47,S00,80879,11,8,19,2025,6,2,16.526,34.0,299.83,22887.0,0
txn_0001697,card_0158,merchant_166,M,job_13,shopping_net,city_39,S10,17252,1,21,49,2025,1,16,5.989,61.0,144.0,10132.0,0
txn_0007273,card_0496,merchant_035,F,job_19,shopping_pos,city_10,S03,58254,19,41,27,2025,12,8,26.123,51.0,59.99,15874.0,0
txn_0007847,card_0853,merchant_144,F,job_12,grocery_pos,city_22,S10,73473,8,23,51,2025,3,1,9.147,43.0,58.14,16192.0,0
txn_0005449,card_0003,merchant_124,F,job_28,misc_net,city_15,S12,66118,7,17,59,2025,5,20,20.676,52.0,103.31,69748.0,0
txn_0007244,card_0863,merchant_187,M,job_19,misc_net,city_29,S11,68990,5,39,1,2025,3,5,13.009,46.0,101.3,15443.0,0
txn_0000914,card_0525,merchant_031,F,job_26,travel,city_49,S11,55365,20,57,19,2025,4,24,8.051,39.0,292.56,183893.0,0
txn_0001804,card_0538,merchant_127,M,job_10,food_dining,city_02,S13,89279,10,50,28,2025,5,18,4.667,78.0,108.56,30864.0,0
txn_0007053,card_0703,merchant_167,F,job_10,health_fitness,city_06,S14,13076,1,31,2,2025,10,4,19.961,36.0,54.21,32896.0,0
txn_0000769,card_0785,merchant_171,M,job_16,food_dining,city_33,S00,74892,2,37,3,2025,1,30,26.011,38.0,39.93,25749.0,0
txn_0001916,card_0896,merchant_000,M,job_31,health_fitness,city_07,S05,39680,12,39,38,2025,7,12,2.472,63.0,141.57,66947.0,0
txn_0001498,card_0297,merchant_100,F,job_31,health_fitness,city_51,S05,11607,4,2,55,2025,9,29,114.987,18.0,173.48,18765.0,0
txn_0000642,card_0871,merchant_207,F,job_12,food_dining,city_51,S12,88863,15,43,19,2025,12,29,74.345,47.0,46.49,30315.0,0
txn_0006177,card_0289,merchant_100,F,job_00,health_fitness,city_01,S06,84196,10,43,52,2025,11,23,18.922,44.0,61.24,14606.0,0
txn_0001174,card_0141,merchant_154,F,job_27,gas_transport,city_15,S10,37287,2,7,18,2025,1,4,99.846,41.0,44.82,10377.0,0
txn_0003360,card_0247,merchant_018,F,job_24,personal_care,city_31,S07,42369,20,46,4,2025,9,20,10.496,38.0,16.82,29074.0,0
txn_0004357,card_0252,merchant_038,F,job_13,food_dining,city_21,S14,19433,3,4,23,2025,12,27,49.57,52.0,88.46,55585.0,0
txn_0000340,card_0330,merchant_109,M,job_26,health_fitness,city_43,S10,73796,3,46,47,2025,10,6,35.101,60.0,72.86,4890.0,0
txn_0007685,card_0597,merchant_042,M,job_24,misc_net,city_17,S13,21154,15,42,2,2025,6,12,7.064,40.0,69.64,20627.0,0
txn_0007534,card_0317,merchant_064,M,job_23,shopping_net,city_32,S03,86480,4,2,35,2025,10,13,38.586,64.0,101.32,62593.0,0
txn_0006312,card_0619,merchant_111,F,job_14,travel,city_25,S00,24656,1,57,28,2025,3,26,3.903,56.0,162.57,32236.0,0
txn_0001242,card_0409,merchant_032,F,job_27,travel,city_08,S03,20430,17,30,59,2025,8,12,18.768,25.0,208.3,8633.0,0
txn_0003311,card_0832,merchant_174,F,job_22,entertainment,city_54,S00,90842,15,27,28,2025,6,3,11.843,27.0,70.31,34590.0,0
txn_0003299,card_0141,merchant_200,F,job_27,shopping_pos,city_15,S10,37287,4,8,9,2025,10,31,5.779,41.0,158.34,10377.0,0
txn_0004681,card_0223,merchant_069,F,job_07,shopping_pos,city_35,S08,26074,13,25,19,2025,9,23,32.086,38.0,303.56,53041.0,0
txn_0007609,card_0576,merchant_159,M,job_15,grocery_pos,city_51,S01,37311,14,44,40,2025,12,12,25.704,52.0,79.43,8542.0,0
txn_0006907,card_0653,merchant_110,M,job_19,health_fitness,city_28,S10,40510,19,48,53,2025,7,11,2.445,47.0,204.03,51936.0,0
txn_0003562,card_0481,merchant_057,M,job_09,travel,city_21,S02,35632,15,58,57,2025,10,31,20.129,41.0,505.23,189955.0,0
txn_0001130,card_0183,merchant_029,M,job_17,entertainment,city_45,S00,78339,1,41,58,2025,8,27,736.885,37.0,638.14,89726.0,0
txn_0007954,card_0749,merchant_137,F,job_26,grocery_pos,city_07,S07,41673,19,37,50,2025,10,9,0.319,60.0,44.23,10820.0,0
txn_0007315,card_0074,merchant_075,M,job_04,grocery_pos,city_24,S08,68154,0,52,4,2025,8,7,9.865,46.0,54.75,52934.0,0
txn_0000884,card_0862,merchant_091,F,job_00,food_dining,city_08,S06,62957,5,4,41,2025,9,18,16.559,79.0,77.18,40823.0,0
txn_0001877,card_0403,merchant_186,M,job_28,health_fitness,city_20,S06,50174,4,6,22,2025,4,26,34.971,47.0,47.41,7402.0,0
txn_0007508,card_0013,merchant_051,M,job_31,misc_net,city_29,S07,16666,9,10,58,2025,9,2,2.22,69.0,19.62,53079.0,0
txn_0002921,card_0754,merchant_085,M,job_05,shopping_net,city_58,S12,53497,22,40,31,2025,8,16,3.885,18.0,107.56,26676.0,0
txn_0004326,card_0117,merchant_057,F,job_15,travel,city_29,S13,32538,4,41,37,2025,8,31,51.266,50.0,806.09,81492.0,0
txn_0000398,card_0794,merchant_013,F,job_05,food_dining,city_18,S13,55794,0,18,58,2025,2,28,24.916,37.0,77.83,45592.0,0
txn_0005389,card_0499,merchant_101,F,job_09,health_fitness,city_53,S03,40265,6,9,59,2025,4,21,39.852,32.0,182.92,98331.0,0
txn_0007735,card_0516,merchant_075,M,job_20,grocery_pos,city_05,S00,11675,19,40,45,2025,3,10,86.847,46.0,6.27,80145.0,0
txn_0007805,card_0701,merchant_006,M,job_23,shopping_net,city_05,S13,69060,17,39,25,2025,8,20,19.399,24.0,91.84,11513.0,0
txn_0000648,card_0212,merchant_155,M,job_06,shopping_pos,city_09,S07,70737,10,45,21,2025,7,26,49.723,20.0,90.8,20452.0,0
txn_0000751,card_0886,merchant_079,F,job_06,gas_transport,city_14,S06,58904,6,29,11,2025,9,19,26.587,28.0,14.41,7911.0,0
txn_0005653,card_0048,merchant_091,M,job_30,food_dining,city_31,S06,99880,7,14,56,2025,8,6,25.303,43.0,35.39,143878.0,0
txn_0005428,card_0690,merchant_121,M,job_23,entertainment,city_20,S03,16125,22,35,2,2025,6,24,20.229,33.0,110.88,15110.0,0
txn_0007083,card_0585,merchant_071,M,job_27,personal_care,city_52,S07,61474,20,0,38,2025,8,8,39.235,45.0,42.86,31818.0,0
txn_0002284,card_0159,merchant_201,M,job_09,gas_transport,city_11,S06,60469,8,20,36,2025,6,23,4.229,66.0,188.13,17371.0,0
txn_0007121,card_0146,merchant_141,F,job_07,gas_transport,city_09,S12,50406,13,47,5,2025,10,9,17.741,42.0,145.72,10469.0,0
txn_0002866,card_0359,merchant_218,M,job_25,misc_net,city_20,S04,29371,3,8,16,2025,8,19,749.976,65.0,440.51,52692.0,0
txn_0004760,card_0323,merchant_106,M,job_20,health_fitness,city_36,S02,47552,20,49,5,2025,6,12,3.324,19.0,125.78,9150.0,0
txn_0003085,card_0706,merchant_027,F,job_04,misc_net,city_27,S05,76528,0,59,36,2025,8,19,29.219,60.0,445.48,10596.0,0
txn_0006545,card_0643,merchant_195,F,job_18,misc_net,city_12,S09,12952,7,57,29,2025,5,7,29.957,54.0,249.01,45789.0,0
txn_0003411,card_0056,merchant_203,M,job_12,travel,city_22,S13,56317,23,2,57,2025,12,31,36.803,49.0,419.95,352133.0,0
txn_0000433,card_0468,merchant_036,F,job_30,entertainment,city_07,S12,76421,21,13,34,2025,2,4,39.444,44.0,46.19,39760.0,0
txn_0001469,card_0652,merchant_155,F,job_17,shopping_pos,city_05,S01,98218,12,23,27,2025,8,10,23.334,63.0,365.81,20375.0,0
txn_0004391,card_0591,merchant_080,M,job_15,grocery_pos,city_11,S06,40838,17,26,40,2025,5,18,41.598,42.0,46.78,22346.0,0
txn_0007993,card_0618,merchant_008,F,job_15,misc_net,city_17,S03,57407,23,59,20,2025,8,21,30.072,55.0,391.24,38380.0,0
txn_0004470,card_0573,merchant_071,F,job_06,personal_care,city_23,S06,41969,3,34,2,2025,9,21,20.97,42.0,13.66,3524.0,0
txn_0006843,card_0287,merchant_114,M,job_19,travel,city_39,S11,25899,3,27,38,2025,7,5,62.475,56.0,185.62,14756.0,0
txn_0005301,card_0217,merchant_023,F,job_18,food_dining,city_43,S14,82246,18,15,12,2025,5,13,2.052,35.0,35.88,12457.0,0
txn_0000585,card_0445,merchant_077,M,job_31,food_dining,city_49,S08,11239,0,29,15,2025,11,19,84.025,42.0,61.7,12720.0,0
txn_0006900,card_0236,merchant_210,M,job_23,misc_net,city_35,S11,27682,13,1,37,2025,6,30,20.536,30.0,205.28,19019.0,0
txn_0007067,card_0573,merchant_095,F,job_06,food_dining,city_23,S06,41969,4,26,30,2025,6,2,20.705,42.0,64.26,3524.0,0
txn_0002890,card_0683,merchant_098,M,job_13,grocery_pos,city_19,S13,49090,19,24,13,2025,10,31,15.896,60.0,42.01,94059.0,0
txn_0005358,card_0361,merchant_112,M,job_29,personal_care,city_14,S04,87359,18,18,24,2025,1,20,26.777,45.0,81.58,5928.0,0
txn_0002082,card_0657,merchant_210,M,job_24,misc_net,city_56,S13,18075,4,5,47,2025,4,17,5.052,46.0,118.19,6824.0,0
txn_0006093,card_0536,merchant_109,F,job_13,health_fitness,city_27,S05,97654,23,23,40,2025,2,28,9.959,31.0,14.27,18702.0,0
txn_0007241,card_0041,merchant_174,M,job_12,entertainment,city_05,S01,93516,5,6,52,2025,1,10,56.919,33.0,131.38,504722.0,0
txn_0004547,card_0166,merchant_138,F,job_29,entertainment,city_22,S04,71070,5,33,12,2025,1,6,19.215,60.0,83.06,1557.0,0
txn_0003246,card_0320,merchant_140,F,job_20,misc_net,city_46,S05,94438,7,47,37,2025,8,3,13.844,41.0,244.01,24538.0,0
txn_0005201,card_0467,merchant_181,M,job_14,travel,city_43,S04,47914,17,6,49,2025,3,17,66.671,40.0,488.7,7403.0,0
txn_0005182,card_0680,merchant_030,M,job_09,health_fitness,city_39,S12,53102,22,0,10,2025,3,10,3.275,48.0,28.13,35423.0,0
txn_0006072,card_0887,merchant_095,F,job_03,food_dining,city_33,S10,32909,10,26,15,2025,3,23,10.446,31.0,123.74,37795.0,0
txn_0005179,card_0048,merchant_115,M,job_30,gas_transport,city_31,S06,99880,17,17,17,2025,3,24,59.09,43.0,374.14,143878.0,0
txn_0001504,card_0603,merchant_039,F,job_10,misc_net,city_33,S04,21767,8,33,18,2025,10,27,30.364,30.0,74.42,11146.0,0
txn_0005550,card_0799,merchant_052,F,job_30,entertainment,city_23,S06,69662,10,18,59,2025,8,5,9.839,39.0,98.77,33559.0,0
txn_0001602,card_0423,merchant_217,M,job_28,personal_care,city_25,S09,35793,23,4,12,2025,3,31,7.586,47.0,74.66,4986.0,0
txn_0005678,card_0375,merchant_073,F,job_22,shopping_net,city_45,S11,72362,22,44,51,2025,10,8,15.9,49.0,177.56,44835.0,0
txn_0001453,card_0625,merchant_107,F,job_01,personal_care,city_33,S11,26011,2,42,28,2025,6,9,8.479,42.0,40.71,97440.0,0
txn_0004217,card_0162,merchant_076,F,job_04,entertainment,city_08,S12,61812,6,13,21,2025,9,13,44.1,39.0,31.34,33878.0,0
txn_0007486,card_0745,merchant_046,F,job_09,entertainment,city_23,S10,55240,14,18,18,2025,6,1,23.45,47.0,15.34,2359.0,0
txn_0002886,card_0418,merchant_171,F,job_14,food_dining,city_17,S00,26837,0,29,13,2025,3,20,3.52,33.0,36.12,24651.0,0
txn_0003789,card_0436,merchant_001,M,job_20,travel,city_14,S08,71684,9,34,30,2025,4,7,7.353,39.0,588.99,62163.0,0
txn_0001998,card_0319,merchant_115,M,job_14,gas_transport,city_42,S11,65243,7,53,36,2025,5,29,37.369,20.0,63.73,83149.0,0
txn_0005163,card_0389,merchant_193,F,job_19,travel,city_35,S07,52777,23,26,10,2025,4,28,206.892,53.0,2621.22,19201.0,0
txn_0005536,card_0194,merchant_180,M,job_10,health_fitness,city_45,S03,90259,6,28,14,2025,7,25,13.303,32.0,230.05,13589.0,0
txn_0006008,card_0111,merchant_194,M,job_25,health_fitness,city_53,S04,99893,2,3,22,2025,1,14,11.588,48.0,98.98,22891.0,0
txn_0002700,card_0614,merchant_103,M,job_07,gas_transport,city_22,S06,71660,13,25,13,2025,7,31,24.92,44.0,166.47,11139.0,0
txn_0005025,card_0644,merchant_058,M,job_07,shopping_pos,city_35,S08,41705,21,5,49,2025,6,21,23.842,35.0,79.44,400191.0,0
txn_0007783,card_0297,merchant_148,F,job_31,food_dining,city_51,S05,11607,11,25,0,2025,7,1,18.872,18.0,100.36,18765.0,0
txn_0004783,card_0120,merchant_040,F,job_01,travel,city_23,S08,67491,11,5,25,2025,6,14,5.211,50.0,396.32,101416.0,0
txn_0001991,card_0213,merchant_152,F,job_09,entertainment,city_55,S03,49856,21,18,41,2025,10,21,50.697,24.0,157.96,27951.0,0
txn_0005783,card_0001,merchant_015,M,job_01,health_fitness,city_28,S11,64929,18,48,29,2025,4,11,3.782,42.0,232.5,14440.0,0
txn_0001532,card_0800,merchant_108,F,job_08,grocery_pos,city_51,S00,44111,18,6,7,2025,9,18,11.517,61.0,16.44,46273.0,0
txn_0006696,card_0610,merchant_129,M,job_10,travel,city_31,S07,23593,19,42,3,2025,8,26,17.121,35.0,346.43,38966.0,0
txn_0005239,card_0797,merchant_038,F,job_04,food_dining,city_43,S07,33269,2,33,27,2025,4,12,18.321,77.0,31.76,145932.0,0
txn_0003627,card_0790,merchant_101,F,job_24,health_fitness,city_04,S01,26257,0,1,41,2025,2,11,67.846,53.0,73.42,7219.0,0
txn_0001215,card_0796,merchant_181,M,job_15,travel,city_30,S01,36539,8,27,46,2025,4,23,39.333,27.0,595.93,6197.0,0
txn_0005236,card_0716,merchant_004,M,job_25,travel,city_41,S09,98095,12,41,11,2025,6,29,32.838,66.0,304.03,22861.0,0
txn_0004219,card_0762,merchant_169,M,job_05,travel,city_40,S13,54713,21,28,52,2025,5,8,47.971,48.0,80.18,7452.0,0
txn_0002523,card_0007,merchant_080,M,job_05,grocery_pos,city_28,S04,72417,9,50,10,2025,11,9,24.442,50.0,56.44,27772.0,0
txn_0003274,card_0151,merchant_126,F,job_11,personal_care,city_36,S05,81859,20,51,37,2025,1,21,46.469,53.0,99.44,23278.0,0
txn_0001647,card_0710,merchant_207,M,job_24,food_dining,city_11,S01,56746,16,0,34,2025,11,12,444.368,37.0,1529.99,31810.0,0
txn_0007648,card_0218,merchant_122,F,job_23,shopping_pos,city_43,S12,66407,17,15,29,2025,5,14,28.153,53.0,41.81,75756.0,0
txn_0000443,card_0181,merchant_188,F,job_31,personal_care,city_37,S03,30507,12,37,32,2025,5,29,14.946,55.0,48.08,52502.0,0
txn_0004680,card_0303,merchant_072,M,job_24,entertainment,city_07,S14,11084,18,23,52,2025,1,16,48.618,51.0,9.68,69693.0,0
txn_0004668,card_0739,merchant_139,M,job_08,food_dining,city_29,S12,55225,15,36,25,2025,3,29,3.616,33.0,90.39,20546.0,0
txn_0003061,card_0869,merchant_131,F,job_06,grocery_pos,city_57,S03,77365,13,22,23,2025,1,22,20.37,32.0,76.05,8650.0,0
txn_0005267,card_0207,merchant_050,M,job_29,gas_transport,city_09,S14,23985,7,14,4,2025,3,1,30.915,39.0,68.12,49218.0,0
txn_0005659,card_0758,merchant_132,F,job_26,misc_net,city_01,S12,70252,16,59,32,2025,7,5,20.706,47.0,103.07,16185.0,0
txn_0000753,card_0101,merchant_036,F,job_23,entertainment,city_31,S06,30760,7,27,16,2025,3,29,9.691,32.0,183.97,77925.0,0
txn_0004319,card_0549,merchant_128,M,job_03,travel,city_30,S05,45089,0,40,21,2025,6,17,11.745,54.0,152.03,25633.0,0
txn_0001405,card_0475,merchant_172,M,job_30,entertainment,city_25,S08,12004,19,14,54,2025,3,20,14.895,49.0,169.58,3648.0,0
txn_0001425,card_0311,merchant_181,M,job_25,travel,city_40,S07,97362,9,30,27,2025,3,4,3.781,68.0,77.69,3221.0,0
txn_0003930,card_0211,merchant_186,M,job_07,health_fitness,city_23,S01,50021,21,59,28,2025,2,3,41.636,66.0,22.02,46519.0,0
txn_0004864,card_0004,merchant_063,F,job_14,shopping_net,city_07,S01,93225,4,31,8,2025,1,5,20.697,59.0,155.39,22681.0,0
txn_0004348,card_0433,merchant_201,F,job_25,gas_transport,city_08,S01,35166,16,15,9,2025,7,19,40.412,44.0,91.72,34611.0,0
txn_0006704,card_0630,merchant_097,M,job_02,entertainment,city_07,S09,16610,17,37,36,2025,12,21,19.284,31.0,17.37,11664.0,0
txn_0005636,card_0866,merchant_050,M,job_16,gas_transport,city_14,S06,81918,16,29,28,2025,5,31,40.82,48.0,42.54,9002.0,0
txn_0002033,card_0181,merchant_151,F,job_31,shopping_net,city_37,S03,30507,13,7,13,2025,10,18,11.187,55.0,28.63,52502.0,0
txn_0001155,card_0246,merchant_123,M,job_17,grocery_pos,city_27,S08,79445,19,56,1,2025,6,25,65.02,39.0,28.28,31465.0,0
txn_0002434,card_0379,merchant_104,F,job_27,shopping_net,city_27,S06,23553,6,4,19,2025,4,13,5.867,63.0,81.56,24795.0,0
txn_0006346,card_0866,merchant_113,M,job_16,grocery_pos,city_14,S06,81918,11,4,29,2025,7,29,17.181,48.0,39.13,9002.0,0
txn_0005074,card_0486,merchant_130,F,job_17,personal_care,city_54,S11,34256,0,37,47,2025,8,15,72.751,19.0,128.23,8746.0,0
txn_0001321,card_0247,merchant_176,F,job_24,travel,city_31,S07,42369,11,5,42,2025,12,3,13.612,38.0,504.04,29074.0,0
txn_0001560,card_0771,merchant_123,M,job_18,grocery_pos,city_55,S11,25297,18,52,29,2025,7,30,8.729,43.0,143.89,8722.0,0
txn_0004823,card_0656,merchant_024,M,job_28,shopping_pos,city_50,S00,39426,19,48,58,2025,4,18,49.036,43.0,43.24,19954.0,0
txn_0005673,card_0493,merchant_003,M,job_23,health_fitness,city_44,S02,50043,5,44,50,2025,11,15,13.846,39.0,37.68,38107.0,0
txn_0002150,card_0217,merchant_071,F,job_18,personal_care,city_43,S14,82246,5,3,17,2025,3,15,33.697,35.0,22.88,12457.0,0
txn_0005422,card_0848,merchant_173,M,job_25,misc_net,city_56,S04,59594,1,48,40,2025,12,27,9.535,56.0,193.08,23030.0,0
txn_0006287,card_0310,merchant_137,M,job_19,grocery_pos,city_16,S05,30935,7,44,13,2025,7,5,12.118,36.0,26.26,2710.0,0
txn_0002109,card_0635,merchant_196,M,job_01,shopping_pos,city_33,S03,13560,21,29,52,2025,1,25,2.823,42.0,189.01,15581.0,0
txn_0000494,card_0026,merchant_027,F,job_17,misc_net,city_06,S02,79385,7,20,26,2025,1,5,460.172,46.0,538.76,23326.0,0
txn_0001248,card_0078,merchant_062,M,job_11,shopping_net,city_43,S05,58486,14,55,47,2025,11,3,39.012,36.0,180.22,45575.0,0
txn_0007700,card_0824,merchant_135,M,job_17,shopping_net,city_55,S04,38302,20,27,21,2025,5,25,19.144,42.0,112.65,24650.0,0
txn_0005997,card_0854,merchant_181,F,job_20,travel,city_51,S06,65117,12,32,48,2025,8,16,5.246,38.0,205.47,24983.0,0
txn_0003172,card_0331,merchant_202,F,job_23,shopping_pos,city_58,S04,16751,12,1,42,2025,8,3,5.057,52.0,24.96,99059.0,0
txn_0007716,card_0564,merchant_139,M,job_27,food_dining,city_45,S07,74292,10,59,54,2025,2,24,35.578,36.0,69.37,20561.0,0
txn_0007606,card_0119,merchant_101,F,job_03,health_fitness,city_31,S10,33658,4,49,43,2025,4,25,32.825,40.0,29.31,66293.0,0
txn_0002106,card_0651,merchant_131,M,job_27,grocery_pos,city_53,S14,44664,11,48,30,2025,2,18,4.08,64.0,21.68,12941.0,0
txn_0002062,card_0354,merchant_166,M,job_20,shopping_net,city_42,S11,63379,18,33,20,2025,9,21,11.556,49.0,98.77,105009.0,0
txn_0006189,card_0797,merchant_215,F,job_04,entertainment,city_43,S07,33269,10,14,32,2025,10,20,22.566,77.0,186.51,145932.0,0
txn_0003528,card_0007,merchant_217,M,job_05,personal_care,city_28,S04,72417,10,4,7,2025,3,22,58.587,50.0,22.24,27772.0,0
txn_0000462,card_0132,merchant_129,F,job_23,travel,city_50,S04,46177,6,10,26,2025,1,18,7.032,48.0,767.67,8306.0,0
txn_0002306,card_0634,merchant_037,F,job_26,shopping_net,city_27,S01,33293,6,26,54,2025,2,21,21.957,51.0,237.64,26134.0,0
txn_0002527,card_0375,merchant_142,F,job_22,grocery_pos,city_45,S11,72362,20,46,58,2025,11,22,1.853,49.0,155.78,44835.0,0
txn_0005835,card_0632,merchant_094,F,job_29,gas_transport,city_09,S03,64461,7,17,37,2025,7,31,16.691,58.0,57.62,418861.0,0
txn_0000016,card_0195,merchant_003,F,job_02,health_fitness,city_00,S08,34752,0,57,8,2025,1,7,26.551,28.0,91.86,45269.0,0
txn_0004657,card_0071,merchant_148,F,job_13,food_dining,city_12,S00,18566,7,15,54,2025,5,17,51.283,29.0,88.91,48466.0,0
txn_0004454,card_0607,merchant_200,M,job_15,shopping_pos,city_42,S02,94320,4,23,55,2025,9,14,43.308,18.0,75.82,44221.0,0
txn_0007807,card_0700,merchant_163,M,job_09,shopping_net,city_41,S12,34890,15,49,54,2025,8,18,11.378,36.0,559.62,17692.0,0
txn_0002822,card_0419,merchant_103,M,job_12,gas_transport,city_11,S13,71877,19,27,36,2025,10,18,52.205,67.0,92.96,46949.0,0
txn_0001123,card_0488,merchant_208,M,job_28,gas_transport,city_56,S00,98478,2,32,52,2025,6,10,3.637,62.0,71.76,10942.0,0
txn_0003732,card_0216,merchant_031,F,job_31,travel,city_24,S09,50668,8,12,32,2025,9,25,48.053,34.0,166.77,20708.0,0
txn_0007418,card_0782,merchant_091,F,job_01,food_dining,city_17,S11,41792,13,49,48,2025,5,5,7.771,41.0,16.89,33648.0,0
txn_0004688,card_0406,merchant_079,F,job_08,gas_transport,city_08,S12,32627,14,8,0,2025,4,26,96.072,30.0,49.57,20308.0,0
txn_0001350,card_0561,merchant_023,F,job_10,food_dining,city_45,S07,45265,3,44,48,2025,5,1,12.829,21.0,16.9,36404.0,0
txn_0007742,card_0113,merchant_123,F,job_10,grocery_pos,city_46,S14,30154,18,39,37,2025,5,25,33.95,45.0,78.32,8733.0,0
txn_0004462,card_0379,merchant_009,F,job_27,grocery_pos,city_27,S06,23553,3,36,19,2025,9,5,43.449,63.0,31.24,24795.0,0
txn_0001496,card_0654,merchant_188,M,job_14,personal_care,city_49,S14,40751,14,40,30,2025,2,24,43.122,32.0,61.23,19391.0,0
txn_0003361,card_0387,merchant_116,M,job_07,personal_care,city_15,S02,16411,15,48,50,2025,9,12,18.028,64.0,76.34,31746.0,0
txn_0000193,card_0512,merchant_017,M,job_08,shopping_net,city_30,S05,23617,20,22,42,2025,9,2,42.089,43.0,89.59,13637.0,1
txn_0000597,card_0885,merchant_040,M,job_07,travel,city_28,S03,43198,6,26,7,2025,2,25,31.858,54.0,583.75,13069.0,0
txn_0002328,card_0032,merchant_031,F,job_08,travel,city_35,S13,13342,20,44,35,2025,8,31,31.413,26.0,522.61,25638.0,0
txn_0000096,card_0478,merchant_149,M,job_16,misc_net,city_22,S03,32240,14,59,50,2025,4,20,26.435,19.0,62.04,42513.0,0
txn_0005156,card_0552,merchant_049,M,job_01,gas_transport,city_42,S02,92067,19,45,35,2025,4,14,1.832,21.0,60.9,57138.0,0
txn_0002085,card_0030,merchant_071,F,job_17,personal_care,city_21,S14,51746,13,20,23,2025,8,23,18.354,51.0,80.14,47497.0,0
txn_0005669,card_0885,merchant_147,M,job_07,misc_net,city_28,S03,43198,4,12,4,2025,10,14,47.203,54.0,813.57,13069.0,1
txn_0003943,card_0567,merchant_135,F,job_12,shopping_net,city_10,S10,26318,7,35,9,2025,3,21,13.471,69.0,90.96,8099.0,0
txn_0004410,card_0602,merchant_099,M,job_07,shopping_net,city_44,S09,40958,14,34,38,2025,9,9,29.134,56.0,95.55,11603.0,0
txn_0002376,card_0337,merchant_007,F,job_03,misc_net,city_01,S02,52521,1,51,14,2025,2,21,5.711,21.0,65.9,26908.0,0
txn_0004463,card_0149,merchant_014,F,job_03,travel,city_19,S05,91548,3,48,54,2025,7,15,729.848,54.0,5611.93,29314.0,1
txn_0005456,card_0751,merchant_153,F,job_00,grocery_pos,city_19,S00,60920,8,58,18,2025,8,21,71.992,55.0,66.41,11591.0,0
txn_0007385,card_0881,merchant_018,M,job_10,personal_care,city_06,S11,36717,14,48,46,2025,5,16,104.311,28.0,60.55,18852.0,0
txn_0007441,card_0679,merchant_023,M,job_19,food_dining,city_08,S05,85983,2,31,4,2025,8,23,14.672,50.0,30.28,3693.0,0
txn_0005347,card_0647,merchant_012,M,job_27,personal_care,city_38,S01,27364,19,6,45,2025,9,26,27.02,35.0,62.73,59874.0,0
txn_0003767,card_0720,merchant_042,F,job_08,misc_net,city_26,S07,69330,14,12,11,2025,5,7,78.914,34.0,145.6,63501.0,0
txn_0000501,card_0625,merchant_204,F,job_01,misc_net,city_33,S11,26011,0,32,58,2025,7,4,6.27,42.0,112.28,97440.0,0
txn_0006283,card_0813,merchant_176,F,job_23,travel,city_35,S02,74624,1,23,30,2025,1,7,44.989,46.0,155.02,6500.0,0
txn_0006210,card_0726,merchant_208,M,job_18,gas_transport,city_28,S07,86542,10,33,49,2025,6,7,1.298,55.0,74.77,57196.0,0
txn_0001381,card_0499,merchant_182,F,job_09,entertainment,city_53,S03,40265,8,12,28,2025,8,22,23.035,32.0,100.77,98331.0,0
txn_0007150,card_0082,merchant_077,F,job_17,food_dining,city_10,S11,29394,1,28,55,2025,11,3,35.008,59.0,23.7,11944.0,0
txn_0007239,card_0519,merchant_098,M,job_15,grocery_pos,city_46,S06,14654,15,35,59,2025,2,3,30.536,29.0,59.68,18666.0,0
txn_0002191,card_0252,merchant_131,F,job_13,grocery_pos,city_21,S14,19433,18,17,52,2025,4,12,20.594,52.0,150.37,55585.0,0
txn_0001456,card_0384,merchant_064,F,job_12,shopping_net,city_38,S05,87187,2,1,8,2025,7,11,14.199,50.0,389.88,58357.0,0
txn_0003190,card_0161,merchant_172,M,job_22,entertainment,city_59,S13,55494,19,32,23,2025,10,1,36.585,30.0,412.11,8167.0,0
txn_0003658,card_0307,merchant_038,M,job_23,food_dining,city_08,S06,97317,4,43,8,2025,12,11,74.106,49.0,38.8,129459.0,0
txn_0000682,card_0814,merchant_216,M,job_20,entertainment,city_06,S03,54188,6,18,55,2025,7,17,32.36,58.0,11.87,2600.0,0
txn_0001166,card_0834,merchant_117,M,job_27,entertainment,city_04,S01,62602,13,9,31,2025,11,27,86.762,59.0,95.8,36188.0,0
txn_0006110,card_0190,merchant_157,M,job_16,health_fitness,city_31,S02,20080,23,59,17,2025,1,10,10.484,18.0,189.7,19592.0,0
txn_0006974,card_0652,merchant_182,F,job_17,entertainment,city_05,S01,98218,10,40,30,2025,9,1,40.942,63.0,43.51,20375.0,0
txn_0000710,card_0005,merchant_137,M,job_22,grocery_pos,city_02,S04,22157,17,58,3,2025,2,9,24.689,40.0,10.16,25455.0,0
txn_0004690,card_0222,merchant_094,M,job_08,gas_transport,city_39,S01,59333,11,21,4,2025,8,30,2.695,66.0,108.16,28725.0,0
txn_0007611,card_0271,merchant_034,F,job_20,misc_net,city_38,S00,19251,20,25,33,2025,1,15,423.536,38.0,1790.9,5238.0,0
txn_0001855,card_0566,merchant_152,F,job_20,entertainment,city_20,S11,51610,8,16,6,2025,2,12,4.347,19.0,153.45,24577.0,0
txn_0002147,card_0401,merchant_165,M,job_12,shopping_net,city_00,S01,85845,16,13,27,2025,5,25,20.135,64.0,321.91,91321.0,0
txn_0007541,card_0424,merchant_172,F,job_27,entertainment,city_24,S06,50924,3,33,10,2025,10,27,28.087,36.0,35.46,9697.0,0
txn_0006801,card_0181,merchant_148,F,job_31,food_dining,city_37,S03,30507,10,42,16,2025,3,13,5.583,55.0,51.17,52502.0,0
txn_0007147,card_0716,merchant_194,M,job_25,health_fitness,city_41,S09,98095,9,0,33,2025,12,24,0.752,66.0,91.57,22861.0,0
txn_0000819,card_0143,merchant_002,F,job_11,food_dining,city_01,S07,49582,2,11,7,2025,11,8,29.367,41.0,505.14,31516.0,1
txn_0002180,card_0836,merchant_189,M,job_16,shopping_pos,city_20,S00,68931,2,16,36,2025,10,24,5.119,46.0,79.09,80800.0,0
txn_0007420,card_0675,merchant_085,M,job_10,shopping_net,city_25,S07,79653,18,37,59,2025,4,8,57.076,18.0,64.51,9544.0,0
txn_0004288,card_0111,merchant_070,M,job_25,misc_net,city_53,S04,99893,9,34,57,2025,7,17,1.406,48.0,110.92,22891.0,0
txn_0001233,card_0572,merchant_067,F,job_14,health_fitness,city_03,S09,55585,4,24,44,2025,6,29,481.866,41.0,620.91,42923.0,1
txn_0001478,card_0673,merchant_211,F,job_26,misc_net,city_12,S07,38312,22,54,0,2025,5,10,23.026,18.0,160.74,42028.0,0
txn_0006623,card_0131,merchant_123,M,job_05,grocery_pos,city_28,S11,87396,23,34,42,2025,9,28,51.397,22.0,87.72,110180.0,0
txn_0004464,card_0856,merchant_159,F,job_11,grocery_pos,city_03,S10,63194,15,26,48,2025,7,15,5.759,38.0,30.9,11386.0,0
txn_0002915,card_0016,merchant_095,M,job_17,food_dining,city_14,S06,14630,9,23,58,2025,6,17,15.806,44.0,43.59,12497.0,0
txn_0003102,card_0197,merchant_179,F,job_24,shopping_pos,city_59,S09,15845,17,10,23,2025,12,9,35.667,41.0,178.06,22904.0,0
txn_0004213,card_0643,merchant_032,F,job_18,travel,city_12,S09,12952,20,14,13,2025,6,10,15.489,54.0,257.27,45789.0,0
txn_0000254,card_0066,merchant_194,M,job_19,health_fitness,city_06,S05,63006,23,43,19,2025,9,6,78.383,53.0,133.05,10137.0,0
txn_0001563,card_0869,merchant_127,F,job_06,food_dining,city_57,S03,77365,5,4,57,2025,2,9,31.44,32.0,35.7,8650.0,0
txn_0006768,card_0047,merchant_014,M,job_04,travel,city_32,S12,64179,13,12,21,2025,3,22,50.008,34.0,508.12,21722.0,0
txn_0004075,card_0645,merchant_084,F,job_18,misc_net,city_53,S11,35141,2,15,42,2025,9,21,12.059,29.0,98.32,16870.0,0
txn_0001917,card_0575,merchant_134,F,job_09,misc_net,city_59,S13,41397,12,57,51,2025,8,25,36.735,81.0,31.31,175172.0,0
txn_0006952,card_0276,merchant_206,F,job_10,grocery_pos,city_27,S07,72536,8,34,24,2025,11,2,11.082,18.0,15.23,45488.0,0
txn_0004230,card_0164,merchant_050,F,job_24,gas_transport,city_49,S01,47129,8,12,35,2025,10,1,32.679,79.0,52.35,14906.0,0
txn_0007356,card_0157,merchant_215,M,job_24,entertainment,city_31,S11,59254,12,37,36,2025,8,28,3.764,49.0,57.13,126033.0,0
txn_0003716,card_0460,merchant_066,M,job_02,shopping_pos,city_01,S01,23043,19,2,34,2025,10,18,1.416,30.0,151.41,49897.0,0
txn_0006868,card_0557,merchant_019,M,job_14,food_dining,city_13,S02,37125,21,2,20,2025,6,8,12.436,49.0,52.76,165286.0,0
txn_0005635,card_0185,merchant_066,F,job_26,shopping_pos,city_47,S02,59857,3,19,3,2025,5,3,2.206,35.0,15.93,66776.0,0
txn_0002582,card_0366,merchant_186,F,job_01,health_fitness,city_18,S12,80676,4,57,29,2025,3,24,18.551,47.0,78.67,95079.0,0
txn_0006258,card_0450,merchant_010,M,job_01,health_fitness,city_30,S10,39134,9,34,46,2025,3,5,4.655,29.0,69.18,11583.0,0
txn_0001158,card_0345,merchant_062,F,job_31,shopping_net,city_26,S13,75980,7,13,39,2025,1,27,95.057,37.0,286.29,17520.0,0
txn_0001595,card_0862,merchant_006,F,job_00,shopping_net,city_08,S06,62957,13,2,2,2025,11,28,127.434,79.0,192.04,40823.0,0
txn_0005897,card_0397,merchant_132,F,job_21,misc_net,city_51,S04,86112,1,57,9,2025,3,18,20.278,48.0,84.02,71633.0,0
txn_0004373,card_0105,merchant_195,M,job_29,misc_net,city_14,S14,55018,0,29,56,2025,1,13,20.376,37.0,120.39,17277.0,0
txn_0001691,card_0268,merchant_135,M,job_31,shopping_net,city_19,S10,29944,17,5,47,2025,1,5,18.669,53.0,43.01,32962.0,0
txn_0002740,card_0157,merchant_175,M,job_24,gas_transport,city_31,S11,59254,20,19,56,2025,10,12,23.147,49.0,61.16,126033.0,0
txn_0005262,card_0446,merchant_055,F,job_27,grocery_pos,city_34,S09,50702,0,33,7,2025,3,6,19.665,67.0,41.22,121235.0,0
txn_0002255,card_0039,merchant_173,M,job_16,misc_net,city_33,S05,65774,18,37,37,2025,11,22,53.246,40.0,612.04,174940.0,1
txn_0006448,card_0003,merchant_162,F,job_28,health_fitness,city_15,S12,66118,13,57,41,2025,12,22,38.332,52.0,48.82,69748.0,0
txn_0007409,card_0693,merchant_111,M,job_00,travel,city_36,S02,18490,12,33,25,2025,1,4,6.098,35.0,185.42,50121.0,0
txn_0006447,card_0274,merchant_191,F,job_00,shopping_pos,city_41,S00,65875,9,19,37,2025,4,24,37.46,31.0,41.4,24142.0,0
txn_0007796,card_0457,merchant_002,M,job_04,food_dining,city_39,S14,57739,13,16,17,2025,7,18,40.972,31.0,177.31,36671.0,0
txn_0001513,card_0131,merchant_162,M,job_05,health_fitness,city_28,S11,87396,14,23,8,2025,12,1,14.976,22.0,36.35,110180.0,0
txn_0005396,card_0783,merchant_040,F,job_25,travel,city_39,S03,60747,18,3,4,2025,4,20,14.907,48.0,132.42,83766.0,0
txn_0007712,card_0789,merchant_140,F,job_03,misc_net,city_20,S10,63806,21,35,1,2025,7,6,3.142,63.0,274.28,11780.0,0
txn_0002183,card_0638,merchant_057,M,job_22,travel,city_50,S12,78350,12,58,10,2025,5,2,25.373,61.0,294.69,12420.0,0
txn_0003120,card_0625,merchant_189,F,job_01,shopping_pos,city_33,S11,26011,18,40,27,2025,8,14,40.76,42.0,100.8,97440.0,0
txn_0002380,card_0620,merchant_020,F,job_27,food_dining,city_15,S01,20058,1,49,51,2025,11,10,260.334,22.0,585.41,25494.0,0
txn_0003685,card_0550,merchant_024,M,job_09,shopping_pos,city_32,S05,39627,18,46,54,2025,5,11,3.498,49.0,153.96,101675.0,0
txn_0002672,card_0231,merchant_117,M,job_21,entertainment,city_10,S10,28250,19,41,31,2025,9,30,41.991,58.0,125.46,23513.0,0
txn_0005642,card_0097,merchant_084,M,job_11,misc_net,city_52,S08,47102,18,15,1,2025,2,15,15.572,33.0,128.86,19802.0,0
txn_0005075,card_0585,merchant_119,M,job_27,health_fitness,city_52,S07,61474,10,45,10,2025,8,11,26.05,45.0,35.85,31818.0,0
txn_0002195,card_0887,merchant_177,F,job_03,gas_transport,city_33,S10,32909,22,34,14,2025,12,3,6.565,31.0,73.02,37795.0,0
txn_0003134,card_0291,merchant_095,F,job_08,food_dining,city_19,S09,93310,14,20,21,2025,9,24,13.307,34.0,92.02,4330.0,0
txn_0005722,card_0892,merchant_081,M,job_11,shopping_net,city_54,S14,72684,16,47,37,2025,6,23,21.148,57.0,115.56,17945.0,0
txn_0003427,card_0063,merchant_115,M,job_06,gas_transport,city_22,S00,96597,14,16,30,2025,2,7,1.471,41.0,426.26,47888.0,0
txn_0002468,card_0398,merchant_066,F,job_16,shopping_pos,city_34,S02,75813,8,9,53,2025,5,14,22.769,18.0,44.68,19313.0,0
txn_0003592,card_0413,merchant_066,F,job_27,shopping_pos,city_06,S13,54033,10,12,48,2025,4,20,25.833,39.0,105.33,71376.0,0
txn_0002722,card_0880,merchant_149,F,job_01,misc_net,city_07,S13,52065,4,24,10,2025,7,10,59.79,37.0,100.89,33773.0,0
txn_0007710,card_0728,merchant_167,F,job_12,health_fitness,city_05,S11,14344,13,26,55,2025,4,17,922.406,25.0,533.27,30801.0,0
txn_0007574,card_0311,merchant_159,M,job_25,grocery_pos,city_40,S07,97362,15,29,53,2025,6,22,4.212,68.0,8.36,3221.0,0
txn_0007974,card_0663,merchant_046,F,job_29,entertainment,city_35,S12,78097,10,9,47,2025,1,13,31.725,87.0,42.48,43929.0,0
txn_0003517,card_0879,merchant_158,M,job_21,grocery_pos,city_22,S01,58345,21,50,48,2025,12,23,3.957,59.0,65.96,52851.0,0
txn_0001364,card_0605,merchant_022,M,job_07,grocery_pos,city_49,S03,82624,18,49,40,2025,11,28,6.772,46.0,175.19,19300.0,0
txn_0005152,card_0612,merchant_041,M,job_23,shopping_net,city_55,S13,47427,14,34,59,2025,1,3,34.275,38.0,61.91,21014.0,0
txn_0007354,card_0799,merchant_111,F,job_30,travel,city_23,S06,69662,15,27,32,2025,6,27,48.57,39.0,149.38,33559.0,0
txn_0001136,card_0418,merchant_057,F,job_14,travel,city_17,S00,26837,16,53,3,2025,11,21,14.437,33.0,896.49,24651.0,0
txn_0002514,card_0615,merchant_207,M,job_29,food_dining,city_29,S12,99351,21,7,51,2025,2,8,259.39,37.0,114.57,10294.0,0
txn_0006797,card_0248,merchant_103,M,job_22,gas_transport,city_45,S07,76637,8,57,46,2025,10,18,29.926,55.0,19.68,41744.0,0
txn_0004244,card_0527,merchant_060,F,job_28,entertainment,city_10,S05,18163,16,19,56,2025,8,15,2.206,42.0,44.23,9642.0,0
txn_0004527,card_0098,merchant_068,M,job_30,shopping_pos,city_44,S10,36062,23,32,4,2025,9,24,6.661,37.0,276.23,67830.0,0
txn_0006148,card_0388,merchant_090,M,job_03,shopping_net,city_27,S03,47363,3,5,10,2025,6,27,3.649,48.0,101.99,26622.0,0
txn_0006973,card_0172,merchant_141,M,job_24,gas_transport,city_40,S12,57478,5,9,26,2025,12,22,22.783,42.0,156.23,20384.0,0
txn_0005648,card_0702,merchant_052,F,job_26,entertainment,city_45,S02,22007,12,9,29,2025,5,26,32.505,58.0,97.43,19523.0,0
txn_0002322,card_0642,merchant_000,M,job_02,health_fitness,city_00,S01,84206,20,36,20,2025,7,26,36.877,52.0,63.39,4410.0,0
txn_0001854,card_0607,merchant_204,M,job_15,misc_net,city_42,S02,94320,0,45,21,2025,2,27,13.106,18.0,133.73,44221.0,0
txn_0000263,card_0585,merchant_151,M,job_27,shopping_net,city_52,S07,61474,9,9,59,2025,6,18,4.845,45.0,45.45,31818.0,0
txn_0007898,card_0788,merchant_131,M,job_30,grocery_pos,city_58,S06,40323,1,27,53,2025,12,5,8.223,47.0,81.58,18730.0,0
txn_0002131,card_0004,merchant_199,F,job_14,misc_net,city_07,S01,93225,2,20,14,2025,8,6,63.145,59.0,144.08,22681.0,0
txn_0007604,card_0014,merchant_013,M,job_18,food_dining,city_53,S07,77614,2,22,13,2025,1,28,32.767,32.0,24.75,32445.0,0
txn_0004082,card_0343,merchant_090,M,job_15,shopping_net,city_36,S07,97250,2,18,41,2025,2,20,22.229,55.0,97.95,16757.0,0
txn_0007366,card_0345,merchant_183,F,job_31,food_dining,city_26,S13,75980,8,44,1,2025,2,5,2.292,37.0,55.18,17520.0,0
txn_0005566,card_0291,merchant_066,F,job_08,shopping_pos,city_19,S09,93310,18,52,45,2025,4,15,33.502,34.0,97.0,4330.0,0
txn_0001575,card_0835,merchant_045,M,job_25,gas_transport,city_01,S01,93665,10,54,14,2025,7,8,18.236,51.0,65.56,29991.0,0
txn_0002967,card_0448,merchant_205,M,job_23,personal_care,city_09,S14,40221,7,58,4,2025,11,3,32.301,48.0,39.82,11375.0,0
txn_0007343,card_0074,merchant_046,M,job_04,entertainment,city_24,S08,68154,0,7,11,2025,6,3,26.381,46.0,132.23,52934.0,0
txn_0006854,card_0281,merchant_128,F,job_29,travel,city_05,S00,30122,6,55,13,2025,11,2,21.201,32.0,615.26,33688.0,0
txn_0002276,card_0057,merchant_196,F,job_20,shopping_pos,city_35,S09,92950,7,42,32,2025,12,1,7.825,47.0,222.72,18705.0,0
txn_0002756,card_0020,merchant_159,M,job_27,grocery_pos,city_18,S09,99646,14,56,1,2025,1,11,9.673,45.0,40.61,33981.0,0
txn_0007868,card_0828,merchant_109,M,job_14,health_fitness,city_36,S02,79377,0,23,41,2025,6,2,22.771,32.0,180.61,5801.0,1
txn_0005054,card_0049,merchant_014,M,job_08,travel,city_09,S14,76375,19,45,22,2025,10,1,29.064,60.0,48.52,30920.0,0
txn_0007665,card_0659,merchant_060,F,job_27,entertainment,city_03,S07,12268,10,16,31,2025,4,16,36.249,32.0,23.26,4078.0,0
txn_0002632,card_0806,merchant_138,M,job_31,entertainment,city_31,S12,33286,9,14,55,2025,6,14,643.884,18.0,724.07,4940.0,0
txn_0004858,card_0790,merchant_069,F,job_24,shopping_pos,city_04,S01,26257,1,51,47,2025,8,6,64.601,53.0,108.44,7219.0,0
txn_0005103,card_0303,merchant_076,M,job_24,entertainment,city_07,S14,11084,10,3,6,2025,7,17,11.149,51.0,286.68,69693.0,0
txn_0006528,card_0181,merchant_139,F,job_31,food_dining,city_37,S03,30507,17,56,46,2025,9,1,22.953,55.0,73.61,52502.0,0
txn_0005761,card_0061,merchant_063,M,job_13,shopping_net,city_17,S06,52148,11,12,2,2025,10,28,24.944,33.0,75.55,42052.0,0
txn_0000431,card_0282,merchant_007,M,job_22,misc_net,city_19,S12,61764,9,44,35,2025,1,2,58.951,47.0,134.27,159274.0,0
txn_0003242,card_0311,merchant_144,M,job_25,grocery_pos,city_40,S07,97362,17,32,38,2025,6,4,51.45,68.0,83.97,3221.0,0
txn_0004194,card_0306,merchant_071,F,job_16,personal_care,city_45,S08,74371,22,32,52,2025,11,27,11.95,65.0,27.76,49497.0,0
txn_0002392,card_0883,merchant_056,F,job_30,entertainment,city_48,S04,15456,9,10,23,2025,9,2,23.133,37.0,24.56,6200.0,0
txn_0000024,card_0505,merchant_022,F,job_04,grocery_pos,city_05,S10,50725,23,36,6,2025,9,29,59.389,42.0,18.18,54508.0,0
txn_0002402,card_0491,merchant_164,M,job_16,shopping_pos,city_19,S10,13811,5,20,14,2025,4,7,10.607,30.0,164.79,93650.0,0
txn_0005683,card_0408,merchant_070,M,job_13,misc_net,city_14,S13,27071,12,38,27,2025,11,9,2.334,56.0,231.71,42019.0,0
txn_0007576,card_0268,merchant_056,M,job_31,entertainment,city_19,S10,29944,2,18,40,2025,1,5,31.567,53.0,315.75,32962.0,0
txn_0005734,card_0652,merchant_026,F,job_17,shopping_pos,city_05,S01,98218,15,17,9,2025,12,21,66.032,63.0,72.29,20375.0,0
txn_0007806,card_0596,merchant_151,M,job_17,shopping_net,city_56,S03,59808,0,16,38,2025,7,6,0.475,52.0,248.99,12097.0,0
txn_0002283,card_0833,merchant_114,F,job_27,travel,city_33,S14,20261,6,50,40,2025,11,17,2.336,49.0,182.4,73071.0,0
txn_0006634,card_0308,merchant_135,F,job_09,shopping_net,city_16,S09,27657,20,50,24,2025,5,26,13.085,57.0,47.35,39872.0,0
txn_0001074,card_0306,merchant_026,F,job_16,shopping_pos,city_45,S08,74371,23,47,40,2025,7,5,21.699,65.0,103.48,49497.0,0
txn_0003183,card_0435,merchant_099,F,job_31,shopping_net,city_47,S00,12883,10,48,26,2025,3,20,5.831,61.0,414.85,6401.0,0
txn_0001609,card_0137,merchant_069,F,job_00,shopping_pos,city_33,S13,57568,3,4,49,2025,8,10,24.074,56.0,79.83,51087.0,0
txn_0002872,card_0688,merchant_205,F,job_27,personal_care,city_31,S04,78790,15,52,42,2025,7,14,60.781,38.0,89.99,144528.0,0
txn_0005404,card_0521,merchant_121,F,job_31,entertainment,city_02,S03,95086,3,7,17,2025,12,27,2.348,62.0,21.5,12996.0,0
txn_0006002,card_0681,merchant_107,F,job_06,personal_care,city_51,S11,90594,15,26,10,2025,7,1,22.691,57.0,54.81,3818.0,0
txn_0007992,card_0410,merchant_196,F,job_16,shopping_pos,city_41,S08,41771,4,59,19,2025,12,5,8.138,21.0,19.68,40567.0,0
txn_0004865,card_0012,merchant_013,M,job_12,food_dining,city_40,S14,64844,11,24,16,2025,4,28,37.131,62.0,73.86,122514.0,0
txn_0002190,card_0376,merchant_210,M,job_21,misc_net,city_06,S01,67960,7,14,37,2025,3,8,16.924,33.0,111.95,2871.0,0
txn_0000567,card_0146,merchant_102,F,job_07,shopping_pos,city_09,S12,50406,10,10,31,2025,1,15,33.416,42.0,107.54,10469.0,0
txn_0002680,card_0402,merchant_134,F,job_22,misc_net,city_02,S00,13175,12,59,53,2025,1,8,510.391,43.0,824.75,45975.0,0
txn_0004131,card_0345,merchant_166,F,job_31,shopping_net,city_26,S13,75980,5,3,19,2025,4,14,15.211,37.0,103.51,17520.0,0
txn_0000836,card_0759,merchant_020,M,job_08,food_dining,city_35,S05,97278,22,30,4,2025,12,12,10.591,71.0,30.75,36128.0,0
txn_0007797,card_0454,merchant_035,M,job_07,shopping_pos,city_17,S01,10527,21,41,12,2025,6,11,76.341,44.0,57.12,61504.0,0
txn_0004927,card_0382,merchant_101,M,job_12,health_fitness,city_36,S04,70381,5,10,49,2025,9,30,16.072,43.0,55.54,64521.0,0
txn_0002535,card_0039,merchant_200,M,job_16,shopping_pos,city_33,S05,65774,6,42,25,2025,8,26,79.658,40.0,33.56,174940.0,0
txn_0000198,card_0448,merchant_219,M,job_23,misc_net,city_09,S14,40221,18,43,26,2025,2,25,6.996,48.0,161.89,11375.0,0
txn_0000430,card_0339,merchant_215,M,job_01,entertainment,city_24,S02,55884,23,20,13,2025,5,30,13.648,53.0,128.47,166877.0,0
txn_0005254,card_0831,merchant_193,F,job_28,travel,city_40,S01,17898,13,42,0,2025,2,27,73.442,52.0,204.26,51806.0,0
txn_0003000,card_0059,merchant_078,M,job_13,travel,city_44,S06,54415,22,42,16,2025,10,28,21.956,52.0,114.35,12110.0,0
txn_0007134,card_0451,merchant_119,M,job_12,health_fitness,city_33,S03,45466,18,2,17,2025,11,2,18.167,18.0,61.87,7445.0,0
txn_0005279,card_0808,merchant_139,F,job_07,food_dining,city_31,S00,33457,22,42,1,2025,2,8,9.605,40.0,42.33,8599.0,0
txn_0001549,card_0356,merchant_026,F,job_07,shopping_pos,city_26,S12,56894,2,30,2,2025,3,15,56.443,18.0,371.12,30832.0,0
txn_0005649,card_0586,merchant_000,M,job_05,health_fitness,city_57,S01,33923,8,54,16,2025,6,23,11.835,44.0,39.08,7239.0,0
txn_0005694,card_0255,merchant_000,F,job_18,health_fitness,city_21,S14,74026,7,39,20,2025,4,9,37.358,45.0,96.74,1630.0,0
txn_0000857,card_0514,merchant_171,M,job_18,food_dining,city_13,S08,36197,22,1,14,2025,8,15,21.601,42.0,56.38,3817.0,0
txn_0005939,card_0215,merchant_212,F,job_15,gas_transport,city_19,S06,16461,15,58,56,2025,8,1,25.929,63.0,89.0,57708.0,0
txn_0000163,card_0454,merchant_128,M,job_07,travel,city_17,S01,10527,23,39,43,2025,9,7,9.104,44.0,457.43,61504.0,0
txn_0002631,card_0586,merchant_118,M,job_05,grocery_pos,city_57,S01,33923,8,8,53,2025,5,2,20.888,44.0,33.09,7239.0,0
txn_0004931,card_0048,merchant_035,M,job_30,shopping_pos,city_31,S06,99880,14,4,7,2025,10,4,17.667,43.0,110.24,143878.0,0
txn_0002227,card_0336,merchant_054,M,job_00,shopping_pos,city_32,S12,57145,22,50,19,2025,6,7,64.224,32.0,100.59,12691.0,0
txn_0000403,card_0239,merchant_078,M,job_17,travel,city_26,S02,95782,8,8,6,2025,10,26,13.356,42.0,334.79,4779.0,0
txn_0000943,card_0884,merchant_046,M,job_23,entertainment,city_30,S11,52198,8,30,56,2025,6,4,64.964,37.0,258.56,10873.0,0
txn_0000621,card_0131,merchant_110,M,job_05,health_fitness,city_28,S11,87396,3,52,20,2025,8,14,30.415,22.0,84.45,110180.0,0
txn_0002393,card_0202,merchant_023,F,job_29,food_dining,city_23,S12,82464,17,29,42,2025,10,19,52.503,48.0,241.37,62282.0,0
txn_0006743,card_0633,merchant_136,F,job_06,personal_care,city_18,S12,33811,8,5,16,2025,5,11,4.727,30.0,59.86,16734.0,0
txn_0005455,card_0207,merchant_112,M,job_29,personal_care,city_09,S14,23985,14,20,20,2025,5,26,99.337,39.0,111.05,49218.0,0
txn_0007291,card_0162,merchant_126,F,job_04,personal_care,city_08,S12,61812,19,35,43,2025,1,14,13.672,39.0,37.49,33878.0,0
txn_0004141,card_0873,merchant_081,F,job_12,shopping_net,city_11,S04,22282,0,15,2,2025,6,3,23.562,55.0,72.48,133358.0,0
txn_0002464,card_0117,merchant_118,F,job_15,grocery_pos,city_29,S13,32538,22,50,14,2025,5,8,3.531,50.0,25.65,81492.0,0
txn_0000989,card_0154,merchant_190,F,job_02,shopping_pos,city_58,S10,13397,18,17,37,2025,6,21,19.097,27.0,27.87,16808.0,0
txn_0005553,card_0375,merchant_128,F,job_22,travel,city_45,S11,72362,1,46,10,2025,8,1,13.025,49.0,196.4,44835.0,0
txn_0001675,card_0433,merchant_149,F,job_25,misc_net,city_08,S01,35166,7,22,21,2025,7,17,47.915,44.0,224.61,34611.0,0
txn_0005220,card_0761,merchant_208,M,job_19,gas_transport,city_21,S14,80624,4,40,22,2025,9,13,5.012,44.0,94.47,49718.0,0
txn_0005380,card_0748,merchant_096,F,job_31,misc_net,city_28,S09,79009,8,50,12,2025,1,2,38.994,54.0,250.83,57894.0,0
txn_0006394,card_0190,merchant_077,M,job_16,food_dining,city_31,S02,20080,4,28,28,2025,7,27,6.155,18.0,51.49,19592.0,0
txn_0007188,card_0324,merchant_074,M,job_13,health_fitness,city_44,S05,67434,10,55,58,2025,3,23,207.05,71.0,1211.28,406138.0,0
txn_0004820,card_0469,merchant_149,M,job_20,misc_net,city_58,S09,19025,20,35,38,2025,11,10,72.78,35.0,66.88,57003.0,0
txn_0007193,card_0581,merchant_181,M,job_00,travel,city_26,S11,42516,22,54,52,2025,5,21,19.602,35.0,91.99,42682.0,0
txn_0006658,card_0364,merchant_110,F,job_07,health_fitness,city_57,S10,27982,14,5,13,2025,9,21,6.496,60.0,190.52,39793.0,0
txn_0006624,card_0612,merchant_029,M,job_23,entertainment,city_55,S13,47427,21,29,56,2025,2,17,14.914,38.0,271.66,21014.0,0
txn_0006455,card_0660,merchant_173,F,job_09,misc_net,city_20,S14,30335,15,33,36,2025,6,9,6.765,23.0,33.91,15613.0,0
txn_0007875,card_0058,merchant_151,M,job_31,shopping_net,city_31,S05,40138,14,52,33,2025,7,6,22.319,59.0,596.23,5670.0,0
txn_0007247,card_0769,merchant_120,F,job_23,health_fitness,city_55,S12,57380,15,36,10,2025,6,14,22.325,44.0,45.78,42739.0,0
txn_0007334,card_0874,merchant_061,M,job_24,shopping_pos,city_55,S14,86548,12,25,26,2025,7,30,44.473,62.0,105.92,12477.0,0
txn_0007719,card_0759,merchant_016,M,job_08,travel,city_35,S05,97278,5,56,42,2025,4,7,0.765,71.0,225.88,36128.0,0
txn_0005068,card_0341,merchant_027,F,job_24,misc_net,city_52,S04,38098,16,34,18,2025,10,22,15.487,50.0,126.02,25502.0,0
txn_0003163,card_0345,merchant_028,F,job_31,travel,city_26,S13,75980,8,26,4,2025,5,3,68.566,37.0,927.1,17520.0,0
txn_0003173,card_0515,merchant_004,F,job_25,travel,city_00,S03,52738,2,35,55,2025,2,24,4.374,45.0,1870.0,57628.0,0
txn_0004400,card_0794,merchant_075,F,job_05,grocery_pos,city_18,S13,55794,9,29,57,2025,2,5,11.48,37.0,80.75,45592.0,0
txn_0001615,card_0662,merchant_024,F,job_07,shopping_pos,city_28,S00,36233,11,39,5,2025,1,4,14.77,33.0,181.4,32960.0,0
txn_0003521,card_0289,merchant_202,F,job_00,shopping_pos,city_01,S06,84196,23,51,8,2025,6,16,41.657,44.0,91.11,14606.0,0
txn_0003150,card_0838,merchant_189,F,job_00,shopping_pos,city_09,S07,40989,15,38,31,2025,10,28,46.945,32.0,30.76,26059.0,0
txn_0006342,card_0182,merchant_068,F,job_30,shopping_pos,city_03,S08,19433,20,56,32,2025,7,18,4.824,23.0,231.58,13944.0,0
txn_0007636,card_0397,merchant_202,F,job_21,shopping_pos,city_51,S04,86112,17,57,42,2025,5,29,41.141,48.0,123.37,71633.0,0
txn_0001932,card_0370,merchant_128,F,job_11,travel,city_01,S06,52971,10,6,27,2025,9,26,8.813,76.0,380.91,5191.0,0
txn_0007207,card_0792,merchant_110,M,job_21,health_fitness,city_31,S05,11102,17,52,14,2025,1,2,17.361,43.0,127.37,2345.0,0
txn_0002531,card_0428,merchant_060,F,job_21,entertainment,city_17,S07,72101,12,11,37,2025,4,17,554.076,33.0,1160.72,5217.0,1
txn_0002367,card_0198,merchant_142,F,job_01,grocery_pos,city_16,S11,10909,23,39,25,2025,11,24,110.274,35.0,43.73,15656.0,0
txn_0004117,card_0409,merchant_039,F,job_27,misc_net,city_08,S03,20430,20,19,47,2025,7,24,49.164,25.0,213.02,8633.0,0
txn_0006411,card_0450,merchant_055,M,job_01,grocery_pos,city_30,S10,39134,1,4,51,2025,8,19,27.043,29.0,36.07,11583.0,0
txn_0005883,card_0423,merchant_095,M,job_28,food_dining,city_25,S09,35793,20,41,33,2025,2,26,24.116,47.0,70.42,4986.0,0
txn_0000469,card_0766,merchant_138,M,job_24,entertainment,city_48,S08,24941,18,17,28,2025,4,4,24.655,64.0,57.57,36952.0,0
txn_0002669,card_0628,merchant_002,M,job_00,food_dining,city_45,S05,41290,5,52,19,2025,5,18,27.634,21.0,108.13,32276.0,0
txn_0000595,card_0360,merchant_036,M,job_08,entertainment,city_48,S03,95216,14,4,45,2025,8,21,48.733,49.0,269.75,26952.0,0
txn_0005541,card_0539,merchant_133,F,job_30,grocery_pos,city_05,S00,55408,17,34,8,2025,8,2,36.779,63.0,58.9,6336.0,0
txn_0002917,card_0857,merchant_084,F,job_19,misc_net,city_16,S05,13487,18,2,27,2025,11,18,55.16,37.0,47.66,65071.0,0
txn_0000672,card_0794,merchant_193,F,job_05,travel,city_18,S13,55794,2,13,8,2025,7,4,0.594,37.0,374.61,45592.0,0
txn_0005149,card_0004,merchant_103,F,job_14,gas_transport,city_07,S01,93225,8,26,40,2025,5,13,30.649,59.0,123.74,22681.0,0
txn_0002198,card_0889,merchant_058,F,job_24,shopping_pos,city_58,S13,44732,0,47,58,2025,12,12,9.369,58.0,139.44,9818.0,0
txn_0006266,card_0465,merchant_150,M,job_00,gas_transport,city_05,S06,41034,20,41,11,2025,9,2,5.258,46.0,56.9,130170.0,0
txn_0004124,card_0550,merchant_099,M,job_09,shopping_net,city_32,S05,39627,4,9,40,2025,6,6,47.753,49.0,59.59,101675.0,0
txn_0006403,card_0565,merchant_068,F,job_03,shopping_pos,city_05,S09,71202,8,47,26,2025,9,8,18.591,34.0,82.16,5004.0,0
txn_0005482,card_0392,merchant_144,F,job_14,grocery_pos,city_17,S10,22622,7,43,51,2025,7,14,44.901,51.0,30.74,18361.0,0
txn_0001814,card_0260,merchant_149,M,job_18,misc_net,city_53,S13,58934,20,49,25,2025,4,4,23.101,26.0,83.53,23019.0,0
txn_0007867,card_0264,merchant_198,M,job_16,food_dining,city_35,S11,66842,18,58,32,2025,11,27,27.189,34.0,47.43,39565.0,0
txn_0003665,card_0689,merchant_163,M,job_00,shopping_net,city_21,S10,37761,7,57,1,2025,4,18,13.244,39.0,80.76,14870.0,0
txn_0002390,card_0339,merchant_125,M,job_01,gas_transport,city_24,S02,55884,4,17,48,2025,6,11,2.274,53.0,77.5,166877.0,0
txn_0001840,card_0176,merchant_089,M,job_22,health_fitness,city_55,S09,57916,23,16,42,2025,9,20,20.563,51.0,73.69,63646.0,0
txn_0002543,card_0438,merchant_163,F,job_24,shopping_net,city_28,S07,37551,17,24,20,2025,9,6,36.389,53.0,61.08,57705.0,1
txn_0002332,card_0570,merchant_083,M,job_28,food_dining,city_02,S02,43544,7,20,42,2025,2,12,34.133,58.0,96.35,39651.0,0
txn_0004224,card_0102,merchant_218,M,job_17,misc_net,city_43,S14,32498,2,30,36,2025,7,6,4.011,18.0,141.99,17922.0,0
txn_0003502,card_0604,merchant_207,M,job_19,food_dining,city_23,S01,36700,5,40,23,2025,2,22,8.057,32.0,40.85,41042.0,0
txn_0001663,card_0238,merchant_141,F,job_23,gas_transport,city_59,S13,96370,15,40,50,2025,6,21,23.002,58.0,32.94,8275.0,0
txn_0004012,card_0020,merchant_100,M,job_27,health_fitness,city_18,S09,99646,11,17,50,2025,5,2,9.616,45.0,14.97,33981.0,0
txn_0006073,card_0628,merchant_163,M,job_00,shopping_net,city_45,S05,41290,3,16,40,2025,7,13,707.891,21.0,554.64,32276.0,0
txn_0007835,card_0092,merchant_046,M,job_06,entertainment,city_52,S10,27570,12,10,54,2025,3,28,52.434,61.0,73.57,26536.0,0
txn_0003966,card_0186,merchant_113,F,job_25,grocery_pos,city_49,S13,25916,13,59,32,2025,11,2,15.723,21.0,32.28,6255.0,0
txn_0002900,card_0586,merchant_095,M,job_05,food_dining,city_57,S01,33923,7,39,52,2025,1,4,10.902,44.0,52.06,7239.0,0
txn_0005104,card_0387,merchant_022,M,job_07,grocery_pos,city_15,S02,16411,6,20,30,2025,3,19,3.687,64.0,30.7,31746.0,0
txn_0000466,card_0896,merchant_082,M,job_31,gas_transport,city_07,S05,39680,19,15,35,2025,4,25,15.765,63.0,85.85,66947.0,0
txn_0001198,card_0542,merchant_190,F,job_29,shopping_pos,city_32,S13,24699,23,49,18,2025,12,12,13.894,32.0,141.18,22241.0,0
txn_0007779,card_0422,merchant_108,M,job_17,grocery_pos,city_01,S07,58810,9,2,27,2025,8,28,11.432,66.0,30.19,17814.0,0
txn_0006376,card_0750,merchant_038,M,job_06,food_dining,city_39,S07,64754,16,10,32,2025,3,10,814.221,28.0,131.7,43963.0,0
txn_0000719,card_0336,merchant_065,M,job_00,health_fitness,city_32,S12,57145,13,51,24,2025,8,14,28.604,32.0,60.34,12691.0,0
txn_0002914,card_0690,merchant_129,M,job_23,travel,city_20,S03,16125,19,47,52,2025,12,22,26.38,33.0,97.32,15110.0,0
txn_0004189,card_0520,merchant_133,F,job_30,grocery_pos,city_05,S10,75338,22,3,19,2025,2,11,24.312,46.0,37.14,33802.0,0
txn_0006341,card_0502,merchant_211,M,job_09,misc_net,city_34,S11,27106,3,39,2,2025,8,24,7.512,56.0,379.56,6066.0,0
txn_0006158,card_0444,merchant_138,M,job_05,entertainment,city_42,S11,47198,22,9,43,2025,1,11,28.142,64.0,96.89,18650.0,0
txn_0002570,card_0362,merchant_050,F,job_14,gas_transport,city_24,S05,69100,20,57,33,2025,7,16,54.699,63.0,45.18,6535.0,0
txn_0005065,card_0458,merchant_182,M,job_03,entertainment,city_00,S10,28475,11,16,32,2025,6,9,39.124,41.0,275.98,43530.0,0
txn_0000485,card_0549,merchant_140,M,job_03,misc_net,city_30,S05,45089,21,45,23,2025,9,11,1.21,54.0,164.24,25633.0,0
txn_0005218,card_0360,merchant_034,M,job_08,misc_net,city_48,S03,95216,1,19,59,2025,2,4,35.052,49.0,57.93,26952.0,0
txn_0004298,card_0117,merchant_190,F,job_15,shopping_pos,city_29,S13,32538,18,31,20,2025,3,13,20.072,50.0,82.59,81492.0,0
txn_0005578,card_0428,merchant_052,F,job_21,entertainment,city_17,S07,72101,0,27,11,2025,6,21,94.518,33.0,133.84,5217.0,0
txn_0004569,card_0709,merchant_146,F,job_04,grocery_pos,city_07,S07,64216,17,15,32,2025,11,7,31.04,52.0,157.61,36438.0,0
txn_0007047,card_0584,merchant_167,F,job_13,health_fitness,city_11,S06,15013,9,20,36,2025,12,23,83.281,49.0,78.84,8517.0,0
txn_0005028,card_0334,merchant_218,F,job_20,misc_net,city_26,S01,26507,20,49,41,2025,6,16,41.13,42.0,257.98,6773.0,1
txn_0005850,card_0484,merchant_210,F,job_12,misc_net,city_40,S09,55151,15,15,5,2025,10,5,28.389,23.0,243.96,33157.0,0
txn_0005175,card_0034,merchant_144,M,job_14,grocery_pos,city_24,S06,96482,1,29,50,2025,10,6,12.622,31.0,19.87,14379.0,0
txn_0002800,card_0297,merchant_213,F,job_31,gas_transport,city_51,S05,11607,9,29,58,2025,3,14,4.299,18.0,71.53,18765.0,0
txn_0004137,card_0681,merchant_071,F,job_06,personal_care,city_51,S11,90594,16,46,53,2025,4,17,46.978,57.0,48.87,3818.0,0
txn_0003523,card_0448,merchant_062,M,job_23,shopping_net,city_09,S14,40221,7,5,44,2025,3,6,25.257,48.0,96.0,11375.0,0
txn_0000049,card_0211,merchant_004,M,job_07,travel,city_23,S01,50021,12,56,57,2025,2,18,15.711,66.0,498.48,46519.0,0
txn_0007145,card_0361,merchant_196,M,job_29,shopping_pos,city_14,S04,87359,3,27,22,2025,2,18,17.047,45.0,79.29,5928.0,0
txn_0005071,card_0649,merchant_145,M,job_00,health_fitness,city_10,S11,44075,8,44,26,2025,6,1,33.4,58.0,102.27,89263.0,0
txn_0001397,card_0742,merchant_140,M,job_14,misc_net,city_57,S06,52094,18,6,54,2025,11,8,18.333,44.0,166.29,32730.0,0
txn_0005589,card_0327,merchant_161,F,job_31,shopping_pos,city_37,S11,23822,0,8,56,2025,7,22,723.086,39.0,644.72,41155.0,0
txn_0004332,card_0054,merchant_046,F,job_25,entertainment,city_06,S14,70175,20,43,30,2025,8,17,71.271,58.0,88.55,13250.0,0
txn_0006939,card_0193,merchant_156,F,job_12,health_fitness,city_38,S13,69027,7,16,24,2025,11,15,57.826,48.0,47.75,42360.0,0
txn_0004753,card_0790,merchant_207,F,job_24,food_dining,city_04,S01,26257,23,22,43,2025,10,17,1.662,53.0,26.97,7219.0,0
txn_0000387,card_0027,merchant_159,M,job_09,grocery_pos,city_59,S00,31335,3,17,17,2025,2,23,21.51,52.0,30.38,36787.0,0
txn_0000774,card_0833,merchant_143,F,job_27,travel,city_33,S14,20261,23,38,13,2025,6,18,17.449,49.0,383.03,73071.0,0
txn_0006475,card_0179,merchant_006,M,job_26,shopping_net,city_47,S14,50164,1,28,40,2025,4,26,20.796,43.0,148.98,16322.0,0
txn_0002166,card_0711,merchant_015,M,job_04,health_fitness,city_51,S14,87116,17,26,33,2025,8,3,30.323,70.0,120.11,17946.0,0
txn_0007500,card_0516,merchant_018,M,job_20,personal_care,city_05,S00,11675,18,19,37,2025,3,29,5.819,46.0,41.6,80145.0,0
txn_0006847,card_0589,merchant_211,M,job_16,misc_net,city_52,S02,91007,23,8,16,2025,12,20,11.693,38.0,343.7,93917.0,0
txn_0007046,card_0858,merchant_119,M,job_18,health_fitness,city_40,S02,20484,8,8,2,2025,11,14,9.064,35.0,40.41,12979.0,0
txn_0004193,card_0244,merchant_158,M,job_10,grocery_pos,city_16,S12,92885,23,50,1,2025,1,5,6.293,55.0,43.24,5607.0,0
txn_0006822,card_0442,merchant_176,F,job_03,travel,city_27,S06,78374,8,50,20,2025,10,28,10.118,30.0,333.4,20868.0,0
txn_0000933,card_0456,merchant_195,F,job_11,misc_net,city_47,S11,86218,14,20,23,2025,9,19,21.418,48.0,152.4,19702.0,0
txn_0000257,card_0269,merchant_057,M,job_29,travel,city_25,S09,74052,2,43,27,2025,7,12,29.312,44.0,983.39,27576.0,1
txn_0000553,card_0779,merchant_045,M,job_16,gas_transport,city_34,S11,93662,16,9,54,2025,8,4,9.937,76.0,55.12,32741.0,0
txn_0007813,card_0133,merchant_123,M,job_10,grocery_pos,city_57,S08,93963,5,5,55,2025,7,28,21.81,44.0,86.18,58091.0,0
txn_0005715,card_0893,merchant_166,M,job_08,shopping_net,city_25,S08,33570,0,51,52,2025,6,25,29.065,33.0,28.07,12206.0,0
txn_0005665,card_0647,merchant_182,M,job_27,entertainment,city_38,S01,27364,19,59,51,2025,6,6,3.153,35.0,164.95,59874.0,0
txn_0006585,card_0799,merchant_150,F,job_30,gas_transport,city_23,S06,69662,15,56,38,2025,4,23,7.3,39.0,169.28,33559.0,0
txn_0002469,card_0281,merchant_060,F,job_29,entertainment,city_05,S00,30122,18,43,56,2025,5,23,11.692,32.0,110.67,33688.0,0
txn_0001970,card_0731,merchant_044,F,job_28,entertainment,city_48,S11,34330,13,30,23,2025,5,24,71.56,56.0,150.18,207616.0,0
txn_0003240,card_0464,merchant_183,F,job_17,food_dining,city_06,S01,78084,10,39,25,2025,2,23,29.346,38.0,22.44,96885.0,0
txn_0003206,card_0254,merchant_182,M,job_09,entertainment,city_42,S04,53382,14,14,35,2025,4,26,59.523,38.0,98.65,17238.0,0
txn_0002759,card_0270,merchant_152,F,job_20,entertainment,city_11,S09,14125,16,55,28,2025,1,9,19.471,38.0,214.43,18861.0,0
txn_0002477,card_0114,merchant_120,M,job_16,health_fitness,city_19,S02,75298,21,11,37,2025,11,12,79.238,51.0,67.71,67304.0,0
txn_0002555,card_0337,merchant_186,F,job_03,health_fitness,city_01,S02,52521,14,16,47,2025,8,26,16.698,21.0,406.18,26908.0,0
txn_0005495,card_0205,merchant_029,F,job_05,entertainment,city_07,S12,86390,10,43,24,2025,7,21,22.665,21.0,33.32,40780.0,0
txn_0006509,card_0688,merchant_207,F,job_27,food_dining,city_31,S04,78790,1,5,44,2025,11,17,51.852,38.0,60.44,144528.0,0
txn_0006860,card_0724,merchant_108,M,job_17,grocery_pos,city_03,S09,97406,8,30,38,2025,6,24,48.859,35.0,75.13,17517.0,0
txn_0005198,card_0634,merchant_011,F,job_26,gas_transport,city_27,S01,33293,19,17,50,2025,5,29,8.163,51.0,34.44,26134.0,0
txn_0003611,card_0787,merchant_201,M,job_13,gas_transport,city_19,S14,15296,18,29,15,2025,1,20,28.092,66.0,140.67,16097.0,0
txn_0006959,card_0890,merchant_069,F,job_18,shopping_pos,city_43,S01,26931,1,9,4,2025,7,12,17.789,61.0,110.02,32320.0,0
txn_0001281,card_0516,merchant_022,M,job_20,grocery_pos,city_05,S00,11675,4,3,31,2025,10,12,83.594,46.0,53.57,80145.0,0
txn_0007637,card_0603,merchant_143,F,job_10,travel,city_33,S04,21767,12,3,26,2025,1,28,55.852,30.0,253.94,11146.0,0
txn_0002267,card_0238,merchant_080,F,job_23,grocery_pos,city_59,S13,96370,23,42,1,2025,12,13,5.197,58.0,147.02,8275.0,0
txn_0000593,card_0089,merchant_204,M,job_25,misc_net,city_26,S12,25062,13,36,59,2025,1,1,8.127,22.0,68.92,6235.0,0
txn_0006555,card_0154,merchant_137,F,job_02,grocery_pos,city_58,S10,13397,5,15,17,2025,10,22,23.589,27.0,14.69,16808.0,0
txn_0007375,card_0566,merchant_154,F,job_20,gas_transport,city_20,S11,51610,13,4,25,2025,7,18,18.864,19.0,93.54,24577.0,0
txn_0000665,card_0893,merchant_127,M,job_08,food_dining,city_25,S08,33570,9,11,2,2025,9,11,20.571,33.0,45.41,12206.0,0
txn_0006571,card_0466,merchant_174,F,job_09,entertainment,city_41,S11,86884,19,19,17,2025,6,28,41.723,38.0,62.1,49879.0,0
txn_0004676,card_0691,merchant_219,M,job_11,misc_net,city_15,S07,93630,9,11,36,2025,3,31,11.551,50.0,254.34,114545.0,0
txn_0007000,card_0451,merchant_125,M,job_12,gas_transport,city_33,S03,45466,5,29,39,2025,10,29,7.849,18.0,53.41,7445.0,0
txn_0001468,card_0829,merchant_214,F,job_03,travel,city_02,S01,93011,11,46,11,2025,2,1,27.44,48.0,173.94,11435.0,1
txn_0001559,card_0068,merchant_172,F,job_29,entertainment,city_01,S07,48337,12,2,27,2025,1,10,4.441,18.0,111.1,9723.0,0
txn_0004618,card_0273,merchant_115,M,job_05,gas_transport,city_20,S14,52751,16,11,16,2025,11,15,13.203,52.0,19.73,13577.0,0
txn_0001286,card_0478,merchant_027,M,job_16,misc_net,city_22,S03,32240,23,35,42,2025,11,6,47.401,19.0,135.86,42513.0,0
txn_0000966,card_0840,merchant_002,F,job_13,food_dining,city_14,S11,39359,10,0,26,2025,8,26,12.812,62.0,108.93,27315.0,0
txn_0002289,card_0585,merchant_165,M,job_27,shopping_net,city_52,S07,61474,15,22,39,2025,5,15,53.966,45.0,166.54,31818.0,0
txn_0003059,card_0278,merchant_018,F,job_08,personal_care,city_15,S04,26043,6,28,58,2025,2,14,21.481,55.0,69.74,9274.0,0
txn_0001403,card_0293,merchant_103,F,job_22,gas_transport,city_11,S12,28121,16,44,40,2025,5,19,9.229,33.0,15.04,8543.0,0
txn_0007908,card_0211,merchant_090,M,job_07,shopping_net,city_23,S01,50021,10,3,26,2025,3,1,19.28,66.0,153.26,46519.0,0
txn_0002957,card_0611,merchant_125,F,job_07,gas_transport,city_02,S06,73931,17,45,42,2025,8,21,23.131,39.0,221.05,47486.0,0
txn_0007855,card_0032,merchant_186,F,job_08,health_fitness,city_35,S13,13342,14,0,46,2025,7,20,4.994,26.0,59.74,25638.0,0
txn_0006884,card_0722,merchant_095,M,job_29,food_dining,city_12,S09,51633,15,1,8,2025,5,17,93.775,26.0,14.96,22839.0,0
txn_0004638,card_0322,merchant_058,M,job_30,shopping_pos,city_34,S05,53289,6,19,28,2025,11,9,5.954,41.0,44.36,70567.0,0
txn_0007271,card_0360,merchant_187,M,job_08,misc_net,city_48,S03,95216,21,16,21,2025,12,13,60.755,49.0,84.1,26952.0,1
txn_0007474,card_0360,merchant_016,M,job_08,travel,city_48,S03,95216,9,8,45,2025,3,29,3.038,49.0,139.34,26952.0,0
txn_0003709,card_0340,merchant_173,M,job_16,misc_net,city_42,S05,59026,21,42,33,2025,2,11,9.575,51.0,269.36,176709.0,0
txn_0006987,card_0701,merchant_011,M,job_23,gas_transport,city_05,S13,69060,13,20,40,2025,11,8,785.352,24.0,540.23,11513.0,0
txn_0005006,card_0610,merchant_127,M,job_10,food_dining,city_31,S07,23593,4,8,29,2025,9,27,21.006,35.0,112.88,38966.0,0
txn_0003788,card_0184,merchant_188,F,job_06,personal_care,city_38,S05,98619,10,12,28,2025,3,23,11.924,54.0,178.52,11608.0,0
txn_0007452,card_0827,merchant_004,M,job_18,travel,city_00,S01,53413,1,6,7,2025,10,29,47.029,25.0,256.91,5874.0,0
txn_0006079,card_0171,merchant_136,F,job_06,personal_care,city_55,S14,39760,5,14,15,2025,12,13,4.998,41.0,57.99,17567.0,0
txn_0001833,card_0546,merchant_169,F,job_30,travel,city_19,S11,47216,5,56,10,2025,9,18,22.447,59.0,487.27,101022.0,0
txn_0000209,card_0347,merchant_047,M,job_14,personal_care,city_56,S11,43208,7,2,22,2025,1,21,9.588,72.0,17.35,64770.0,0
txn_0004305,card_0410,merchant_012,F,job_16,personal_care,city_41,S08,41771,13,4,55,2025,8,28,2.985,21.0,95.24,40567.0,0
txn_0006558,card_0206,merchant_139,M,job_07,food_dining,city_26,S09,19234,23,22,31,2025,12,11,14.583,48.0,38.85,39523.0,0
txn_0005739,card_0601,merchant_103,M,job_08,gas_transport,city_33,S03,77239,2,20,5,2025,5,21,7.284,58.0,98.95,9981.0,0
txn_0000938,card_0216,merchant_029,F,job_31,entertainment,city_24,S09,50668,8,41,34,2025,6,24,27.834,34.0,75.1,20708.0,0
txn_0000757,card_0765,merchant_074,M,job_12,health_fitness,city_25,S11,85431,10,49,54,2025,11,17,1.897,22.0,55.83,8164.0,0
txn_0007237,card_0797,merchant_160,F,job_04,travel,city_43,S07,33269,4,39,5,2025,8,29,16.804,77.0,665.49,145932.0,0
txn_0005577,card_0698,merchant_117,F,job_27,entertainment,city_01,S00,13266,1,44,30,2025,2,11,8.654,32.0,30.94,56342.0,0
txn_0000514,card_0632,merchant_187,F,job_29,misc_net,city_09,S03,64461,4,26,18,2025,9,12,7.116,58.0,119.63,418861.0,0
txn_0003110,card_0049,merchant_055,M,job_08,grocery_pos,city_09,S14,76375,5,3,50,2025,5,27,10.953,60.0,82.23,30920.0,0
txn_0001695,card_0893,merchant_095,M,job_08,food_dining,city_25,S08,33570,4,0,23,2025,9,14,11.645,33.0,84.3,12206.0,0
txn_0007402,card_0372,merchant_068,F,job_29,shopping_pos,city_59,S03,21168,16,32,3,2025,9,18,15.67,65.0,124.22,72804.0,0
txn_0006751,card_0375,merchant_017,F,job_22,shopping_net,city_45,S11,72362,21,33,5,2025,4,3,0.559,49.0,131.0,44835.0,0
txn_0007099,card_0643,merchant_037,F,job_18,shopping_net,city_12,S09,12952,12,16,2,2025,10,10,29.884,54.0,402.02,45789.0,0
txn_0001730,card_0215,merchant_195,F,job_15,misc_net,city_19,S06,16461,21,54,44,2025,10,9,9.443,63.0,157.91,57708.0,0
txn_0007986,card_0486,merchant_206,F,job_17,grocery_pos,city_54,S11,34256,6,11,14,2025,8,17,13.77,19.0,185.72,8746.0,0
txn_0002035,card_0641,merchant_142,M,job_07,grocery_pos,city_00,S04,34651,20,9,46,2025,5,2,18.878,59.0,20.8,11412.0,0
txn_0001801,card_0574,merchant_154,F,job_31,gas_transport,city_41,S03,46045,0,47,36,2025,2,26,40.382,38.0,115.22,6242.0,0
txn_0002206,card_0577,merchant_179,M,job_12,shopping_pos,city_08,S03,74506,12,28,4,2025,4,29,10.102,38.0,136.26,44839.0,0
txn_0000650,card_0008,merchant_013,F,job_11,food_dining,city_05,S10,65565,4,25,49,2025,8,9,21.644,53.0,52.78,6677.0,0
txn_0001669,card_0007,merchant_019,M,job_05,food_dining,city_28,S04,72417,11,13,7,2025,6,4,29.859,50.0,30.11,27772.0,1
txn_0004891,card_0546,merchant_185,F,job_30,grocery_pos,city_19,S11,47216,16,27,21,2025,1,31,4.032,59.0,42.16,101022.0,0
txn_0006924,card_0402,merchant_078,F,job_22,travel,city_02,S00,13175,21,3,49,2025,5,4,7.428,43.0,115.31,45975.0,0
txn_0007421,card_0672,merchant_082,M,job_23,gas_transport,city_24,S04,93996,20,51,21,2025,1,8,41.201,29.0,82.67,37063.0,0
txn_0005293,card_0044,merchant_207,F,job_04,food_dining,city_44,S02,96307,7,20,8,2025,1,31,17.528,51.0,52.19,16354.0,0
txn_0003593,card_0747,merchant_173,F,job_21,misc_net,city_35,S08,23662,1,30,17,2025,12,1,13.768,50.0,53.42,376813.0,0
txn_0002382,card_0224,merchant_218,M,job_26,misc_net,city_04,S06,63458,8,24,28,2025,7,20,6.173,45.0,55.11,60482.0,0
txn_0005724,card_0142,merchant_018,F,job_13,personal_care,city_52,S11,94480,9,8,48,2025,8,26,18.273,18.0,36.44,31557.0,0
txn_0004162,card_0464,merchant_215,F,job_17,entertainment,city_06,S01,78084,18,47,34,2025,12,25,52.804,38.0,109.49,96885.0,0
txn_0007856,card_0780,merchant_010,M,job_30,health_fitness,city_23,S11,94604,18,11,42,2025,9,15,38.457,43.0,191.28,14933.0,0
txn_0002784,card_0115,merchant_132,M,job_26,misc_net,city_31,S01,35820,21,18,44,2025,5,31,36.553,49.0,196.18,38806.0,0
txn_0006421,card_0351,merchant_067,F,job_13,health_fitness,city_19,S02,29761,5,57,48,2025,3,8,33.098,42.0,65.58,49227.0,0
txn_0000357,card_0708,merchant_211,F,job_07,misc_net,city_24,S09,82255,7,48,9,2025,8,5,0.962,27.0,511.2,22052.0,0
txn_0002692,card_0810,merchant_132,F,job_10,misc_net,city_58,S14,20854,20,50,54,2025,1,13,4.007,77.0,9.06,94145.0,0
txn_0001959,card_0052,merchant_034,F,job_19,misc_net,city_27,S08,46888,0,39,59,2025,3,31,43.662,53.0,77.94,36994.0,0
txn_0002799,card_0179,merchant_117,M,job_26,entertainment,city_47,S14,50164,14,33,20,2025,12,26,42.357,43.0,42.87,16322.0,0
txn_0000727,card_0561,merchant_193,F,job_10,travel,city_45,S07,45265,7,30,27,2025,6,5,16.424,21.0,581.08,36404.0,0
txn_0004297,card_0477,merchant_047,F,job_24,personal_care,city_03,S04,64122,12,48,55,2025,9,3,16.848,51.0,71.1,29321.0,0
txn_0000205,card_0879,merchant_007,M,job_21,misc_net,city_22,S01,58345,16,29,41,2025,7,27,25.062,59.0,22.65,52851.0,0
txn_0003809,card_0157,merchant_122,M,job_24,shopping_pos,city_31,S11,59254,4,53,57,2025,5,18,36.184,49.0,108.18,126033.0,0
txn_0002709,card_0360,merchant_002,M,job_08,food_dining,city_48,S03,95216,9,25,39,2025,12,20,41.585,49.0,218.41,26952.0,0
txn_0000037,card_0310,merchant_209,M,job_19,shopping_pos,city_16,S05,30935,6,37,59,2025,12,11,62.698,36.0,46.71,2710.0,0
txn_0001327,card_0472,merchant_071,F,job_14,personal_care,city_17,S06,85057,0,22,31,2025,10,24,43.677,37.0,32.41,35006.0,0
txn_0006719,card_0774,merchant_058,M,job_22,shopping_pos,city_46,S04,37299,7,13,37,2025,7,2,38.565,46.0,60.97,6777.0,0
txn_0002608,card_0483,merchant_201,M,job_28,gas_transport,city_47,S00,80879,9,31,36,2025,7,7,31.384,34.0,55.73,22887.0,0
txn_0006695,card_0154,merchant_040,F,job_02,travel,city_58,S10,13397,18,38,28,2025,7,1,36.671,27.0,476.16,16808.0,0
txn_0000856,card_0820,merchant_131,F,job_02,grocery_pos,city_50,S12,74936,8,54,26,2025,8,22,1.041,27.0,73.05,33627.0,0
txn_0006915,card_0091,merchant_070,M,job_17,misc_net,city_14,S02,66396,17,16,9,2025,3,4,13.035,60.0,186.25,10702.0,0
txn_0003577,card_0681,merchant_101,F,job_06,health_fitness,city_51,S11,90594,2,42,12,2025,4,7,11.393,57.0,27.0,3818.0,0
txn_0000286,card_0836,merchant_044,M,job_16,entertainment,city_20,S00,68931,9,54,4,2025,3,24,21.852,46.0,110.28,80800.0,0
txn_0003659,card_0553,merchant_144,F,job_07,grocery_pos,city_27,S05,97886,6,54,43,2025,9,7,44.82,46.0,65.37,49966.0,0
txn_0004504,card_0464,merchant_152,F,job_17,entertainment,city_06,S01,78084,7,37,45,2025,6,14,1.865,38.0,161.85,96885.0,0
txn_0003863,card_0669,merchant_166,F,job_31,shopping_net,city_12,S01,55379,11,13,8,2025,5,8,5.92,52.0,27.49,51556.0,0
txn_0000482,card_0625,merchant_188,F,job_01,personal_care,city_33,S11,26011,10,43,22,2025,10,6,42.751,42.0,30.2,97440.0,0
txn_0001432,card_0676,merchant_040,M,job_17,travel,city_31,S07,16120,1,39,23,2025,7,28,29.512,25.0,235.56,9834.0,0
txn_0002083,card_0598,merchant_087,M,job_14,shopping_net,city_15,S08,95727,23,36,30,2025,1,18,18.145,52.0,53.22,8417.0,0
txn_0007222,card_0056,merchant_044,M,job_12,entertainment,city_22,S13,56317,22,34,53,2025,4,16,22.105,49.0,355.94,352133.0,0
txn_0004296,card_0769,merchant_219,F,job_23,misc_net,city_55,S12,57380,20,38,25,2025,11,5,43.88,44.0,92.43,42739.0,0
txn_0004689,card_0672,merchant_169,M,job_23,travel,city_24,S04,93996,11,11,28,2025,12,10,16.083,29.0,409.34,37063.0,0
txn_0002235,card_0182,merchant_148,F,job_30,food_dining,city_03,S08,19433,11,3,26,2025,9,24,459.366,23.0,1603.77,13944.0,0
txn_0001684,card_0247,merchant_172,F,job_24,entertainment,city_31,S07,42369,7,36,3,2025,11,22,356.125,38.0,752.01,29074.0,0
txn_0001223,card_0069,merchant_057,F,job_01,travel,city_46,S14,29522,7,52,53,2025,11,8,12.106,38.0,326.81,7418.0,0
txn_0003889,card_0390,merchant_196,M,job_07,shopping_pos,city_21,S05,77902,1,0,22,2025,9,8,42.719,32.0,43.49,7242.0,0
txn_0001412,card_0410,merchant_129,F,job_16,travel,city_41,S08,41771,17,29,44,2025,3,17,11.865,21.0,123.19,40567.0,0
txn_0003797,card_0224,merchant_179,M,job_26,shopping_pos,city_04,S06,63458,22,0,53,2025,5,27,52.98,45.0,105.12,60482.0,0
txn_0000108,card_0271,merchant_182,F,job_20,entertainment,city_38,S00,19251,23,34,48,2025,5,16,15.255,38.0,73.59,5238.0,0
txn_0000554,card_0007,merchant_084,M,job_05,misc_net,city_28,S04,72417,4,36,31,2025,3,25,24.125,50.0,64.3,27772.0,0
txn_0007842,card_0266,merchant_065,F,job_00,health_fitness,city_43,S03,56983,0,43,19,2025,6,2,9.993,38.0,264.91,25085.0,0
txn_0000850,card_0684,merchant_165,F,job_20,shopping_net,city_20,S11,20964,6,38,25,2025,12,8,30.751,44.0,93.66,150976.0,0
txn_0005569,card_0602,merchant_073,M,job_07,shopping_net,city_44,S09,40958,4,18,41,2025,9,11,36.758,56.0,51.42,11603.0,0
txn_0003882,card_0555,merchant_177,M,job_02,gas_transport,city_22,S02,26783,20,34,50,2025,10,14,4.255,27.0,90.62,34473.0,0
txn_0006071,card_0667,merchant_000,M,job_19,health_fitness,city_40,S04,93566,1,52,32,2025,9,15,941.208,65.0,816.92,38030.0,1
txn_0003704,card_0781,merchant_177,M,job_00,gas_transport,city_27,S03,20366,9,18,53,2025,1,7,8.119,66.0,19.47,99371.0,0
txn_0006501,card_0467,merchant_156,M,job_14,health_fitness,city_43,S04,47914,6,54,2,2025,6,27,10.519,40.0,80.29,7403.0,0
txn_0005127,card_0621,merchant_203,F,job_22,travel,city_45,S02,56724,0,29,31,2025,5,31,23.811,48.0,435.31,48845.0,0
txn_0001047,card_0631,merchant_025,F,job_00,travel,city_31,S12,93489,17,2,26,2025,4,18,66.978,58.0,271.54,49087.0,0
txn_0004437,card_0551,merchant_005,F,job_01,shopping_pos,city_45,S11,57764,10,30,8,2025,1,29,18.556,38.0,203.96,31467.0,0
txn_0001948,card_0150,merchant_044,M,job_16,entertainment,city_54,S02,62364,7,26,50,2025,11,16,5.112,53.0,36.18,76832.0,0
txn_0003203,card_0115,merchant_037,M,job_26,shopping_net,city_31,S01,35820,0,57,25,2025,11,6,2.355,49.0,135.87,38806.0,0
txn_0005186,card_0624,merchant_093,M,job_19,personal_care,city_20,S06,80372,7,41,3,2025,4,20,66.069,44.0,58.8,22009.0,0
txn_0000011,card_0705,merchant_155,M,job_28,shopping_pos,city_06,S05,79316,13,18,32,2025,9,3,17.232,45.0,112.92,1763.0,0
txn_0007279,card_0599,merchant_106,M,job_26,health_fitness,city_44,S12,31461,4,49,14,2025,9,23,11.332,35.0,64.15,7138.0,0
txn_0007298,card_0609,merchant_031,M,job_21,travel,city_01,S14,64587,19,42,34,2025,2,16,21.558,25.0,392.61,18430.0,0
txn_0005206,card_0427,merchant_078,M,job_02,travel,city_55,S13,49696,14,12,53,2025,10,13,46.134,65.0,499.47,6480.0,0
txn_0004006,card_0128,merchant_107,M,job_18,personal_care,city_10,S09,40679,10,0,20,2025,10,31,8.825,46.0,48.72,45053.0,0
txn_0004526,card_0209,merchant_073,M,job_01,shopping_net,city_37,S05,64590,13,14,5,2025,3,28,30.3,36.0,101.83,15617.0,0
txn_0003671,card_0156,merchant_193,F,job_14,travel,city_31,S08,67320,20,41,11,2025,2,6,32.801,46.0,78.91,12740.0,0
txn_0007933,card_0874,merchant_119,M,job_24,health_fitness,city_55,S14,86548,22,5,57,2025,10,3,21.973,62.0,86.7,12477.0,0
txn_0000875,card_0122,merchant_171,M,job_27,food_dining,city_49,S01,77571,5,37,52,2025,11,15,5.592,60.0,46.84,4622.0,0
txn_0002698,card_0795,merchant_062,F,job_21,shopping_net,city_09,S07,56101,17,58,32,2025,1,28,55.072,33.0,147.22,4922.0,0
txn_0006934,card_0157,merchant_145,M,job_24,health_fitness,city_31,S11,59254,7,24,20,2025,7,4,32.759,49.0,32.05,126033.0,0
txn_0004763,card_0505,merchant_080,F,job_04,grocery_pos,city_05,S10,50725,14,27,31,2025,1,19,25.271,42.0,26.92,54508.0,0
txn_0000588,card_0302,merchant_215,F,job_31,entertainment,city_10,S13,55833,21,59,52,2025,5,5,41.296,58.0,137.7,11932.0,0
txn_0000780,card_0016,merchant_190,M,job_17,shopping_pos,city_14,S06,14630,6,29,55,2025,8,3,39.043,44.0,124.23,12497.0,0
txn_0005691,card_0772,merchant_091,F,job_08,food_dining,city_43,S11,30405,21,31,20,2025,2,9,52.237,44.0,60.8,14911.0,0
txn_0001084,card_0218,merchant_031,F,job_23,travel,city_43,S12,66407,19,9,31,2025,9,13,27.16,53.0,338.91,75756.0,0
txn_0004861,card_0200,merchant_119,F,job_15,health_fitness,city_52,S07,93080,21,10,22,2025,9,3,16.147,38.0,125.16,42203.0,1
txn_0005545,card_0589,merchant_171,M,job_16,food_dining,city_52,S02,91007,2,7,18,2025,4,11,5.443,38.0,13.9,93917.0,0
txn_0001293,card_0575,merchant_016,F,job_09,travel,city_59,S13,41397,13,14,24,2025,4,8,31.205,81.0,333.72,175172.0,0
txn_0003099,card_0267,merchant_009,F,job_12,grocery_pos,city_54,S03,82945,5,14,48,2025,9,30,18.063,63.0,57.99,18340.0,0
txn_0006619,card_0224,merchant_105,M,job_26,shopping_net,city_04,S06,63458,15,29,56,2025,8,15,52.954,45.0,173.35,60482.0,0
txn_0003897,card_0615,merchant_051,M,job_29,misc_net,city_29,S12,99351,9,6,59,2025,4,19,77.89,37.0,168.16,10294.0,0
txn_0002365,card_0864,merchant_166,M,job_18,shopping_net,city_12,S11,50115,4,11,31,2025,10,23,3.41,40.0,205.76,19159.0,0
txn_0002657,card_0508,merchant_058,F,job_00,shopping_pos,city_18,S06,56119,14,17,57,2025,9,27,22.911,48.0,78.65,53451.0,0
txn_0006136,card_0398,merchant_134,F,job_16,misc_net,city_34,S02,75813,5,13,26,2025,7,21,397.338,18.0,859.16,19313.0,1
txn_0002678,card_0671,merchant_008,M,job_11,misc_net,city_05,S03,57863,13,2,7,2025,7,28,24.118,35.0,613.17,6349.0,0
txn_0005547,card_0131,merchant_149,M,job_05,misc_net,city_28,S11,87396,19,26,37,2025,12,10,7.681,22.0,55.46,110180.0,0
txn_0005258,card_0867,merchant_153,M,job_14,grocery_pos,city_57,S02,95485,22,38,27,2025,9,26,19.511,50.0,66.34,8566.0,0
txn_0005259,card_0238,merchant_035,F,job_23,shopping_pos,city_59,S13,96370,6,30,6,2025,3,4,65.047,58.0,389.13,8275.0,0
txn_0002509,card_0041,merchant_174,M,job_12,entertainment,city_05,S01,93516,12,51,57,2025,3,15,30.237,33.0,60.18,504722.0,0
txn_0000284,card_0026,merchant_028,F,job_17,travel,city_06,S02,79385,21,49,29,2025,1,25,1.439,46.0,87.23,23326.0,0
txn_0000684,card_0012,merchant_191,M,job_12,shopping_pos,city_40,S14,64844,14,17,30,2025,12,21,19.406,62.0,74.18,122514.0,0
txn_0007318,card_0296,merchant_083,M,job_22,food_dining,city_56,S04,57932,17,39,35,2025,12,22,321.039,42.0,269.63,9859.0,0
txn_0006372,card_0645,merchant_183,F,job_18,food_dining,city_53,S11,35141,3,9,15,2025,12,4,8.776,29.0,39.44,16870.0,0
txn_0005869,card_0408,merchant_160,M,job_13,travel,city_14,S13,27071,11,9,26,2025,12,19,28.635,56.0,123.99,42019.0,0
txn_0000352,card_0497,merchant_202,F,job_20,shopping_pos,city_29,S12,23206,18,26,27,2025,12,8,33.098,46.0,146.0,13751.0,0
txn_0003216,card_0591,merchant_052,M,job_15,entertainment,city_11,S06,40838,21,59,38,2025,4,14,32.789,42.0,38.48,22346.0,0
txn_0007670,card_0738,merchant_069,M,job_05,shopping_pos,city_31,S14,76634,14,7,39,2025,5,29,7.968,38.0,77.57,17700.0,0
txn_0006875,card_0093,merchant_044,F,job_13,entertainment,city_42,S08,39361,9,3,36,2025,10,3,12.046,38.0,129.84,7476.0,0
txn_0005809,card_0169,merchant_172,F,job_00,entertainment,city_09,S03,40019,4,19,39,2025,12,12,36.634,55.0,30.84,10738.0,0
txn_0001261,card_0839,merchant_187,M,job_06,misc_net,city_51,S12,38324,7,35,8,2025,3,10,21.261,43.0,214.04,106986.0,0
txn_0007024,card_0490,merchant_070,M,job_09,misc_net,city_23,S00,76340,12,18,30,2025,7,6,15.566,26.0,301.64,23165.0,0
txn_0002192,card_0619,merchant_033,F,job_14,food_dining,city_25,S00,24656,7,46,42,2025,1,5,46.708,56.0,70.38,32236.0,0
txn_0006112,card_0579,merchant_212,F,job_13,gas_transport,city_39,S10,51985,9,13,47,2025,5,29,14.895,30.0,346.92,26362.0,0
txn_0000951,card_0251,merchant_037,F,job_16,shopping_net,city_18,S07,14136,22,0,33,2025,2,2,74.554,38.0,72.0,37061.0,0
txn_0006143,card_0680,merchant_158,M,job_09,grocery_pos,city_39,S12,53102,10,36,16,2025,1,16,15.54,48.0,118.81,35423.0,0
txn_0005026,card_0401,merchant_178,M,job_12,misc_net,city_00,S01,85845,20,38,10,2025,7,3,12.229,64.0,181.22,91321.0,0
txn_0005998,card_0685,merchant_115,M,job_10,gas_transport,city_21,S03,79018,5,21,56,2025,4,29,7.101,48.0,82.34,7218.0,0
txn_0003585,card_0675,merchant_158,M,job_10,grocery_pos,city_25,S07,79653,6,55,50,2025,7,17,54.049,18.0,61.32,9544.0,0
txn_0004180,card_0387,merchant_093,M,job_07,personal_care,city_15,S02,16411,8,26,56,2025,7,8,26.027,64.0,36.0,31746.0,0
txn_0005735,card_0559,merchant_109,M,job_16,health_fitness,city_12,S06,12796,20,27,20,2025,2,2,11.213,56.0,54.7,24448.0,0
txn_0000531,card_0311,merchant_162,M,job_25,health_fitness,city_40,S07,97362,23,18,29,2025,11,5,19.527,68.0,175.74,3221.0,0
txn_0002417,card_0570,merchant_144,M,job_28,grocery_pos,city_02,S02,43544,5,43,44,2025,1,24,25.721,58.0,13.46,39651.0,0
txn_0005975,card_0619,merchant_021,F,job_14,shopping_pos,city_25,S00,24656,18,0,58,2025,1,1,12.775,56.0,91.25,32236.0,0
txn_0004144,card_0552,merchant_166,M,job_01,shopping_net,city_42,S02,92067,12,23,21,2025,12,11,42.111,21.0,22.82,57138.0,0
txn_0006251,card_0859,merchant_077,M,job_18,food_dining,city_09,S07,68835,23,36,50,2025,1,12,16.131,40.0,31.4,10627.0,0
txn_0005699,card_0752,merchant_184,F,job_01,gas_transport,city_13,S06,59609,5,25,13,2025,9,22,14.616,40.0,113.24,6287.0,0
txn_0001512,card_0163,merchant_068,F,job_22,shopping_pos,city_49,S09,67299,21,32,24,2025,10,26,57.943,51.0,151.78,122016.0,0
txn_0004585,card_0631,merchant_009,F,job_00,grocery_pos,city_31,S12,93489,18,8,3,2025,8,22,52.837,58.0,135.85,49087.0,0
txn_0000490,card_0031,merchant_110,F,job_22,health_fitness,city_57,S07,59121,0,32,39,2025,1,1,61.019,29.0,123.05,12460.0,0
txn_0007616,card_0178,merchant_019,M,job_13,food_dining,city_03,S13,98684,8,19,36,2025,7,18,24.838,45.0,16.11,11313.0,0
txn_0006466,card_0644,merchant_186,M,job_07,health_fitness,city_35,S08,41705,9,13,49,2025,4,20,15.594,35.0,112.77,400191.0,0
txn_0003824,card_0174,merchant_101,M,job_14,health_fitness,city_33,S05,48707,20,0,41,2025,5,26,15.725,39.0,23.06,3580.0,0
txn_0003647,card_0581,merchant_116,M,job_00,personal_care,city_26,S11,42516,6,26,6,2025,12,14,1.638,35.0,100.19,42682.0,0
txn_0000090,card_0785,merchant_113,M,job_16,grocery_pos,city_33,S00,74892,3,26,34,2025,10,23,49.168,38.0,37.53,25749.0,0
txn_0004376,card_0374,merchant_185,M,job_24,grocery_pos,city_13,S08,18552,5,50,8,2025,6,21,31.536,43.0,21.49,6574.0,0
txn_0000246,card_0777,merchant_066,F,job_13,shopping_pos,city_27,S07,33710,6,21,13,2025,2,8,22.51,42.0,49.12,33508.0,0
txn_0006088,card_0071,merchant_095,F,job_13,food_dining,city_12,S00,18566,9,8,40,2025,12,29,46.965,29.0,119.84,48466.0,0
txn_0006172,card_0648,merchant_046,M,job_15,entertainment,city_46,S01,92119,15,10,4,2025,5,6,57.933,55.0,90.56,11767.0,0
txn_0003250,card_0034,merchant_074,M,job_14,health_fitness,city_24,S06,96482,1,39,30,2025,5,29,0.336,31.0,82.41,14379.0,0
txn_0002807,card_0449,merchant_074,F,job_19,health_fitness,city_25,S01,51088,12,46,54,2025,8,29,82.88,77.0,188.1,42978.0,0
txn_0001148,card_0343,merchant_008,M,job_15,misc_net,city_36,S07,97250,13,0,16,2025,7,13,2.317,55.0,78.93,16757.0,0
txn_0003536,card_0472,merchant_186,F,job_14,health_fitness,city_17,S06,85057,10,49,2,2025,3,19,17.254,37.0,35.13,35006.0,0
txn_0007442,card_0517,merchant_041,F,job_14,shopping_net,city_26,S06,21782,13,35,44,2025,2,28,765.397,46.0,7516.01,12072.0,1
txn_0002606,card_0310,merchant_178,M,job_19,misc_net,city_16,S05,30935,6,12,13,2025,10,6,942.704,36.0,2167.56,2710.0,1
txn_0001632,card_0549,merchant_058,M,job_03,shopping_pos,city_30,S05,45089,23,23,26,2025,10,24,28.909,54.0,161.11,25633.0,0
txn_0000870,card_0113,merchant_016,F,job_10,travel,city_46,S14,30154,19,13,34,2025,2,28,42.448,45.0,172.64,8733.0,0
txn_0004936,card_0377,merchant_035,M,job_24,shopping_pos,city_28,S12,98857,19,55,57,2025,10,6,43.138,31.0,114.57,19481.0,0
txn_0001226,card_0691,merchant_100,M,job_11,health_fitness,city_15,S07,93630,6,9,16,2025,10,4,4.0,50.0,359.08,114545.0,0
txn_0006165,card_0266,merchant_051,F,job_00,misc_net,city_43,S03,56983,12,53,11,2025,10,25,23.412,38.0,317.89,25085.0,0
txn_0004578,card_0804,merchant_191,M,job_29,shopping_pos,city_45,S00,33511,22,10,39,2025,7,20,3.936,40.0,102.1,4826.0,0
txn_0006518,card_0851,merchant_188,M,job_28,personal_care,city_52,S07,32797,18,47,28,2025,9,2,20.609,31.0,45.28,264041.0,0
txn_0000721,card_0534,merchant_202,M,job_10,shopping_pos,city_33,S08,98828,18,39,33,2025,2,15,50.616,44.0,61.98,20508.0,0
txn_0002122,card_0674,merchant_173,M,job_04,misc_net,city_06,S10,12999,7,0,57,2025,7,12,1.985,46.0,219.54,72437.0,0
txn_0000032,card_0377,merchant_002,M,job_24,food_dining,city_28,S12,98857,11,6,58,2025,1,18,1.307,31.0,59.94,19481.0,0
txn_0003029,card_0724,merchant_157,M,job_17,health_fitness,city_03,S09,97406,9,40,5,2025,10,30,812.587,35.0,527.82,17517.0,1
txn_0004841,card_0519,merchant_147,M,job_15,misc_net,city_46,S06,14654,1,11,30,2025,3,10,18.454,29.0,576.72,18666.0,0
txn_0004732,card_0080,merchant_177,M,job_18,gas_transport,city_23,S04,73851,22,6,48,2025,8,28,29.243,61.0,36.67,9072.0,0
txn_0007052,card_0085,merchant_026,M,job_20,shopping_pos,city_10,S01,23885,9,49,28,2025,5,10,12.118,49.0,136.6,6198.0,0
txn_0007045,card_0186,merchant_085,F,job_25,shopping_net,city_49,S13,25916,10,30,55,2025,7,6,50.443,21.0,131.45,6255.0,0
txn_0004594,card_0435,merchant_146,F,job_31,grocery_pos,city_47,S00,12883,0,46,52,2025,4,9,17.375,61.0,27.67,6401.0,0
txn_0004417,card_0337,merchant_174,F,job_03,entertainment,city_01,S02,52521,7,16,13,2025,6,2,94.429,21.0,36.5,26908.0,0
txn_0007846,card_0480,merchant_115,F,job_31,gas_transport,city_45,S03,91349,10,20,30,2025,3,4,65.005,61.0,21.33,46398.0,0
txn_0006328,card_0522,merchant_132,F,job_18,misc_net,city_20,S11,98681,23,36,55,2025,1,29,16.327,20.0,63.59,10063.0,0
txn_0007555,card_0502,merchant_053,M,job_09,travel,city_34,S11,27106,19,35,51,2025,6,25,33.587,56.0,71.0,6066.0,0
txn_0001598,card_0542,merchant_034,F,job_29,misc_net,city_32,S13,24699,22,53,56,2025,5,15,23.292,32.0,215.65,22241.0,0
txn_0001295,card_0866,merchant_044,M,job_16,entertainment,city_14,S06,81918,18,31,56,2025,1,2,29.65,48.0,108.03,9002.0,0
txn_0003825,card_0275,merchant_025,F,job_10,travel,city_24,S07,64305,11,55,5,2025,5,20,4.701,45.0,170.19,13250.0,0
txn_0000898,card_0337,merchant_030,F,job_03,health_fitness,city_01,S02,52521,9,54,4,2025,10,23,44.746,21.0,119.67,26908.0,0
txn_0000734,card_0524,merchant_110,F,job_08,health_fitness,city_44,S09,80986,19,10,30,2025,12,10,8.821,36.0,50.31,22837.0,0
txn_0006267,card_0526,merchant_155,M,job_21,shopping_pos,city_20,S08,14127,6,47,21,2025,4,11,21.207,31.0,77.13,25497.0,0
txn_0004053,card_0536,merchant_089,F,job_13,health_fitness,city_27,S05,97654,14,30,3,2025,2,2,35.691,31.0,141.88,18702.0,0
txn_0002440,card_0085,merchant_037,M,job_20,shopping_net,city_10,S01,23885,18,28,20,2025,11,22,17.495,49.0,98.28,6198.0,0
txn_0006970,card_0234,merchant_083,F,job_19,food_dining,city_59,S12,22686,3,3,21,2025,5,27,83.534,41.0,15.26,25750.0,0
txn_0003995,card_0690,merchant_018,M,job_23,personal_care,city_20,S03,16125,9,27,46,2025,2,24,12.399,33.0,215.61,15110.0,0
txn_0001687,card_0546,merchant_004,F,job_30,travel,city_19,S11,47216,2,46,44,2025,12,20,12.96,59.0,111.53,101022.0,0
txn_0006133,card_0398,merchant_039,F,job_16,misc_net,city_34,S02,75813,10,34,57,2025,8,14,47.724,18.0,117.4,19313.0,0
txn_0001246,card_0415,merchant_093,M,job_09,personal_care,city_23,S07,22747,17,25,29,2025,2,3,46.135,34.0,50.15,17953.0,0
txn_0003982,card_0045,merchant_060,M,job_03,entertainment,city_37,S06,57578,18,24,41,2025,2,10,43.235,35.0,255.06,35324.0,0
txn_0006122,card_0339,merchant_153,M,job_01,grocery_pos,city_24,S02,55884,12,35,55,2025,9,18,17.831,53.0,23.93,166877.0,0
txn_0003898,card_0550,merchant_094,M,job_09,gas_transport,city_32,S05,39627,9,25,1,2025,10,10,60.976,49.0,85.43,101675.0,0
txn_0005790,card_0689,merchant_121,M,job_00,entertainment,city_21,S10,37761,5,53,57,2025,10,12,78.438,39.0,43.3,14870.0,0
txn_0004503,card_0775,merchant_012,M,job_31,personal_care,city_19,S03,62574,4,2,15,2025,5,17,52.73,48.0,156.34,36379.0,0
txn_0005049,card_0169,merchant_032,F,job_00,travel,city_09,S03,40019,22,30,5,2025,4,17,292.64,55.0,224.02,10738.0,0
txn_0003566,card_0103,merchant_205,F,job_28,personal_care,city_14,S00,91520,10,24,7,2025,1,28,60.734,38.0,78.21,73460.0,0
txn_0002087,card_0714,merchant_155,M,job_01,shopping_pos,city_06,S08,77675,10,18,19,2025,10,1,14.951,49.0,117.31,76783.0,0
txn_0001892,card_0173,merchant_203,M,job_16,travel,city_20,S03,21450,8,47,50,2025,7,5,33.877,66.0,277.62,16694.0,0
txn_0000529,card_0101,merchant_054,F,job_23,shopping_pos,city_31,S06,30760,16,37,59,2025,2,20,6.13,32.0,76.33,77925.0,0
txn_0006590,card_0205,merchant_125,F,job_05,gas_transport,city_07,S12,86390,8,54,45,2025,5,2,36.308,21.0,96.7,40780.0,0
txn_0005629,card_0731,merchant_025,F,job_28,travel,city_48,S11,34330,23,41,18,2025,9,8,34.693,56.0,182.63,207616.0,0
txn_0000811,card_0364,merchant_168,F,job_07,entertainment,city_57,S10,27982,22,43,37,2025,8,17,236.899,60.0,1526.45,39793.0,1
txn_0001205,card_0459,merchant_032,F,job_11,travel,city_59,S13,63415,10,26,50,2025,2,24,14.911,50.0,546.41,10654.0,0
txn_0004845,card_0787,merchant_183,M,job_13,food_dining,city_19,S14,15296,4,50,0,2025,1,19,6.202,66.0,13.93,16097.0,0
txn_0005781,card_0022,merchant_186,F,job_14,health_fitness,city_18,S01,39758,14,43,59,2025,11,3,1.514,45.0,29.97,48419.0,0
txn_0004358,card_0328,merchant_145,F,job_04,health_fitness,city_03,S03,69639,16,24,12,2025,11,1,12.111,59.0,27.82,159076.0,0
txn_0004639,card_0106,merchant_047,M,job_27,personal_care,city_17,S04,24075,1,24,21,2025,7,8,39.34,71.0,36.9,39328.0,0
txn_0003062,card_0895,merchant_174,M,job_06,entertainment,city_22,S04,66425,3,50,59,2025,12,13,6.993,28.0,66.29,12348.0,0
txn_0003922,card_0606,merchant_170,F,job_29,grocery_pos,city_22,S04,91583,5,51,35,2025,2,3,4.254,68.0,80.0,20362.0,0
txn_0001578,card_0065,merchant_066,F,job_18,shopping_pos,city_24,S08,50551,0,5,29,2025,5,13,14.554,55.0,89.36,34216.0,0
txn_0006712,card_0498,merchant_149,M,job_00,misc_net,city_13,S14,81434,16,17,3,2025,4,6,10.084,50.0,76.44,4126.0,0
txn_0001227,card_0879,merchant_020,M,job_21,food_dining,city_22,S01,58345,14,14,13,2025,8,6,3.177,59.0,29.72,52851.0,0
txn_0007874,card_0587,merchant_205,F,job_00,personal_care,city_58,S03,29244,8,57,16,2025,12,18,14.617,43.0,26.93,37327.0,0
txn_0007133,card_0752,merchant_160,F,job_01,travel,city_13,S06,59609,23,10,28,2025,9,13,5.928,40.0,215.37,6287.0,0
txn_0002023,card_0589,merchant_085,M,job_16,shopping_net,city_52,S02,91007,9,16,14,2025,4,18,64.281,38.0,66.07,93917.0,0
txn_0007410,card_0012,merchant_176,M,job_12,travel,city_40,S14,64844,14,39,42,2025,5,25,61.976,62.0,134.18,122514.0,0
txn_0002253,card_0458,merchant_098,M,job_03,grocery_pos,city_00,S10,28475,19,3,41,2025,8,24,25.667,41.0,12.85,43530.0,0
txn_0003699,card_0232,merchant_148,F,job_25,food_dining,city_05,S02,82743,9,8,39,2025,3,1,27.383,30.0,49.55,3694.0,0
txn_0002763,card_0425,merchant_183,F,job_06,food_dining,city_37,S13,22580,0,34,57,2025,1,2,56.977,42.0,198.31,116799.0,0
txn_0007962,card_0081,merchant_064,F,job_22,shopping_net,city_15,S14,12893,22,1,24,2025,10,17,50.612,44.0,191.35,5442.0,0
txn_0005011,card_0303,merchant_103,M,job_24,gas_transport,city_07,S14,11084,6,3,23,2025,10,24,48.617,51.0,38.54,69693.0,0
txn_0003715,card_0024,merchant_170,M,job_07,grocery_pos,city_46,S11,84924,0,27,46,2025,6,25,39.458,29.0,40.47,31028.0,0
txn_0005847,card_0178,merchant_012,M,job_13,personal_care,city_03,S13,98684,22,23,8,2025,5,31,51.946,45.0,52.49,11313.0,0
txn_0006281,card_0552,merchant_218,M,job_01,misc_net,city_42,S02,92067,15,32,39,2025,10,4,32.953,21.0,211.98,57138.0,0
txn_0006941,card_0385,merchant_088,F,job_01,grocery_pos,city_17,S05,40575,20,4,30,2025,2,1,33.458,58.0,19.06,71781.0,0
txn_0007643,card_0212,merchant_074,M,job_06,health_fitness,city_09,S07,70737,2,52,8,2025,4,9,19.065,20.0,251.92,20452.0,0
txn_0004280,card_0588,merchant_094,M,job_03,gas_transport,city_57,S02,13776,1,11,6,2025,12,7,32.747,36.0,35.63,336544.0,0
txn_0005169,card_0681,merchant_039,F,job_06,misc_net,city_51,S11,90594,1,49,31,2025,11,30,6.913,57.0,247.61,3818.0,0
txn_0003914,card_0114,merchant_193,M,job_16,travel,city_19,S02,75298,17,34,25,2025,4,11,12.191,51.0,528.07,67304.0,0
txn_0001473,card_0659,merchant_121,F,job_27,entertainment,city_03,S07,12268,15,45,14,2025,4,16,20.493,32.0,604.86,4078.0,0
txn_0005492,card_0027,merchant_125,M,job_09,gas_transport,city_59,S00,31335,0,16,6,2025,6,12,45.662,52.0,57.76,36787.0,0
txn_0003643,card_0882,merchant_073,F,job_00,shopping_net,city_23,S03,85212,9,36,26,2025,7,23,46.293,47.0,461.73,17026.0,0
txn_0001835,card_0619,merchant_025,F,job_14,travel,city_25,S00,24656,16,30,16,2025,9,2,11.169,56.0,139.2,32236.0,0
txn_0002450,card_0308,merchant_186,F,job_09,health_fitness,city_16,S09,27657,22,26,37,2025,6,7,40.583,57.0,104.03,39872.0,0
txn_0004531,card_0125,merchant_007,M,job_01,misc_net,city_07,S12,99124,1,57,17,2025,6,13,18.611,51.0,82.63,13467.0,0
txn_0005008,card_0406,merchant_037,F,job_08,shopping_net,city_08,S12,32627,0,27,21,2025,4,10,9.39,30.0,58.84,20308.0,0
txn_0000681,card_0743,merchant_078,F,job_19,travel,city_22,S03,33163,22,12,54,2025,1,9,36.153,40.0,498.77,154889.0,0
txn_0007528,card_0899,merchant_219,M,job_16,misc_net,city_07,S09,41084,20,51,22,2025,8,20,62.887,52.0,225.69,6951.0,0
txn_0000779,card_0540,merchant_136,M,job_24,personal_care,city_25,S03,75342,1,50,59,2025,7,1,16.121,32.0,132.93,5137.0,0
txn_0002859,card_0641,merchant_210,M,job_07,misc_net,city_00,S04,34651,11,41,39,2025,2,25,9.298,59.0,66.25,11412.0,0
txn_0001913,card_0190,merchant_131,M,job_16,grocery_pos,city_31,S02,20080,4,1,16,2025,8,24,126.498,18.0,131.23,19592.0,0
txn_0001185,card_0679,merchant_142,M,job_19,grocery_pos,city_08,S05,85983,8,22,48,2025,3,7,15.981,50.0,108.19,3693.0,0
txn_0001428,card_0494,merchant_122,F,job_06,shopping_pos,city_42,S11,96384,8,13,29,2025,7,5,11.656,64.0,333.9,16704.0,0
txn_0000955,card_0567,merchant_066,F,job_12,shopping_pos,city_10,S10,26318,6,51,1,2025,11,11,8.753,69.0,80.55,8099.0,0
txn_0007025,card_0337,merchant_128,F,job_03,travel,city_01,S02,52521,23,8,24,2025,9,1,21.867,21.0,416.4,26908.0,0
txn_0001354,card_0480,merchant_060,F,job_31,entertainment,city_45,S03,91349,16,51,49,2025,7,27,33.142,61.0,48.54,46398.0,0
txn_0000634,card_0670,merchant_116,M,job_02,personal_care,city_53,S14,81895,1,43,42,2025,2,10,62.526,18.0,18.6,15686.0,0
txn_0004948,card_0707,merchant_169,M,job_19,travel,city_37,S09,81929,7,20,9,2025,12,4,119.18,44.0,702.81,28541.0,0
txn_0003433,card_0684,merchant_191,F,job_20,shopping_pos,city_20,S11,20964,22,4,0,2025,2,5,3.455,44.0,83.29,150976.0,0
txn_0001935,card_0324,merchant_059,M,job_13,travel,city_44,S05,67434,5,45,2,2025,6,7,21.227,71.0,534.4,406138.0,0
txn_0006409,card_0553,merchant_063,F,job_07,shopping_net,city_27,S05,97886,19,32,43,2025,5,31,29.117,46.0,50.45,49966.0,0
txn_0003955,card_0270,merchant_067,F,job_20,health_fitness,city_11,S09,14125,0,12,12,2025,9,20,16.42,38.0,518.47,18861.0,0
txn_0003482,card_0623,merchant_141,F,job_04,gas_transport,city_49,S09,57991,7,40,27,2025,1,19,60.169,30.0,27.73,60550.0,0
txn_0006770,card_0656,merchant_141,M,job_28,gas_transport,city_50,S00,39426,6,12,35,2025,8,17,3.94,43.0,117.39,19954.0,0
txn_0001028,card_0860,merchant_199,M,job_12,misc_net,city_26,S01,19229,12,45,25,2025,3,7,21.508,60.0,224.09,90177.0,1
txn_0003151,card_0875,merchant_146,M,job_04,grocery_pos,city_35,S10,38814,19,27,22,2025,11,27,9.315,32.0,18.49,32732.0,0
txn_0007293,card_0503,merchant_034,M,job_10,misc_net,city_52,S02,11460,8,36,38,2025,10,13,9.378,61.0,184.32,104628.0,0
txn_0007507,card_0473,merchant_032,F,job_13,travel,city_27,S05,94815,5,13,10,2025,8,17,34.127,51.0,359.26,22643.0,0
txn_0000606,card_0345,merchant_134,F,job_31,misc_net,city_26,S13,75980,12,42,21,2025,2,19,22.356,37.0,305.38,17520.0,0
txn_0004787,card_0366,merchant_190,F,job_01,shopping_pos,city_18,S12,80676,18,14,32,2025,6,18,6.02,47.0,34.16,95079.0,0
txn_0000399,card_0022,merchant_106,F,job_14,health_fitness,city_18,S01,39758,20,24,52,2025,12,10,14.167,45.0,117.75,48419.0,0
txn_0007864,card_0693,merchant_107,M,job_00,personal_care,city_36,S02,18490,17,38,36,2025,1,14,20.388,35.0,114.63,50121.0,0
txn_0006748,card_0621,merchant_086,F,job_22,entertainment,city_45,S02,56724,23,29,30,2025,1,13,29.33,48.0,54.64,48845.0,0
txn_0004797,card_0069,merchant_179,F,job_01,shopping_pos,city_46,S14,29522,18,4,5,2025,4,8,537.251,38.0,1042.19,7418.0,0
txn_0006549,card_0882,merchant_211,F,job_00,misc_net,city_23,S03,85212,9,33,32,2025,9,26,63.454,47.0,352.66,17026.0,0
txn_0003676,card_0799,merchant_193,F,job_30,travel,city_23,S06,69662,23,48,28,2025,8,30,23.612,39.0,523.62,33559.0,0
txn_0005918,card_0368,merchant_131,F,job_30,grocery_pos,city_56,S02,63084,5,8,36,2025,7,14,9.648,19.0,99.61,100818.0,0
txn_0002421,card_0594,merchant_083,F,job_13,food_dining,city_28,S02,60809,23,37,54,2025,11,22,7.723,59.0,61.12,87798.0,0
txn_0005234,card_0897,merchant_105,F,job_05,shopping_net,city_25,S08,44933,4,51,43,2025,6,3,47.552,35.0,59.44,19040.0,0
txn_0007714,card_0152,merchant_085,M,job_16,shopping_net,city_04,S01,96449,9,49,52,2025,1,22,102.84,43.0,22.94,5972.0,0
txn_0005429,card_0080,merchant_146,M,job_18,grocery_pos,city_23,S04,73851,16,21,56,2025,3,21,9.933,61.0,29.93,9072.0,0
txn_0006821,card_0687,merchant_093,M,job_02,personal_care,city_03,S11,82575,22,41,4,2025,5,24,27.27,46.0,60.69,25403.0,0
txn_0001285,card_0074,merchant_023,M,job_04,food_dining,city_24,S08,68154,3,29,11,2025,6,12,67.014,46.0,14.78,52934.0,0
txn_0006026,card_0805,merchant_016,M,job_27,travel,city_45,S13,90524,20,27,11,2025,6,19,8.728,38.0,271.95,281058.0,0
txn_0006159,card_0227,merchant_076,M,job_20,entertainment,city_57,S04,59453,23,55,22,2025,4,20,43.692,36.0,70.99,25955.0,0
txn_0004506,card_0326,merchant_001,F,job_03,travel,city_18,S01,55158,7,26,17,2025,11,27,38.209,43.0,235.44,35626.0,0
txn_0007784,card_0308,merchant_202,F,job_09,shopping_pos,city_16,S09,27657,6,22,50,2025,3,9,65.443,57.0,51.14,39872.0,0
txn_0006578,card_0166,merchant_046,F,job_29,entertainment,city_22,S04,71070,23,9,24,2025,7,15,4.854,60.0,65.19,1557.0,0
txn_0006021,card_0147,merchant_182,F,job_19,entertainment,city_55,S05,98653,0,34,43,2025,3,3,35.296,34.0,438.61,6312.0,0
txn_0007139,card_0475,merchant_021,M,job_30,shopping_pos,city_25,S08,12004,6,9,40,2025,10,12,22.294,49.0,65.04,3648.0,0
txn_0000685,card_0697,merchant_120,M,job_23,health_fitness,city_53,S14,79307,15,11,13,2025,11,23,46.436,45.0,196.66,8472.0,0
txn_0004311,card_0868,merchant_089,F,job_02,health_fitness,city_04,S11,89983,14,48,33,2025,12,11,15.117,73.0,103.65,13121.0,0
txn_0000824,card_0655,merchant_074,M,job_05,health_fitness,city_28,S06,39512,9,11,35,2025,11,19,22.011,66.0,121.43,14813.0,0
txn_0000425,card_0348,merchant_038,F,job_10,food_dining,city_50,S02,97298,21,42,8,2025,8,24,8.435,20.0,15.43,14210.0,0
txn_0007699,card_0702,merchant_085,F,job_26,shopping_net,city_45,S02,22007,1,48,16,2025,8,3,24.683,58.0,38.93,19523.0,0
txn_0002375,card_0280,merchant_109,F,job_19,health_fitness,city_49,S10,87828,14,43,35,2025,8,1,25.638,69.0,32.69,30512.0,0
txn_0007801,card_0302,merchant_123,F,job_31,grocery_pos,city_10,S13,55833,4,1,5,2025,8,15,28.496,58.0,103.69,11932.0,0
txn_0004933,card_0376,merchant_127,M,job_21,food_dining,city_06,S01,67960,18,35,24,2025,3,21,21.434,33.0,64.93,2871.0,0
txn_0006958,card_0544,merchant_201,M,job_04,gas_transport,city_35,S10,21600,21,50,43,2025,3,20,16.035,58.0,53.56,18509.0,0
txn_0005571,card_0397,merchant_180,F,job_21,health_fitness,city_51,S04,86112,14,25,32,2025,7,6,102.578,48.0,205.17,71633.0,0
txn_0003993,card_0771,merchant_168,M,job_18,entertainment,city_55,S11,25297,16,36,8,2025,5,8,25.1,43.0,108.03,8722.0,0
txn_0004271,card_0387,merchant_188,M,job_07,personal_care,city_15,S02,16411,17,22,11,2025,6,20,20.876,64.0,49.58,31746.0,0
txn_0001654,card_0063,merchant_077,M,job_06,food_dining,city_22,S00,96597,12,25,3,2025,3,17,8.882,41.0,32.61,47888.0,0
txn_0001284,card_0033,merchant_110,M,job_20,health_fitness,city_04,S03,78437,11,32,40,2025,4,25,11.434,66.0,67.24,13048.0,0
txn_0000654,card_0631,merchant_164,F,job_00,shopping_pos,city_31,S12,93489,22,5,7,2025,10,18,0.592,58.0,96.16,49087.0,0
txn_0001805,card_0338,merchant_051,F,job_09,misc_net,city_32,S04,75045,8,29,19,2025,12,19,10.348,53.0,73.39,18323.0,0
txn_0006880,card_0897,merchant_010,F,job_05,health_fitness,city_25,S08,44933,3,3,24,2025,9,30,14.935,35.0,201.07,19040.0,0
txn_0007763,card_0096,merchant_027,F,job_16,misc_net,city_34,S13,37725,16,55,12,2025,7,25,22.186,80.0,76.34,6622.0,0
txn_0004807,card_0390,merchant_170,M,job_07,grocery_pos,city_21,S05,77902,13,47,34,2025,2,26,7.986,32.0,80.86,7242.0,0
txn_0001747,card_0068,merchant_042,F,job_29,misc_net,city_01,S07,48337,12,10,6,2025,3,23,6.225,18.0,148.43,9723.0,0
txn_0001672,card_0763,merchant_006,M,job_17,shopping_net,city_24,S00,97082,16,47,6,2025,11,6,5.392,34.0,57.51,125836.0,0
txn_0007626,card_0808,merchant_174,F,job_07,entertainment,city_31,S00,33457,11,26,36,2025,10,5,10.596,40.0,78.68,8599.0,0
txn_0002244,card_0202,merchant_143,F,job_29,travel,city_23,S12,82464,22,51,20,2025,1,7,20.053,48.0,437.36,62282.0,0
txn_0007406,card_0363,merchant_036,M,job_26,entertainment,city_54,S01,44037,3,54,0,2025,11,13,15.587,68.0,60.16,6117.0,0
txn_0005095,card_0648,merchant_204,M,job_15,misc_net,city_46,S01,92119,9,38,31,2025,7,27,21.102,55.0,266.62,11767.0,0
txn_0004722,card_0842,merchant_013,M,job_14,food_dining,city_12,S01,71451,16,15,26,2025,7,27,57.475,32.0,40.52,10532.0,0
txn_0003859,card_0091,merchant_021,M,job_17,shopping_pos,city_14,S02,66396,12,55,39,2025,9,3,8.18,60.0,101.87,10702.0,0
txn_0004877,card_0773,merchant_016,M,job_24,travel,city_23,S13,83639,16,3,40,2025,8,18,2.387,36.0,432.44,7245.0,0
txn_0001545,card_0043,merchant_106,F,job_15,health_fitness,city_50,S14,54262,7,11,57,2025,8,6,32.804,57.0,39.11,31420.0,0
txn_0006462,card_0100,merchant_007,M,job_25,misc_net,city_32,S11,23772,18,22,42,2025,12,7,3.329,37.0,58.95,13716.0,0
txn_0003632,card_0704,merchant_024,F,job_03,shopping_pos,city_03,S05,70188,1,9,51,2025,9,9,9.04,38.0,42.17,65050.0,0
txn_0006830,card_0482,merchant_152,F,job_11,entertainment,city_19,S11,79269,11,5,24,2025,1,26,129.777,58.0,115.37,26330.0,0
txn_0000445,card_0404,merchant_075,F,job_19,grocery_pos,city_27,S10,82085,7,34,6,2025,3,12,12.704,61.0,54.74,28610.0,0
txn_0004201,card_0199,merchant_181,M,job_13,travel,city_16,S03,14944,11,45,7,2025,12,4,15.906,52.0,185.51,28326.0,0
txn_0002964,card_0327,merchant_040,F,job_31,travel,city_37,S11,23822,1,28,27,2025,7,29,54.224,39.0,106.1,41155.0,0
txn_0003071,card_0154,merchant_202,F,job_02,shopping_pos,city_58,S10,13397,17,41,21,2025,10,11,9.744,27.0,73.05,16808.0,0
txn_0004155,card_0866,merchant_012,M,job_16,personal_care,city_14,S06,81918,10,15,30,2025,7,7,49.038,48.0,70.36,9002.0,0
txn_0003490,card_0558,merchant_140,M,job_08,misc_net,city_37,S08,27978,1,7,24,2025,7,20,7.582,55.0,51.63,9829.0,0
txn_0006930,card_0654,merchant_019,M,job_14,food_dining,city_49,S14,40751,18,22,55,2025,10,31,65.889,32.0,32.8,19391.0,0
txn_0004598,card_0470,merchant_079,M,job_28,gas_transport,city_19,S09,18743,22,27,41,2025,9,26,18.978,54.0,25.78,50297.0,0
txn_0000714,card_0504,merchant_212,F,job_05,gas_transport,city_54,S04,17005,7,11,8,2025,8,25,16.557,47.0,234.63,26112.0,0
txn_0000339,card_0752,merchant_061,F,job_01,shopping_pos,city_13,S06,59609,19,8,52,2025,9,29,6.153,40.0,231.59,6287.0,0
txn_0004729,card_0475,merchant_026,M,job_30,shopping_pos,city_25,S08,12004,7,8,38,2025,7,14,21.217,49.0,142.28,3648.0,0
txn_0003458,card_0459,merchant_096,F,job_11,misc_net,city_59,S13,63415,11,40,14,2025,8,15,336.084,50.0,2124.81,10654.0,1
txn_0002092,card_0718,merchant_206,F,job_03,grocery_pos,city_08,S01,86660,23,2,10,2025,10,23,6.502,30.0,81.85,115885.0,0
txn_0005274,card_0878,merchant_150,M,job_09,gas_transport,city_34,S13,88244,14,11,56,2025,4,26,45.84,26.0,163.63,51243.0,0
txn_0003887,card_0550,merchant_096,M,job_09,misc_net,city_32,S05,39627,22,28,38,2025,6,21,20.569,49.0,114.01,101675.0,0
txn_0001553,card_0683,merchant_122,M,job_13,shopping_pos,city_19,S13,49090,22,6,6,2025,8,7,17.667,60.0,74.3,94059.0,0
txn_0007231,card_0662,merchant_185,F,job_07,grocery_pos,city_28,S00,36233,23,12,50,2025,11,30,37.965,33.0,47.7,32960.0,0
txn_0001305,card_0212,merchant_198,M,job_06,food_dining,city_09,S07,70737,2,59,54,2025,11,7,64.491,20.0,10.98,20452.0,0
txn_0006921,card_0377,merchant_008,M,job_24,misc_net,city_28,S12,98857,18,31,28,2025,2,11,73.514,31.0,34.78,19481.0,0
txn_0002422,card_0676,merchant_063,M,job_17,shopping_net,city_31,S07,16120,6,21,43,2025,9,8,34.571,25.0,117.68,9834.0,0
txn_0006721,card_0505,merchant_074,F,job_04,health_fitness,city_05,S10,50725,15,11,51,2025,5,29,9.071,42.0,102.58,54508.0,0
txn_0003293,card_0058,merchant_021,M,job_31,shopping_pos,city_31,S05,40138,18,37,45,2025,8,5,29.22,59.0,186.97,5670.0,0
txn_0007987,card_0585,merchant_067,M,job_27,health_fitness,city_52,S07,61474,18,11,21,2025,9,26,16.271,45.0,151.31,31818.0,0
txn_0002086,card_0191,merchant_042,M,job_14,misc_net,city_26,S08,25929,22,8,42,2025,5,19,10.673,54.0,48.37,32124.0,0
txn_0006526,card_0805,merchant_133,M,job_27,grocery_pos,city_45,S13,90524,14,25,2,2025,4,8,25.099,38.0,91.59,281058.0,0
txn_0001971,card_0039,merchant_078,M,job_16,travel,city_33,S05,65774,16,24,12,2025,7,31,25.275,40.0,144.92,174940.0,0
txn_0006241,card_0229,merchant_211,F,job_20,misc_net,city_20,S09,23503,7,32,0,2025,1,15,7.904,70.0,139.27,18746.0,0
txn_0007149,card_0119,merchant_074,F,job_03,health_fitness,city_31,S10,33658,10,46,7,2025,10,21,19.03,40.0,196.81,66293.0,0
txn_0000927,card_0628,merchant_135,M,job_00,shopping_net,city_45,S05,41290,23,37,36,2025,1,11,80.525,21.0,157.57,32276.0,0
txn_0004779,card_0056,merchant_136,M,job_12,personal_care,city_22,S13,56317,6,56,3,2025,2,25,4.575,49.0,106.71,352133.0,0
txn_0000579,card_0812,merchant_028,M,job_28,travel,city_10,S01,40010,11,40,57,2025,11,4,47.291,38.0,429.86,15127.0,0
txn_0005898,card_0431,merchant_009,M,job_22,grocery_pos,city_04,S06,56968,21,44,35,2025,2,25,19.876,30.0,105.19,20196.0,0
txn_0000657,card_0098,merchant_085,M,job_30,shopping_net,city_44,S10,36062,18,4,49,2025,11,20,602.465,37.0,2072.34,67830.0,1
txn_0007734,card_0521,merchant_068,F,job_31,shopping_pos,city_02,S03,95086,12,50,46,2025,3,23,38.788,62.0,144.74,12996.0,0
txn_0003094,card_0563,merchant_107,F,job_01,personal_care,city_07,S12,28016,3,46,58,2025,9,5,67.259,56.0,30.28,33348.0,0
txn_0004491,card_0216,merchant_172,F,job_31,entertainment,city_24,S09,50668,21,15,6,2025,2,6,13.57,34.0,72.79,20708.0,0
txn_0005217,card_0153,merchant_091,F,job_30,food_dining,city_27,S01,34221,1,39,46,2025,6,11,3.162,47.0,46.31,63967.0,0
txn_0003368,card_0239,merchant_211,M,job_17,misc_net,city_26,S02,95782,16,57,7,2025,5,4,10.165,42.0,354.09,4779.0,0
txn_0006380,card_0873,merchant_214,F,job_12,travel,city_11,S04,22282,2,15,1,2025,5,23,14.079,55.0,363.53,133358.0,0
txn_0007211,card_0000,merchant_101,F,job_00,health_fitness,city_03,S13,50073,23,34,47,2025,10,20,7.28,36.0,136.42,8813.0,0
txn_0007706,card_0371,merchant_219,M,job_03,misc_net,city_44,S07,93399,22,45,44,2025,2,1,30.38,53.0,32.81,17976.0,0
txn_0004235,card_0791,merchant_066,F,job_28,shopping_pos,city_22,S09,83430,19,47,26,2025,4,19,33.82,67.0,159.88,5922.0,0
txn_0005779,card_0203,merchant_100,M,job_04,health_fitness,city_27,S09,11955,5,39,44,2025,2,16,67.433,34.0,170.69,64601.0,0
txn_0003343,card_0354,merchant_006,M,job_20,shopping_net,city_42,S11,63379,23,27,5,2025,7,5,46.778,49.0,24.54,105009.0,0
txn_0005263,card_0887,merchant_125,F,job_03,gas_transport,city_33,S10,32909,15,55,30,2025,11,25,18.087,31.0,50.59,37795.0,0
txn_0001926,card_0348,merchant_077,F,job_10,food_dining,city_50,S02,97298,4,38,1,2025,2,7,49.251,20.0,60.42,14210.0,0
txn_0005698,card_0202,merchant_211,F,job_29,misc_net,city_23,S12,82464,10,23,29,2025,12,21,6.264,48.0,141.53,62282.0,0
txn_0006908,card_0091,merchant_074,M,job_17,health_fitness,city_14,S02,66396,9,57,27,2025,3,9,52.872,60.0,96.79,10702.0,0
txn_0005711,card_0521,merchant_122,F,job_31,shopping_pos,city_02,S03,95086,16,49,37,2025,6,30,15.032,62.0,296.59,12996.0,0
txn_0002746,card_0407,merchant_152,F,job_07,entertainment,city_50,S05,68570,6,15,43,2025,2,12,4.823,41.0,202.11,38090.0,0
txn_0002714,card_0222,merchant_130,M,job_08,personal_care,city_39,S01,59333,11,43,53,2025,1,14,88.251,66.0,36.07,28725.0,0
txn_0001556,card_0366,merchant_043,F,job_01,health_fitness,city_18,S12,80676,21,59,57,2025,8,18,40.403,47.0,76.71,95079.0,0
txn_0002856,card_0483,merchant_045,M,job_28,gas_transport,city_47,S00,80879,3,38,45,2025,11,10,3.426,34.0,496.37,22887.0,0
txn_0006788,card_0796,merchant_030,M,job_15,health_fitness,city_30,S01,36539,21,57,24,2025,12,20,29.528,27.0,90.96,6197.0,0
txn_0001124,card_0611,merchant_206,F,job_07,grocery_pos,city_02,S06,73931,11,0,24,2025,3,14,15.977,39.0,13.77,47486.0,0
txn_0006288,card_0876,merchant_014,M,job_10,travel,city_57,S09,94482,5,52,49,2025,2,1,8.783,44.0,510.68,33280.0,0
txn_0005818,card_0050,merchant_198,M,job_02,food_dining,city_04,S03,20800,16,49,11,2025,5,26,18.253,29.0,54.79,31904.0,0
txn_0007157,card_0071,merchant_013,F,job_13,food_dining,city_12,S00,18566,1,5,45,2025,12,10,30.784,29.0,46.65,48466.0,0
txn_0003874,card_0158,merchant_125,M,job_13,gas_transport,city_39,S10,17252,13,27,9,2025,5,12,14.447,61.0,64.73,10132.0,0
txn_0002817,card_0312,merchant_192,F,job_14,health_fitness,city_54,S00,27228,2,25,52,2025,8,30,28.477,47.0,70.63,27706.0,0
txn_0001954,card_0264,merchant_031,M,job_16,travel,city_35,S11,66842,6,49,54,2025,4,6,508.511,34.0,2961.49,39565.0,0
txn_0003923,card_0635,merchant_046,M,job_01,entertainment,city_33,S03,13560,0,20,13,2025,12,18,15.884,42.0,87.91,15581.0,0
txn_0003231,card_0329,merchant_022,M,job_09,grocery_pos,city_19,S13,76578,8,35,56,2025,2,27,10.269,36.0,11.26,53772.0,0
txn_0007792,card_0352,merchant_020,F,job_02,food_dining,city_51,S11,75539,14,55,57,2025,4,30,6.439,38.0,44.08,169544.0,0
txn_0000375,card_0597,merchant_121,M,job_24,entertainment,city_17,S13,21154,7,32,22,2025,11,15,11.675,40.0,60.51,20627.0,0
txn_0002001,card_0779,merchant_125,M,job_16,gas_transport,city_34,S11,93662,22,5,34,2025,10,16,38.103,76.0,94.97,32741.0,0
txn_0004371,card_0867,merchant_004,M,job_14,travel,city_57,S02,95485,10,9,10,2025,2,19,31.329,50.0,150.1,8566.0,0
txn_0005602,card_0867,merchant_215,M,job_14,entertainment,city_57,S02,95485,6,52,56,2025,2,16,351.799,50.0,540.94,8566.0,0
txn_0000452,card_0010,merchant_076,M,job_24,entertainment,city_14,S00,60360,6,22,36,2025,6,30,21.982,55.0,88.47,30795.0,0
txn_0001880,card_0420,merchant_173,M,job_03,misc_net,city_56,S09,21942,13,49,35,2025,12,11,23.192,34.0,49.38,11762.0,0
txn_0007707,card_0309,merchant_186,F,job_30,health_fitness,city_17,S12,91530,13,24,53,2025,1,21,57.286,40.0,80.32,23380.0,0
txn_0001745,card_0472,merchant_093,F,job_14,personal_care,city_17,S06,85057,17,45,47,2025,10,16,123.161,37.0,29.32,35006.0,0
txn_0001398,card_0890,merchant_155,F,job_18,shopping_pos,city_43,S01,26931,21,50,27,2025,9,6,8.014,61.0,120.85,32320.0,0
txn_0004216,card_0479,merchant_114,F,job_17,travel,city_40,S02,78745,2,0,41,2025,5,1,1.527,50.0,321.66,6390.0,0
txn_0007302,card_0211,merchant_185,M,job_07,grocery_pos,city_23,S01,50021,2,28,20,2025,8,20,41.67,66.0,38.87,46519.0,0
txn_0003277,card_0432,merchant_176,M,job_13,travel,city_56,S11,34197,17,19,45,2025,7,1,14.63,43.0,178.43,89949.0,0
txn_0001139,card_0479,merchant_044,F,job_17,entertainment,city_40,S02,78745,1,59,0,2025,6,3,2.08,50.0,61.42,6390.0,0
txn_0007007,card_0675,merchant_143,M,job_10,travel,city_25,S07,79653,15,29,52,2025,12,20,32.609,18.0,281.33,9544.0,0
txn_0007880,card_0894,merchant_074,M,job_15,health_fitness,city_56,S03,37652,14,58,38,2025,2,17,44.119,70.0,200.06,44440.0,0
txn_0005445,card_0353,merchant_114,F,job_25,travel,city_32,S05,51752,19,45,4,2025,5,30,10.549,18.0,447.9,50072.0,0
txn_0005900,card_0543,merchant_178,F,job_13,misc_net,city_44,S07,50342,10,14,57,2025,6,13,9.302,19.0,157.15,12741.0,0
txn_0007034,card_0298,merchant_202,F,job_25,shopping_pos,city_45,S06,37325,20,38,53,2025,3,25,3.517,36.0,48.41,3796.0,0
txn_0003576,card_0067,merchant_069,F,job_10,shopping_pos,city_45,S14,26279,5,17,26,2025,1,16,34.58,41.0,31.31,13100.0,0
txn_0002254,card_0019,merchant_130,F,job_20,personal_care,city_17,S02,17803,0,53,50,2025,12,20,19.032,23.0,205.86,6983.0,0
txn_0003417,card_0385,merchant_201,F,job_01,gas_transport,city_17,S05,40575,18,48,27,2025,8,7,77.128,58.0,45.32,71781.0,0
txn_0006114,card_0334,merchant_002,F,job_20,food_dining,city_26,S01,26507,1,30,12,2025,12,10,8.078,42.0,52.61,6773.0,0
txn_0002302,card_0313,merchant_146,F,job_27,grocery_pos,city_54,S11,59528,17,44,7,2025,5,18,4.361,55.0,11.26,17016.0,0
txn_0002479,card_0147,merchant_140,F,job_19,misc_net,city_55,S05,98653,17,12,32,2025,4,12,4.3,34.0,136.33,6312.0,0
txn_0000708,card_0592,merchant_084,F,job_00,misc_net,city_37,S03,76709,14,59,51,2025,4,19,57.734,33.0,164.61,3503.0,0
txn_0002316,card_0324,merchant_118,M,job_13,grocery_pos,city_44,S05,67434,2,7,38,2025,1,15,4.189,71.0,57.3,406138.0,0
txn_0006870,card_0457,merchant_158,M,job_04,grocery_pos,city_39,S14,57739,3,31,59,2025,4,13,30.566,31.0,63.66,36671.0,0
txn_0005608,card_0371,merchant_052,M,job_03,entertainment,city_44,S07,93399,21,6,17,2025,4,6,881.208,53.0,520.06,17976.0,0
txn_0003188,card_0802,merchant_150,M,job_21,gas_transport,city_46,S04,45985,20,34,3,2025,8,15,4.329,72.0,14.95,5312.0,0
txn_0006426,card_0123,merchant_116,F,job_26,personal_care,city_26,S14,99416,1,29,13,2025,3,24,19.853,44.0,19.59,3850.0,0
txn_0001189,card_0647,merchant_208,M,job_27,gas_transport,city_38,S01,27364,6,57,8,2025,12,18,16.814,35.0,65.45,59874.0,0
txn_0001402,card_0011,merchant_095,M,job_05,food_dining,city_39,S00,71432,15,22,10,2025,8,30,38.71,58.0,158.17,82083.0,0
txn_0001705,card_0162,merchant_081,F,job_04,shopping_net,city_08,S12,61812,20,8,50,2025,1,23,6.276,39.0,79.92,33878.0,0
txn_0007502,card_0621,merchant_030,F,job_22,health_fitness,city_45,S02,56724,0,36,23,2025,2,9,37.788,48.0,106.85,48845.0,0
txn_0007061,card_0869,merchant_143,F,job_06,travel,city_57,S03,77365,7,46,55,2025,7,5,4.867,32.0,194.55,8650.0,0
txn_0007169,card_0191,merchant_060,M,job_14,entertainment,city_26,S08,25929,18,18,37,2025,8,9,15.892,54.0,53.48,32124.0,0
txn_0003247,card_0015,merchant_138,M,job_14,entertainment,city_06,S06,50215,12,28,36,2025,3,31,20.208,44.0,131.19,51473.0,0
txn_0003994,card_0790,merchant_127,F,job_24,food_dining,city_04,S01,26257,18,18,0,2025,8,26,43.392,53.0,19.68,7219.0,0
txn_0005447,card_0082,merchant_047,F,job_17,personal_care,city_10,S11,29394,3,9,51,2025,1,10,18.467,59.0,43.69,11944.0,0
txn_0002625,card_0614,merchant_069,M,job_07,shopping_pos,city_22,S06,71660,0,25,10,2025,5,12,9.282,44.0,14.8,11139.0,0
txn_0006781,card_0400,merchant_027,M,job_24,misc_net,city_21,S05,38573,10,8,46,2025,4,23,2.38,36.0,224.86,19081.0,0
txn_0001671,card_0657,merchant_115,M,job_24,gas_transport,city_56,S13,18075,0,49,2,2025,7,13,7.278,46.0,108.82,6824.0,0
txn_0003951,card_0351,merchant_052,F,job_13,entertainment,city_19,S02,29761,21,9,49,2025,5,19,63.563,42.0,89.39,49227.0,0
txn_0007278,card_0253,merchant_148,F,job_29,food_dining,city_56,S06,41698,6,26,36,2025,5,23,618.895,32.0,135.63,10876.0,0
txn_0003207,card_0894,merchant_068,M,job_15,shopping_pos,city_56,S03,37652,15,44,54,2025,6,29,63.234,70.0,83.58,44440.0,0
txn_0001483,card_0202,merchant_157,F,job_29,health_fitness,city_23,S12,82464,21,21,46,2025,9,13,17.066,48.0,31.52,62282.0,0
txn_0002201,card_0863,merchant_082,M,job_19,gas_transport,city_29,S11,68990,8,15,3,2025,10,17,61.451,46.0,112.95,15443.0,0
txn_0007391,card_0143,merchant_171,F,job_11,food_dining,city_01,S07,49582,4,7,19,2025,6,4,85.976,41.0,26.62,31516.0,0
txn_0004814,card_0766,merchant_116,M,job_24,personal_care,city_48,S08,24941,4,3,1,2025,6,5,4.787,64.0,67.73,36952.0,0
txn_0000762,card_0194,merchant_190,M,job_10,shopping_pos,city_45,S03,90259,18,3,4,2025,5,5,25.279,32.0,33.82,13589.0,0
txn_0006044,card_0805,merchant_008,M,job_27,misc_net,city_45,S13,90524,3,4,3,2025,11,1,7.139,38.0,189.92,281058.0,0
txn_0004119,card_0843,merchant_175,F,job_00,gas_transport,city_27,S11,50720,2,1,14,2025,7,5,12.018,37.0,45.12,49169.0,0
txn_0003516,card_0529,merchant_095,M,job_25,food_dining,city_08,S12,48128,18,42,47,2025,1,24,35.227,26.0,82.52,45743.0,0
txn_0002663,card_0624,merchant_193,M,job_19,travel,city_20,S06,80372,16,9,53,2025,3,22,87.407,44.0,433.92,22009.0,1
txn_0000251,card_0403,merchant_099,M,job_28,shopping_net,city_20,S06,50174,14,35,54,2025,3,13,21.139,47.0,12.04,7402.0,0
txn_0000138,card_0610,merchant_048,M,job_10,food_dining,city_31,S07,23593,17,17,20,2025,8,12,31.089,35.0,72.53,38966.0,0
txn_0004233,card_0036,merchant_022,M,job_05,grocery_pos,city_56,S08,58644,6,10,24,2025,9,20,18.112,43.0,35.56,86316.0,0
txn_0001413,card_0087,merchant_144,F,job_10,grocery_pos,city_24,S00,94695,17,55,31,2025,1,17,706.777,76.0,225.6,11811.0,0
txn_0002404,card_0804,merchant_012,M,job_29,personal_care,city_45,S00,33511,1,32,14,2025,1,30,3.326,40.0,175.89,4826.0,0
txn_0002325,card_0385,merchant_206,F,job_01,grocery_pos,city_17,S05,40575,2,41,17,2025,3,21,80.295,58.0,16.77,71781.0,0
txn_0006446,card_0256,merchant_128,M,job_03,travel,city_44,S01,42314,2,38,28,2025,9,2,79.665,58.0,316.59,13076.0,0
txn_0003791,card_0418,merchant_122,F,job_14,shopping_pos,city_17,S00,26837,16,0,15,2025,9,6,51.582,33.0,378.91,24651.0,0
txn_0006550,card_0027,merchant_145,M,job_09,health_fitness,city_59,S00,31335,15,35,37,2025,12,5,28.729,52.0,203.05,36787.0,0
txn_0007922,card_0458,merchant_147,M,job_03,misc_net,city_00,S10,28475,0,58,5,2025,11,10,5.711,41.0,73.5,43530.0,0
txn_0005304,card_0321,merchant_161,F,job_17,shopping_pos,city_57,S01,65325,19,41,30,2025,9,17,3.88,69.0,126.07,21691.0,0
txn_0004737,card_0179,merchant_052,M,job_26,entertainment,city_47,S14,50164,20,32,11,2025,11,23,10.966,43.0,143.88,16322.0,0
txn_0005582,card_0342,merchant_128,M,job_30,travel,city_57,S04,93507,8,30,27,2025,7,27,59.672,40.0,472.21,25951.0,0
txn_0007498,card_0207,merchant_176,M,job_29,travel,city_09,S14,23985,22,43,22,2025,5,9,11.927,39.0,616.99,49218.0,0
txn_0004085,card_0827,merchant_178,M,job_18,misc_net,city_00,S01,53413,13,34,27,2025,9,13,4.826,25.0,125.69,5874.0,0
txn_0000460,card_0364,merchant_108,F,job_07,grocery_pos,city_57,S10,27982,3,1,4,2025,6,24,38.588,60.0,89.75,39793.0,0
txn_0005865,card_0213,merchant_092,F,job_09,travel,city_55,S03,49856,17,49,16,2025,3,10,12.029,24.0,357.63,27951.0,0
txn_0006423,card_0348,merchant_086,F,job_10,entertainment,city_50,S02,97298,22,21,12,2025,3,10,6.873,20.0,105.91,14210.0,0
txn_0002754,card_0104,merchant_109,M,job_04,health_fitness,city_19,S02,95001,1,32,39,2025,4,18,24.886,49.0,56.31,37383.0,0
txn_0002331,card_0001,merchant_066,M,job_01,shopping_pos,city_28,S11,64929,22,55,4,2025,2,20,59.67,42.0,78.62,14440.0,0
txn_0004343,card_0194,merchant_176,M,job_10,travel,city_45,S03,90259,18,39,49,2025,10,26,33.686,32.0,284.8,13589.0,0
txn_0003635,card_0128,merchant_129,M,job_18,travel,city_10,S09,40679,16,33,45,2025,3,24,35.271,46.0,195.48,45053.0,1
txn_0002788,card_0748,merchant_147,F,job_31,misc_net,city_28,S09,79009,16,27,56,2025,10,29,17.771,54.0,50.91,57894.0,0
txn_0002565,card_0743,merchant_166,F,job_19,shopping_net,city_22,S03,33163,1,24,1,2025,4,19,373.739,40.0,176.8,154889.0,1
txn_0005726,card_0538,merchant_061,M,job_10,shopping_pos,city_02,S13,89279,17,21,20,2025,6,3,7.314,78.0,107.73,30864.0,0
txn_0005528,card_0363,merchant_122,M,job_26,shopping_pos,city_54,S01,44037,22,55,24,2025,5,9,13.146,68.0,101.92,6117.0,0
txn_0001436,card_0883,merchant_044,F,job_30,entertainment,city_48,S04,15456,23,5,1,2025,5,1,12.197,37.0,92.36,6200.0,0
txn_0007290,card_0787,merchant_177,M,job_13,gas_transport,city_19,S14,15296,22,33,49,2025,4,2,5.392,66.0,86.2,16097.0,0
txn_0001605,card_0776,merchant_071,F,job_04,personal_care,city_16,S08,38487,1,39,2,2025,7,11,86.319,33.0,142.76,7917.0,0
txn_0002045,card_0708,merchant_098,F,job_07,grocery_pos,city_24,S09,82255,18,17,41,2025,1,25,10.539,27.0,74.64,22052.0,0
txn_0006701,card_0812,merchant_021,M,job_28,shopping_pos,city_10,S01,40010,4,43,41,2025,5,6,9.12,38.0,37.39,15127.0,0
txn_0005899,card_0240,merchant_006,F,job_28,shopping_net,city_17,S10,88410,8,23,8,2025,9,9,31.45,45.0,137.07,17186.0,0
txn_0005252,card_0275,merchant_167,F,job_10,health_fitness,city_24,S07,64305,7,41,39,2025,3,28,10.755,45.0,100.04,13250.0,0
txn_0005349,card_0533,merchant_211,F,job_17,misc_net,city_49,S00,55216,15,17,3,2025,2,16,7.468,38.0,297.84,21434.0,1
txn_0007942,card_0219,merchant_000,M,job_15,health_fitness,city_27,S05,90373,5,40,42,2025,5,31,30.624,18.0,34.04,52780.0,0
txn_0001546,card_0636,merchant_211,F,job_04,misc_net,city_38,S07,95029,23,45,36,2025,11,27,47.747,52.0,71.55,14943.0,0
txn_0001928,card_0012,merchant_068,M,job_12,shopping_pos,city_40,S14,64844,23,18,38,2025,1,22,9.345,62.0,79.6,122514.0,0
txn_0004055,card_0591,merchant_135,M,job_15,shopping_net,city_11,S06,40838,22,44,22,2025,9,8,87.474,42.0,100.09,22346.0,0
txn_0003237,card_0554,merchant_196,M,job_18,shopping_pos,city_18,S03,30408,21,31,0,2025,3,7,49.436,59.0,79.38,45401.0,0
txn_0001674,card_0025,merchant_043,M,job_30,health_fitness,city_54,S09,76860,10,4,51,2025,11,24,16.644,47.0,55.14,42473.0,0
txn_0002299,card_0899,merchant_128,M,job_16,travel,city_07,S09,41084,5,10,11,2025,3,10,42.78,52.0,58.95,6951.0,0
txn_0004522,card_0462,merchant_031,M,job_11,travel,city_01,S02,66917,1,15,19,2025,9,29,14.574,39.0,320.67,6932.0,0
txn_0004662,card_0327,merchant_196,F,job_31,shopping_pos,city_37,S11,23822,13,2,20,2025,1,29,44.12,39.0,13.59,41155.0,0
txn_0006206,card_0567,merchant_206,F,job_12,grocery_pos,city_10,S10,26318,14,21,7,2025,3,9,63.407,69.0,35.62,8099.0,0
txn_0004901,card_0031,merchant_003,F,job_22,health_fitness,city_57,S07,59121,3,15,16,2025,9,27,18.899,29.0,86.31,12460.0,0
txn_0004438,card_0816,merchant_151,F,job_20,shopping_net,city_59,S02,52389,1,19,17,2025,8,30,5.896,35.0,38.81,17741.0,0
txn_0000510,card_0544,merchant_067,M,job_04,health_fitness,city_35,S10,21600,21,35,2,2025,7,7,21.736,58.0,220.24,18509.0,0
txn_0002103,card_0256,merchant_187,M,job_03,misc_net,city_44,S01,42314,1,53,47,2025,10,30,11.979,58.0,74.85,13076.0,0
txn_0007936,card_0197,merchant_012,F,job_24,personal_care,city_59,S09,15845,2,33,12,2025,5,7,16.622,41.0,43.83,22904.0,0
txn_0000739,card_0742,merchant_154,M,job_14,gas_transport,city_57,S06,52094,0,18,20,2025,3,7,45.187,44.0,27.44,32730.0,0
txn_0005409,card_0188,merchant_175,F,job_20,gas_transport,city_12,S02,97847,18,20,21,2025,8,7,32.856,60.0,117.9,16218.0,0
txn_0005297,card_0654,merchant_208,M,job_14,gas_transport,city_49,S14,40751,5,40,58,2025,1,1,17.516,32.0,32.7,19391.0,0
txn_0006059,card_0886,merchant_209,F,job_06,shopping_pos,city_14,S06,58904,12,36,30,2025,4,16,5.909,28.0,158.66,7911.0,0
txn_0007599,card_0107,merchant_090,M,job_16,shopping_net,city_09,S04,78047,18,34,8,2025,8,29,24.744,44.0,32.39,33539.0,0
txn_0004143,card_0852,merchant_037,M,job_20,shopping_net,city_59,S14,52986,2,41,2,2025,12,7,66.197,31.0,66.84,22784.0,0
txn_0003530,card_0460,merchant_075,M,job_02,grocery_pos,city_01,S01,23043,12,30,57,2025,7,1,47.967,30.0,17.93,49897.0,0
txn_0006707,card_0872,merchant_024,F,job_11,shopping_pos,city_51,S10,53935,13,11,22,2025,3,27,10.489,22.0,110.41,30779.0,0
txn_0003826,card_0244,merchant_037,M,job_10,shopping_net,city_16,S12,92885,14,6,2,2025,10,16,30.398,55.0,57.64,5607.0,0
txn_0005978,card_0555,merchant_194,M,job_02,health_fitness,city_22,S02,26783,15,3,9,2025,4,10,28.423,27.0,367.6,34473.0,0
txn_0006011,card_0437,merchant_076,M,job_09,entertainment,city_16,S07,65294,0,56,51,2025,6,3,18.149,41.0,70.82,17415.0,0
txn_0007430,card_0281,merchant_142,F,job_29,grocery_pos,city_05,S00,30122,2,6,52,2025,2,17,17.742,32.0,22.1,33688.0,0
txn_0004172,card_0227,merchant_109,M,job_20,health_fitness,city_57,S04,59453,1,7,33,2025,5,31,18.053,36.0,94.99,25955.0,0
txn_0003058,card_0285,merchant_217,M,job_09,personal_care,city_39,S09,47253,9,50,11,2025,3,16,20.192,42.0,19.6,37277.0,0
txn_0001537,card_0606,merchant_083,F,job_29,food_dining,city_22,S04,91583,20,14,32,2025,12,8,12.548,68.0,58.76,20362.0,0
txn_0002752,card_0099,merchant_061,F,job_16,shopping_pos,city_20,S05,78367,15,54,23,2025,4,30,1.937,40.0,155.04,16022.0,0
txn_0006357,card_0714,merchant_081,M,job_01,shopping_net,city_06,S08,77675,0,32,1,2025,11,8,53.514,49.0,165.8,76783.0,0
txn_0005386,card_0030,merchant_012,F,job_17,personal_care,city_21,S14,51746,23,28,55,2025,1,6,5.653,51.0,29.88,47497.0,0
txn_0002088,card_0416,merchant_068,M,job_22,shopping_pos,city_27,S09,34368,4,2,55,2025,6,5,31.979,44.0,220.35,38043.0,0
txn_0000292,card_0467,merchant_066,M,job_14,shopping_pos,city_43,S04,47914,1,56,21,2025,5,30,26.951,40.0,110.39,7403.0,0
txn_0003119,card_0490,merchant_135,M,job_09,shopping_net,city_23,S00,76340,9,17,22,2025,12,15,27.709,26.0,359.34,23165.0,0
txn_0001150,card_0347,merchant_061,M,job_14,shopping_pos,city_56,S11,43208,17,10,39,2025,7,11,22.316,72.0,171.19,64770.0,0
txn_0002435,card_0842,merchant_199,M,job_14,misc_net,city_12,S01,71451,4,32,40,2025,12,17,55.901,32.0,319.05,10532.0,1
txn_0007752,card_0498,merchant_090,M,job_00,shopping_net,city_13,S14,81434,3,6,23,2025,6,11,48.358,50.0,253.71,4126.0,0
txn_0005336,card_0814,merchant_185,M,job_20,grocery_pos,city_06,S03,54188,15,45,49,2025,12,6,20.314,58.0,59.15,2600.0,0
txn_0001224,card_0549,merchant_114,M,job_03,travel,city_30,S05,45089,7,12,51,2025,4,13,74.01,54.0,339.72,25633.0,0
txn_0006339,card_0830,merchant_093,F,job_24,personal_care,city_56,S05,92885,3,58,7,2025,8,21,17.642,43.0,69.76,8465.0,0
txn_0003219,card_0810,merchant_061,F,job_10,shopping_pos,city_58,S14,20854,18,16,8,2025,7,4,54.159,77.0,82.11,94145.0,0
txn_0007617,card_0262,merchant_032,F,job_27,travel,city_08,S14,32289,6,8,35,2025,4,23,19.555,42.0,500.97,30197.0,0
txn_0006568,card_0295,merchant_200,M,job_20,shopping_pos,city_46,S09,93660,12,41,13,2025,10,8,43.614,75.0,124.18,44404.0,0
txn_0001022,card_0311,merchant_006,M,job_25,shopping_net,city_40,S07,97362,5,7,22,2025,5,26,13.64,68.0,165.32,3221.0,0
txn_0003579,card_0853,merchant_209,F,job_12,shopping_pos,city_22,S10,73473,14,11,34,2025,3,2,5.296,43.0,102.27,16192.0,0
txn_0006810,card_0335,merchant_114,M,job_11,travel,city_41,S14,86407,17,34,42,2025,8,8,43.144,59.0,417.53,41200.0,0
txn_0000797,card_0159,merchant_052,M,job_09,entertainment,city_11,S06,60469,13,3,23,2025,10,12,17.285,66.0,156.17,17371.0,0
txn_0003980,card_0212,merchant_010,M,job_06,health_fitness,city_09,S07,70737,7,38,46,2025,4,10,797.606,20.0,508.3,20452.0,0
txn_0005826,card_0614,merchant_021,M,job_07,shopping_pos,city_22,S06,71660,13,46,43,2025,9,28,31.551,44.0,326.23,11139.0,0
txn_0004842,card_0437,merchant_114,M,job_09,travel,city_16,S07,65294,14,26,51,2025,6,15,25.672,41.0,972.98,17415.0,0
txn_0002230,card_0030,merchant_059,F,job_17,travel,city_21,S14,51746,10,26,41,2025,8,27,33.904,51.0,774.76,47497.0,0
txn_0005180,card_0342,merchant_086,M,job_30,entertainment,city_57,S04,93507,8,7,4,2025,8,31,9.495,40.0,107.38,25951.0,0
txn_0006826,card_0369,merchant_053,M,job_01,travel,city_58,S01,65678,8,9,40,2025,8,11,5.391,51.0,115.48,62094.0,0
txn_0003448,card_0878,merchant_161,M,job_09,shopping_pos,city_34,S13,88244,15,11,44,2025,11,16,12.487,26.0,164.38,51243.0,0
txn_0003557,card_0700,merchant_112,M,job_09,personal_care,city_41,S12,34890,21,18,25,2025,1,20,16.365,36.0,19.77,17692.0,0
txn_0000496,card_0109,merchant_209,M,job_16,shopping_pos,city_56,S02,86474,18,25,43,2025,2,5,26.126,48.0,92.95,14068.0,0
txn_0003211,card_0227,merchant_168,M,job_20,entertainment,city_57,S04,59453,18,4,27,2025,3,17,11.627,36.0,42.1,25955.0,0
txn_0002366,card_0149,merchant_051,F,job_03,misc_net,city_19,S05,91548,9,41,2,2025,11,28,22.352,54.0,86.22,29314.0,0
txn_0000370,card_0583,merchant_001,F,job_03,travel,city_23,S01,86735,13,10,58,2025,8,28,6.312,59.0,876.47,15548.0,0
txn_0005462,card_0816,merchant_185,F,job_20,grocery_pos,city_59,S02,52389,12,18,2,2025,6,3,10.421,35.0,70.57,17741.0,0
txn_0005617,card_0236,merchant_173,M,job_23,misc_net,city_35,S11,27682,21,58,40,2025,4,12,75.895,30.0,99.72,19019.0,0
txn_0003056,card_0613,merchant_206,F,job_10,grocery_pos,city_36,S03,74222,19,45,20,2025,1,20,10.033,37.0,41.31,26386.0,0
txn_0004894,card_0571,merchant_092,F,job_22,travel,city_49,S06,33712,21,38,22,2025,11,30,20.117,52.0,198.34,41221.0,0
txn_0005232,card_0642,merchant_067,M,job_02,health_fitness,city_00,S01,84206,14,57,26,2025,4,3,40.39,52.0,17.58,4410.0,0
txn_0001650,card_0520,merchant_164,F,job_30,shopping_pos,city_05,S10,75338,8,57,50,2025,12,23,55.614,46.0,54.87,33802.0,0
txn_0004205,card_0898,merchant_075,F,job_15,grocery_pos,city_07,S04,32002,20,36,57,2025,3,10,84.368,72.0,12.06,12713.0,1
txn_0001282,card_0093,merchant_132,F,job_13,misc_net,city_42,S08,39361,20,44,34,2025,11,3,7.214,38.0,98.07,7476.0,0
txn_0000111,card_0124,merchant_148,M,job_26,food_dining,city_21,S09,10793,1,59,36,2025,9,29,47.664,18.0,22.83,31416.0,0
txn_0005157,card_0260,merchant_011,M,job_18,gas_transport,city_53,S13,58934,8,10,58,2025,5,30,36.675,26.0,20.64,23019.0,0
txn_0003675,card_0031,merchant_159,F,job_22,grocery_pos,city_57,S07,59121,20,37,41,2025,3,22,47.803,29.0,32.9,12460.0,0
txn_0003518,card_0500,merchant_047,F,job_27,personal_care,city_16,S13,18268,10,51,9,2025,11,26,53.831,56.0,111.85,64103.0,0
txn_0004928,card_0280,merchant_154,F,job_19,gas_transport,city_49,S10,87828,20,6,47,2025,11,24,20.511,69.0,33.34,30512.0,0
txn_0003674,card_0639,merchant_052,M,job_19,entertainment,city_03,S13,31622,17,3,30,2025,12,11,14.046,45.0,50.85,15152.0,0
txn_0000148,card_0574,merchant_164,F,job_31,shopping_pos,city_41,S03,46045,3,28,53,2025,10,16,41.029,38.0,74.96,6242.0,0
txn_0005076,card_0834,merchant_049,M,job_27,gas_transport,city_04,S01,62602,15,9,25,2025,1,19,26.102,59.0,34.7,36188.0,0
txn_0004384,card_0759,merchant_149,M,job_08,misc_net,city_35,S05,97278,12,7,28,2025,6,30,113.026,71.0,111.62,36128.0,0
txn_0004089,card_0323,merchant_091,M,job_20,food_dining,city_36,S02,47552,0,30,46,2025,6,29,78.022,19.0,23.82,9150.0,0
txn_0004961,card_0830,merchant_197,F,job_24,travel,city_56,S05,92885,11,47,33,2025,7,18,51.428,43.0,188.64,8465.0,0
txn_0004950,card_0784,merchant_196,F,job_11,shopping_pos,city_21,S06,44495,4,27,46,2025,3,30,4.363,26.0,121.18,11434.0,0
txn_0005134,card_0701,merchant_029,M,job_23,entertainment,city_05,S13,69060,0,13,10,2025,7,6,257.3,24.0,1057.9,11513.0,0
txn_0003284,card_0809,merchant_146,M,job_06,grocery_pos,city_49,S05,39093,13,50,40,2025,2,27,8.043,54.0,75.44,5450.0,0
txn_0006849,card_0315,merchant_210,M,job_03,misc_net,city_12,S06,17033,20,44,20,2025,1,14,19.384,36.0,102.92,25992.0,0
txn_0007472,card_0701,merchant_045,M,job_23,gas_transport,city_05,S13,69060,19,17,54,2025,4,6,37.434,24.0,55.18,11513.0,0
txn_0005857,card_0898,merchant_214,F,job_15,travel,city_07,S04,32002,3,31,14,2025,4,6,1.57,72.0,234.59,12713.0,0
txn_0004465,card_0326,merchant_203,F,job_03,travel,city_18,S01,55158,6,36,53,2025,11,11,32.27,43.0,494.34,35626.0,0
txn_0006824,card_0834,merchant_180,M,job_27,health_fitness,city_04,S01,62602,23,48,16,2025,7,17,2.147,59.0,83.99,36188.0,0
txn_0004099,card_0350,merchant_198,M,job_07,food_dining,city_19,S12,43929,5,5,44,2025,3,5,19.723,20.0,41.3,5007.0,0
txn_0001505,card_0727,merchant_057,F,job_18,travel,city_56,S13,48258,18,55,57,2025,11,26,29.737,48.0,98.36,30669.0,0
txn_0001484,card_0013,merchant_126,M,job_31,personal_care,city_29,S07,16666,21,4,12,2025,2,14,10.426,69.0,62.37,53079.0,0
txn_0000026,card_0859,merchant_030,M,job_18,health_fitness,city_09,S07,68835,9,36,25,2025,12,26,41.798,40.0,325.21,10627.0,0
txn_0002847,card_0632,merchant_093,F,job_29,personal_care,city_09,S03,64461,0,13,40,2025,7,23,55.864,58.0,99.89,418861.0,0
txn_0001683,card_0216,merchant_101,F,job_31,health_fitness,city_24,S09,50668,6,13,31,2025,11,10,72.665,34.0,100.27,20708.0,0
txn_0005051,card_0139,merchant_208,F,job_26,gas_transport,city_12,S14,84954,21,34,4,2025,4,19,26.396,56.0,22.73,7696.0,0
txn_0002942,card_0680,merchant_115,M,job_09,gas_transport,city_39,S12,53102,13,43,43,2025,12,2,21.738,48.0,37.23,35423.0,0
txn_0002776,card_0266,merchant_023,F,job_00,food_dining,city_43,S03,56983,7,46,33,2025,7,4,13.953,38.0,23.15,25085.0,0
txn_0003805,card_0123,merchant_195,F,job_26,misc_net,city_26,S14,99416,2,29,53,2025,12,2,5.655,44.0,47.78,3850.0,1
txn_0005592,card_0852,merchant_015,M,job_20,health_fitness,city_59,S14,52986,2,40,46,2025,6,16,5.711,31.0,48.46,22784.0,0
txn_0006977,card_0010,merchant_142,M,job_24,grocery_pos,city_14,S00,60360,18,23,10,2025,3,17,110.942,55.0,41.41,30795.0,0
txn_0004008,card_0691,merchant_123,M,job_11,grocery_pos,city_15,S07,93630,21,54,55,2025,10,9,10.654,50.0,134.68,114545.0,0
txn_0004672,card_0335,merchant_105,M,job_11,shopping_net,city_41,S14,86407,4,15,35,2025,8,9,16.273,59.0,91.42,41200.0,0
txn_0006277,card_0019,merchant_141,F,job_20,gas_transport,city_17,S02,17803,20,36,45,2025,8,8,42.77,23.0,41.99,6983.0,0
txn_0002586,card_0426,merchant_196,M,job_21,shopping_pos,city_52,S12,28897,9,36,18,2025,1,22,7.515,63.0,178.48,35765.0,0
txn_0007724,card_0884,merchant_051,M,job_23,misc_net,city_30,S11,52198,4,12,57,2025,1,7,33.653,37.0,92.67,10873.0,0
txn_0007033,card_0712,merchant_061,M,job_21,shopping_pos,city_57,S03,41322,13,32,11,2025,12,11,83.738,44.0,101.32,14374.0,0
txn_0007687,card_0392,merchant_192,F,job_14,health_fitness,city_17,S10,22622,8,34,19,2025,8,30,42.143,51.0,65.23,18361.0,0
txn_0001930,card_0676,merchant_182,M,job_17,entertainment,city_31,S07,16120,22,22,54,2025,2,1,37.618,25.0,131.4,9834.0,0
txn_0004837,card_0763,merchant_054,M,job_17,shopping_pos,city_24,S00,97082,3,30,29,2025,2,23,7.425,34.0,180.92,125836.0,0
txn_0006784,card_0615,merchant_209,M,job_29,shopping_pos,city_29,S12,99351,22,59,24,2025,4,15,14.766,37.0,47.1,10294.0,0
txn_0000711,card_0265,merchant_028,M,job_03,travel,city_30,S08,79897,20,59,33,2025,9,16,29.306,33.0,196.36,6756.0,0
txn_0004605,card_0451,merchant_180,M,job_12,health_fitness,city_33,S03,45466,4,47,33,2025,4,2,26.889,18.0,94.78,7445.0,0
txn_0001961,card_0381,merchant_027,M,job_23,misc_net,city_14,S12,17956,13,51,44,2025,6,3,15.902,58.0,127.62,59240.0,0
txn_0002024,card_0865,merchant_102,M,job_29,shopping_pos,city_32,S03,18461,0,38,6,2025,7,9,4.006,44.0,29.93,10893.0,0
txn_0000493,card_0660,merchant_175,F,job_09,gas_transport,city_20,S14,30335,20,22,14,2025,6,15,8.969,23.0,49.78,15613.0,0
txn_0005705,card_0727,merchant_211,F,job_18,misc_net,city_56,S13,48258,11,34,37,2025,11,6,20.291,48.0,121.49,30669.0,0
txn_0004575,card_0724,merchant_083,M,job_17,food_dining,city_03,S09,97406,17,12,56,2025,12,1,5.13,35.0,23.05,17517.0,0
txn_0007613,card_0517,merchant_175,F,job_14,gas_transport,city_26,S06,21782,12,59,15,2025,7,1,19.477,46.0,39.5,12072.0,0
txn_0003802,card_0643,merchant_104,F,job_18,shopping_net,city_12,S09,12952,8,29,3,2025,4,2,22.812,54.0,214.94,45789.0,0
txn_0004715,card_0450,merchant_019,M,job_01,food_dining,city_30,S10,39134,21,50,22,2025,5,18,85.582,29.0,19.23,11583.0,0
txn_0000645,card_0374,merchant_196,M,job_24,shopping_pos,city_13,S08,18552,17,24,59,2025,3,18,57.942,43.0,84.93,6574.0,0
txn_0001839,card_0201,merchant_130,M,job_15,personal_care,city_03,S12,62354,20,54,6,2025,12,10,39.214,58.0,37.14,191338.0,0
txn_0007870,card_0309,merchant_134,F,job_30,misc_net,city_17,S12,91530,7,46,52,2025,7,18,11.59,40.0,247.0,23380.0,0
txn_0006269,card_0196,merchant_219,F,job_26,misc_net,city_33,S09,71851,6,29,55,2025,6,28,33.272,38.0,354.97,37882.0,0
txn_0001172,card_0888,merchant_182,F,job_15,entertainment,city_38,S09,69812,20,40,15,2025,3,27,128.479,46.0,74.45,80550.0,0
txn_0006477,card_0852,merchant_041,M,job_20,shopping_net,city_59,S14,52986,10,50,2,2025,1,13,25.553,31.0,195.94,22784.0,1
txn_0002388,card_0553,merchant_084,F,job_07,misc_net,city_27,S05,97886,8,16,59,2025,1,9,56.104,46.0,78.96,49966.0,0
txn_0001724,card_0885,merchant_151,M,job_07,shopping_net,city_28,S03,43198,8,14,12,2025,9,26,42.503,54.0,75.07,13069.0,0
txn_0003064,card_0603,merchant_057,F,job_10,travel,city_33,S04,21767,16,22,1,2025,1,28,34.473,30.0,577.39,11146.0,0
txn_0003479,card_0446,merchant_216,F,job_27,entertainment,city_34,S09,50702,6,4,45,2025,12,27,104.383,67.0,85.29,121235.0,0
txn_0005875,card_0705,merchant_113,M,job_28,grocery_pos,city_06,S05,79316,18,33,40,2025,9,25,54.016,45.0,22.67,1763.0,0
txn_0000740,card_0175,merchant_015,F,job_05,health_fitness,city_03,S07,26983,14,6,45,2025,10,19,17.875,18.0,209.21,7848.0,0
txn_0004829,card_0577,merchant_215,M,job_12,entertainment,city_08,S03,74506,15,33,15,2025,2,4,20.721,38.0,64.36,44839.0,0
txn_0003371,card_0512,merchant_215,M,job_08,entertainment,city_30,S05,23617,7,16,22,2025,12,1,54.763,43.0,94.53,13637.0,0
txn_0001444,card_0139,merchant_147,F,job_26,misc_net,city_12,S14,84954,18,3,34,2025,8,10,13.79,56.0,69.5,7696.0,0
txn_0002762,card_0093,merchant_215,F,job_13,entertainment,city_42,S08,39361,12,58,12,2025,4,4,46.467,38.0,91.74,7476.0,0
txn_0000785,card_0041,merchant_214,M,job_12,travel,city_05,S01,93516,6,54,7,2025,5,28,10.58,33.0,513.91,504722.0,0
txn_0005679,card_0042,merchant_208,M,job_29,gas_transport,city_48,S07,93679,10,24,23,2025,10,17,26.704,24.0,37.67,19389.0,0
txn_0002502,card_0281,merchant_100,F,job_29,health_fitness,city_05,S00,30122,22,56,48,2025,5,28,33.682,32.0,47.6,33688.0,0
txn_0002137,card_0437,merchant_183,M,job_09,food_dining,city_16,S07,65294,9,30,46,2025,5,23,51.719,41.0,30.15,17415.0,0
txn_0003775,card_0380,merchant_100,F,job_23,health_fitness,city_41,S06,50578,22,29,56,2025,6,3,0.753,30.0,74.56,14780.0,0
txn_0005354,card_0103,merchant_011,F,job_28,gas_transport,city_14,S00,91520,11,34,49,2025,11,30,39.814,38.0,33.97,73460.0,0
txn_0002212,card_0441,merchant_072,F,job_04,entertainment,city_39,S06,68619,6,5,2,2025,7,21,4.16,43.0,56.79,34614.0,0
txn_0004045,card_0021,merchant_022,F,job_18,grocery_pos,city_45,S10,30012,3,53,11,2025,8,27,27.78,33.0,22.14,29305.0,0
txn_0004058,card_0828,merchant_131,M,job_14,grocery_pos,city_36,S02,79377,11,57,39,2025,3,17,7.653,32.0,73.12,5801.0,0
txn_0005687,card_0630,merchant_203,M,job_02,travel,city_07,S09,16610,20,54,57,2025,7,3,25.343,31.0,671.73,11664.0,0
txn_0003784,card_0091,merchant_079,M,job_17,gas_transport,city_14,S02,66396,8,4,6,2025,10,20,69.698,60.0,49.04,10702.0,0
txn_0001340,card_0061,merchant_190,M,job_13,shopping_pos,city_17,S06,52148,10,6,5,2025,1,30,31.003,33.0,51.98,42052.0,0
txn_0000487,card_0253,merchant_123,F,job_29,grocery_pos,city_56,S06,41698,4,2,8,2025,4,21,44.768,32.0,66.93,10876.0,0
txn_0002826,card_0247,merchant_171,F,job_24,food_dining,city_31,S07,42369,2,42,18,2025,3,1,63.593,38.0,25.4,29074.0,0
txn_0007481,card_0525,merchant_153,F,job_26,grocery_pos,city_49,S11,55365,9,41,53,2025,5,2,247.697,39.0,377.68,183893.0,0
txn_0002269,card_0652,merchant_180,F,job_17,health_fitness,city_05,S01,98218,18,31,36,2025,12,28,19.788,63.0,56.82,20375.0,0
txn_0005605,card_0241,merchant_066,M,job_10,shopping_pos,city_53,S14,54465,5,59,53,2025,7,12,60.942,52.0,82.31,52267.0,0
txn_0006305,card_0478,merchant_066,M,job_16,shopping_pos,city_22,S03,32240,18,34,24,2025,9,18,17.135,19.0,117.78,42513.0,0
txn_0003438,card_0748,merchant_212,F,job_31,gas_transport,city_28,S09,79009,16,5,13,2025,4,7,57.08,54.0,174.23,57894.0,1
txn_0005370,card_0199,merchant_147,M,job_13,misc_net,city_16,S03,14944,1,51,58,2025,12,24,21.481,52.0,49.27,28326.0,0
txn_0005775,card_0307,merchant_148,M,job_23,food_dining,city_08,S06,97317,12,56,9,2025,8,15,33.399,49.0,101.59,129459.0,0
txn_0001156,card_0167,merchant_152,F,job_20,entertainment,city_28,S02,77424,2,35,13,2025,12,1,74.702,39.0,101.73,23414.0,0
txn_0002156,card_0101,merchant_082,F,job_23,gas_transport,city_31,S06,30760,20,20,34,2025,4,10,11.069,32.0,78.04,77925.0,0
txn_0007820,card_0241,merchant_197,M,job_10,travel,city_53,S14,54465,20,16,4,2025,8,7,20.965,52.0,338.34,52267.0,0
txn_0005131,card_0753,merchant_073,M,job_19,shopping_net,city_11,S05,47206,11,2,48,2025,9,13,12.9,18.0,80.75,17182.0,0
txn_0001531,card_0764,merchant_175,F,job_16,gas_transport,city_26,S05,62043,5,26,6,2025,9,12,1.432,44.0,212.07,4378.0,0
txn_0003865,card_0654,merchant_207,M,job_14,food_dining,city_49,S14,40751,8,9,27,2025,3,8,0.9,32.0,40.56,19391.0,0
txn_0000715,card_0026,merchant_218,F,job_17,misc_net,city_06,S02,79385,15,35,38,2025,7,9,22.566,46.0,443.5,23326.0,0
txn_0000646,card_0228,merchant_004,M,job_17,travel,city_31,S02,71351,16,7,53,2025,1,1,21.585,44.0,432.83,12409.0,0
txn_0002880,card_0469,merchant_161,M,job_20,shopping_pos,city_58,S09,19025,5,33,22,2025,3,4,16.228,35.0,258.4,57003.0,0
txn_0006205,card_0169,merchant_127,F,job_00,food_dining,city_09,S03,40019,19,40,23,2025,11,25,24.499,55.0,64.33,10738.0,0
txn_0004751,card_0504,merchant_067,F,job_05,health_fitness,city_54,S04,17005,3,54,57,2025,10,4,17.714,47.0,101.36,26112.0,0
txn_0006638,card_0244,merchant_158,M,job_10,grocery_pos,city_16,S12,92885,9,58,51,2025,12,15,12.639,55.0,63.83,5607.0,0
txn_0006017,card_0718,merchant_150,F,job_03,gas_transport,city_08,S01,86660,12,6,49,2025,1,22,7.919,30.0,184.23,115885.0,0
txn_0004685,card_0645,merchant_163,F,job_18,shopping_net,city_53,S11,35141,19,29,15,2025,7,1,25.19,29.0,32.53,16870.0,0
txn_0004619,card_0582,merchant_130,F,job_09,personal_care,city_55,S14,19092,11,20,9,2025,6,5,45.182,51.0,37.64,27911.0,0
txn_0006655,card_0607,merchant_045,M,job_15,gas_transport,city_42,S02,94320,11,20,15,2025,6,9,47.896,18.0,58.81,44221.0,0
txn_0007531,card_0120,merchant_064,F,job_01,shopping_net,city_23,S08,67491,3,40,9,2025,5,26,36.644,50.0,77.21,101416.0,0
txn_0001838,card_0233,merchant_152,M,job_24,entertainment,city_40,S06,69398,0,59,14,2025,8,4,14.999,45.0,63.62,16359.0,0
txn_0006042,card_0198,merchant_194,F,job_01,health_fitness,city_16,S11,10909,9,27,56,2025,1,23,25.4,35.0,27.44,15656.0,0
txn_0004344,card_0072,merchant_079,F,job_15,gas_transport,city_36,S03,62835,4,19,17,2025,8,10,4.406,53.0,59.85,64645.0,0
txn_0005423,card_0342,merchant_007,M,job_30,misc_net,city_57,S04,93507,11,15,30,2025,9,26,5.732,40.0,180.19,25951.0,0
txn_0007078,card_0882,merchant_181,F,job_00,travel,city_23,S03,85212,0,15,46,2025,9,16,78.065,47.0,196.29,17026.0,0
txn_0001418,card_0850,merchant_125,M,job_29,gas_transport,city_52,S06,87306,19,29,27,2025,6,25,32.257,58.0,84.73,11766.0,0
txn_0004673,card_0584,merchant_142,F,job_13,grocery_pos,city_11,S06,15013,13,9,27,2025,6,16,29.842,49.0,81.31,8517.0,0
txn_0001984,card_0606,merchant_211,F,job_29,misc_net,city_22,S04,91583,8,20,4,2025,11,23,10.533,68.0,295.47,20362.0,0
txn_0007495,card_0857,merchant_004,F,job_19,travel,city_16,S05,13487,18,34,52,2025,6,7,25.898,37.0,96.31,65071.0,0
txn_0000970,card_0185,merchant_143,F,job_26,travel,city_47,S02,59857,14,41,20,2025,6,7,15.615,35.0,195.01,66776.0,0
txn_0005622,card_0889,merchant_199,F,job_24,misc_net,city_58,S13,44732,22,35,3,2025,8,10,23.508,58.0,37.39,9818.0,0
txn_0004534,card_0308,merchant_034,F,job_09,misc_net,city_16,S09,27657,8,23,5,2025,10,9,17.916,57.0,117.13,39872.0,0
txn_0003055,card_0116,merchant_020,F,job_12,food_dining,city_16,S10,41480,9,20,26,2025,4,15,47.107,40.0,49.57,6523.0,0
txn_0007243,card_0633,merchant_062,F,job_06,shopping_net,city_18,S12,33811,23,20,34,2025,3,13,69.362,30.0,228.87,16734.0,0
txn_0004059,card_0838,merchant_006,F,job_00,shopping_net,city_09,S07,40989,12,55,13,2025,4,18,47.89,32.0,123.11,26059.0,0
txn_0000747,card_0352,merchant_010,F,job_02,health_fitness,city_51,S11,75539,16,51,22,2025,12,22,21.934,38.0,279.35,169544.0,0
txn_0007980,card_0348,merchant_118,F,job_10,grocery_pos,city_50,S02,97298,0,42,28,2025,3,8,15.348,20.0,68.96,14210.0,0
txn_0000561,card_0357,merchant_138,M,job_17,entertainment,city_37,S02,76072,14,48,51,2025,4,9,38.691,56.0,54.14,9479.0,0
txn_0007154,card_0776,merchant_184,F,job_04,gas_transport,city_16,S08,38487,9,19,40,2025,5,22,48.172,33.0,68.91,7917.0,0
txn_0000414,card_0345,merchant_200,F,job_31,shopping_pos,city_26,S13,75980,3,23,0,2025,1,18,692.222,37.0,1192.96,17520.0,1
txn_0000969,card_0693,merchant_139,M,job_00,food_dining,city_36,S02,18490,15,28,54,2025,12,26,11.468,35.0,40.1,50121.0,0
txn_0006424,card_0590,merchant_119,M,job_08,health_fitness,city_27,S06,48628,15,4,5,2025,6,30,29.824,65.0,43.4,49929.0,0
txn_0000188,card_0263,merchant_026,M,job_17,shopping_pos,city_43,S01,64935,23,11,27,2025,3,29,63.336,27.0,125.54,9621.0,0
txn_0000548,card_0188,merchant_154,F,job_20,gas_transport,city_12,S02,97847,20,6,36,2025,2,18,46.12,60.0,146.07,16218.0,0
txn_0006713,card_0200,merchant_193,F,job_15,travel,city_52,S07,93080,11,52,36,2025,8,11,13.515,38.0,103.43,42203.0,0
txn_0002277,card_0896,merchant_083,M,job_31,food_dining,city_07,S05,39680,20,50,35,2025,7,17,13.292,63.0,21.57,66947.0,0
txn_0005141,card_0019,merchant_208,F,job_20,gas_transport,city_17,S02,17803,23,44,59,2025,10,9,26.06,23.0,177.5,6983.0,1
txn_0004269,card_0617,merchant_076,F,job_01,entertainment,city_15,S05,40738,10,33,54,2025,5,7,33.207,55.0,44.29,37985.0,0
txn_0000835,card_0220,merchant_212,F,job_00,gas_transport,city_18,S04,21355,2,59,47,2025,12,13,127.631,18.0,63.2,4884.0,0
txn_0000012,card_0073,merchant_105,F,job_15,shopping_net,city_56,S10,10051,21,36,46,2025,5,21,1.229,57.0,35.88,25319.0,0
txn_0000876,card_0297,merchant_137,F,job_31,grocery_pos,city_51,S05,11607,15,38,57,2025,12,22,12.612,18.0,28.99,18765.0,0
txn_0003121,card_0032,merchant_074,F,job_08,health_fitness,city_35,S13,13342,17,22,49,2025,1,3,99.531,26.0,65.0,25638.0,0
txn_0001021,card_0602,merchant_201,M,job_07,gas_transport,city_44,S09,40958,12,39,51,2025,1,8,21.875,56.0,175.72,11603.0,0
txn_0005053,card_0068,merchant_157,F,job_29,health_fitness,city_01,S07,48337,21,25,22,2025,3,2,5.09,18.0,241.78,9723.0,0
txn_0000346,card_0173,merchant_185,M,job_16,grocery_pos,city_20,S03,21450,23,43,17,2025,9,14,5.702,66.0,19.2,16694.0,0
txn_0005894,card_0791,merchant_175,F,job_28,gas_transport,city_22,S09,83430,14,9,52,2025,5,27,34.101,67.0,22.4,5922.0,0
txn_0001451,card_0848,merchant_202,M,job_25,shopping_pos,city_56,S04,59594,1,25,18,2025,2,26,15.704,56.0,44.29,23030.0,0
txn_0007447,card_0282,merchant_005,M,job_22,shopping_pos,city_19,S12,61764,16,19,52,2025,9,6,14.116,47.0,101.88,159274.0,0
txn_0004750,card_0645,merchant_061,F,job_18,shopping_pos,city_53,S11,35141,17,24,8,2025,1,15,34.543,29.0,93.24,16870.0,0
txn_0007860,card_0487,merchant_163,M,job_10,shopping_net,city_49,S06,93623,13,29,10,2025,4,6,16.617,41.0,165.71,29828.0,0
txn_0001778,card_0411,merchant_162,F,job_11,health_fitness,city_46,S11,89657,3,25,25,2025,11,26,796.226,56.0,1909.65,6040.0,1
txn_0007579,card_0277,merchant_113,M,job_06,grocery_pos,city_26,S13,32100,6,58,35,2025,7,14,45.674,47.0,53.6,18412.0,0
txn_0005664,card_0418,merchant_024,F,job_14,shopping_pos,city_17,S00,26837,14,44,22,2025,12,2,52.067,33.0,61.93,24651.0,0
txn_0002662,card_0033,merchant_122,M,job_20,shopping_pos,city_04,S03,78437,15,14,16,2025,12,3,3.472,66.0,261.62,13048.0,0
txn_0003856,card_0034,merchant_129,M,job_14,travel,city_24,S06,96482,21,48,54,2025,3,26,4.401,31.0,476.2,14379.0,0
txn_0004428,card_0826,merchant_008,M,job_30,misc_net,city_58,S01,33146,15,47,47,2025,11,14,97.181,54.0,274.35,53641.0,0
txn_0006358,card_0103,merchant_154,F,job_28,gas_transport,city_14,S00,91520,17,59,42,2025,11,14,21.765,38.0,22.26,73460.0,0
txn_0000837,card_0512,merchant_195,M,job_08,misc_net,city_30,S05,23617,5,8,57,2025,10,27,728.448,43.0,613.06,13637.0,1
txn_0001463,card_0009,merchant_017,F,job_02,shopping_net,city_57,S13,70726,11,34,4,2025,8,24,33.786,38.0,380.49,10797.0,0
txn_0001494,card_0619,merchant_062,F,job_14,shopping_net,city_25,S00,24656,13,38,36,2025,2,24,6.622,56.0,128.88,32236.0,0
txn_0000365,card_0536,merchant_182,F,job_13,entertainment,city_27,S05,97654,16,13,43,2025,5,6,24.885,31.0,132.33,18702.0,0
txn_0002929,card_0745,merchant_189,F,job_09,shopping_pos,city_23,S10,55240,18,23,13,2025,5,10,4.985,47.0,193.57,2359.0,0
txn_0005494,card_0189,merchant_075,F,job_04,grocery_pos,city_55,S02,38472,10,35,41,2025,11,14,57.891,43.0,63.6,8704.0,0
txn_0004874,card_0802,merchant_102,M,job_21,shopping_pos,city_46,S04,45985,13,40,18,2025,4,13,5.454,72.0,145.35,5312.0,0
txn_0001446,card_0527,merchant_203,F,job_28,travel,city_10,S05,18163,15,44,45,2025,9,30,52.169,42.0,144.68,9642.0,0
txn_0005109,card_0764,merchant_135,F,job_16,shopping_net,city_26,S05,62043,14,18,29,2025,11,26,3.313,44.0,92.48,4378.0,0
txn_0007252,card_0832,merchant_131,F,job_22,grocery_pos,city_54,S00,90842,18,40,25,2025,5,17,18.979,27.0,68.31,34590.0,0
txn_0006121,card_0568,merchant_046,M,job_24,entertainment,city_09,S02,55625,4,6,22,2025,1,1,581.852,56.0,238.55,4297.0,0
txn_0004052,card_0362,merchant_106,F,job_14,health_fitness,city_24,S05,69100,7,16,6,2025,5,9,14.26,63.0,84.46,6535.0,0
txn_0006106,card_0437,merchant_194,M,job_09,health_fitness,city_16,S07,65294,9,1,49,2025,11,20,40.955,41.0,82.63,17415.0,0
txn_0003186,card_0672,merchant_185,M,job_23,grocery_pos,city_24,S04,93996,1,25,38,2025,7,9,12.254,29.0,32.5,37063.0,0
txn_0005606,card_0274,merchant_192,F,job_00,health_fitness,city_41,S00,65875,3,29,23,2025,8,12,7.198,31.0,270.23,24142.0,0
txn_0005250,card_0743,merchant_215,F,job_19,entertainment,city_22,S03,33163,6,59,41,2025,12,24,19.025,40.0,176.16,154889.0,0
txn_0003986,card_0179,merchant_041,M,job_26,shopping_net,city_47,S14,50164,16,23,35,2025,6,26,16.366,43.0,155.75,16322.0,0
txn_0002681,card_0651,merchant_214,M,job_27,travel,city_53,S14,44664,17,13,35,2025,1,21,6.223,64.0,1526.73,12941.0,0
txn_0000335,card_0827,merchant_031,M,job_18,travel,city_00,S01,53413,8,48,49,2025,11,27,32.344,25.0,230.56,5874.0,0
txn_0007642,card_0061,merchant_077,M,job_13,food_dining,city_17,S06,52148,2,57,45,2025,4,27,0.024,33.0,14.04,42052.0,0
txn_0007322,card_0401,merchant_107,M,job_12,personal_care,city_00,S01,85845,22,0,7,2025,6,27,13.16,64.0,23.84,91321.0,0
txn_0006402,card_0127,merchant_073,M,job_08,shopping_net,city_07,S14,57409,10,19,26,2025,9,4,4.824,65.0,181.17,22863.0,0
txn_0001899,card_0764,merchant_162,F,job_16,health_fitness,city_26,S05,62043,15,58,14,2025,12,23,14.52,44.0,71.8,4378.0,0
txn_0006055,card_0828,merchant_058,M,job_14,shopping_pos,city_36,S02,79377,13,48,56,2025,6,30,1.985,32.0,40.78,5801.0,0
txn_0003022,card_0176,merchant_129,M,job_22,travel,city_55,S09,57916,12,56,40,2025,5,10,7.256,51.0,546.5,63646.0,0
txn_0002215,card_0332,merchant_122,F,job_31,shopping_pos,city_31,S08,73258,20,10,28,2025,11,5,4.48,47.0,24.86,17311.0,0
txn_0001089,card_0750,merchant_213,M,job_06,gas_transport,city_39,S07,64754,11,29,36,2025,4,19,69.203,28.0,151.77,43963.0,0
txn_0007888,card_0463,merchant_152,F,job_06,entertainment,city_30,S04,56361,18,48,13,2025,1,8,407.241,24.0,826.78,20540.0,0
txn_0003970,card_0490,merchant_155,M,job_09,shopping_pos,city_23,S00,76340,11,49,38,2025,1,6,532.352,26.0,208.48,23165.0,0
txn_0001255,card_0225,merchant_165,F,job_26,shopping_net,city_28,S02,91350,9,22,15,2025,3,30,79.484,60.0,163.29,32335.0,0
txn_0000044,card_0071,merchant_138,F,job_13,entertainment,city_12,S00,18566,17,18,13,2025,8,3,7.994,29.0,93.74,48466.0,0
txn_0006877,card_0326,merchant_134,F,job_03,misc_net,city_18,S01,55158,23,59,9,2025,9,6,54.397,43.0,56.71,35626.0,0
txn_0000792,card_0205,merchant_005,F,job_05,shopping_pos,city_07,S12,86390,12,32,48,2025,4,9,14.547,21.0,54.73,40780.0,0
txn_0007548,card_0355,merchant_060,M,job_02,entertainment,city_29,S07,94830,3,46,47,2025,1,24,3.983,39.0,86.11,10445.0,0
txn_0001466,card_0127,merchant_098,M,job_08,grocery_pos,city_07,S14,57409,12,48,23,2025,9,19,48.189,65.0,24.35,22863.0,0
txn_0003115,card_0890,merchant_027,F,job_18,misc_net,city_43,S01,26931,17,58,4,2025,2,1,39.398,61.0,36.45,32320.0,0
txn_0004743,card_0206,merchant_156,M,job_07,health_fitness,city_26,S09,19234,21,42,11,2025,3,31,12.384,48.0,51.22,39523.0,0
txn_0006675,card_0638,merchant_113,M,job_22,grocery_pos,city_50,S12,78350,13,35,41,2025,3,21,11.232,61.0,29.99,12420.0,0
txn_0007754,card_0725,merchant_031,F,job_31,travel,city_19,S14,45345,3,39,58,2025,12,6,33.834,57.0,1437.43,18848.0,0
txn_0004706,card_0657,merchant_081,M,job_24,shopping_net,city_56,S13,18075,1,5,39,2025,5,30,25.824,46.0,192.28,6824.0,0
txn_0002572,card_0862,merchant_035,F,job_00,shopping_pos,city_08,S06,62957,16,6,17,2025,12,8,7.708,79.0,51.08,40823.0,0
txn_0007791,card_0090,merchant_134,F,job_10,misc_net,city_11,S14,46153,13,20,57,2025,9,3,25.951,50.0,59.56,5872.0,0
txn_0002696,card_0641,merchant_131,M,job_07,grocery_pos,city_00,S04,34651,0,14,50,2025,7,5,72.159,59.0,21.95,11412.0,0
txn_0004765,card_0615,merchant_024,M,job_29,shopping_pos,city_29,S12,99351,21,25,27,2025,4,14,88.531,37.0,115.88,10294.0,0
txn_0002319,card_0298,merchant_179,F,job_25,shopping_pos,city_45,S06,37325,9,48,31,2025,12,15,8.832,36.0,58.27,3796.0,0
txn_0000676,card_0004,merchant_050,F,job_14,gas_transport,city_07,S01,93225,8,52,8,2025,6,2,12.473,59.0,134.38,22681.0,0
txn_0000052,card_0240,merchant_044,F,job_28,entertainment,city_17,S10,88410,18,37,33,2025,6,5,33.01,45.0,107.33,17186.0,0
txn_0000831,card_0709,merchant_144,F,job_04,grocery_pos,city_07,S07,64216,9,45,34,2025,4,4,30.732,52.0,55.49,36438.0,0
txn_0002042,card_0020,merchant_195,M,job_27,misc_net,city_18,S09,99646,9,30,45,2025,10,24,18.383,45.0,129.99,33981.0,1
txn_0005443,card_0574,merchant_052,F,job_31,entertainment,city_41,S03,46045,2,7,8,2025,6,12,23.314,38.0,68.57,6242.0,0
txn_0006399,card_0797,merchant_166,F,job_04,shopping_net,city_43,S07,33269,7,26,13,2025,12,11,24.957,77.0,25.87,145932.0,0
txn_0007359,card_0315,merchant_214,M,job_03,travel,city_12,S06,17033,9,8,0,2025,3,2,15.105,36.0,601.9,25992.0,0
txn_0006957,card_0559,merchant_101,M,job_16,health_fitness,city_12,S06,12796,11,52,47,2025,1,3,15.731,56.0,44.15,24448.0,0
txn_0000342,card_0469,merchant_176,M,job_20,travel,city_58,S09,19025,15,1,42,2025,3,2,16.461,35.0,102.52,57003.0,0
txn_0007280,card_0002,merchant_056,M,job_07,entertainment,city_27,S03,23960,13,9,46,2025,5,6,22.71,45.0,49.92,53166.0,0
txn_0006412,card_0716,merchant_204,M,job_25,misc_net,city_41,S09,98095,6,40,42,2025,9,15,18.468,66.0,45.78,22861.0,0
txn_0006127,card_0470,merchant_054,M,job_28,shopping_pos,city_19,S09,18743,21,4,34,2025,9,18,4.44,54.0,136.2,50297.0,0
txn_0005120,card_0444,merchant_203,M,job_05,travel,city_42,S11,47198,22,53,22,2025,8,20,5.314,64.0,715.78,18650.0,1
txn_0001401,card_0768,merchant_212,F,job_17,gas_transport,city_22,S07,93391,2,38,56,2025,7,22,33.723,72.0,45.7,33358.0,0
txn_0002211,card_0262,merchant_159,F,job_27,grocery_pos,city_08,S14,32289,19,7,54,2025,11,22,23.07,42.0,162.46,30197.0,0
txn_0004998,card_0293,merchant_144,F,job_22,grocery_pos,city_11,S12,28121,14,1,54,2025,8,27,7.218,33.0,367.79,8543.0,0
txn_0006027,card_0344,merchant_011,M,job_28,gas_transport,city_21,S02,21738,19,27,58,2025,10,6,26.039,43.0,28.26,73571.0,0
txn_0004475,card_0608,merchant_031,M,job_27,travel,city_27,S00,30367,15,25,21,2025,6,23,32.019,48.0,45.8,21120.0,0
txn_0000611,card_0417,merchant_062,F,job_18,shopping_net,city_59,S09,23741,11,30,16,2025,12,5,59.007,57.0,414.0,22923.0,0
txn_0003712,card_0831,merchant_031,F,job_28,travel,city_40,S01,17898,0,14,57,2025,8,25,16.268,52.0,112.4,51806.0,0
txn_0000559,card_0442,merchant_062,F,job_03,shopping_net,city_27,S06,78374,3,5,0,2025,7,24,13.533,30.0,142.37,20868.0,0
txn_0004942,card_0758,merchant_219,F,job_26,misc_net,city_01,S12,70252,16,18,29,2025,3,22,53.879,47.0,166.4,16185.0,0
txn_0002532,card_0706,merchant_097,F,job_04,entertainment,city_27,S05,76528,16,20,39,2025,3,4,15.545,60.0,103.3,10596.0,0
txn_0000129,card_0142,merchant_185,F,job_13,grocery_pos,city_52,S11,94480,21,39,35,2025,5,12,93.767,18.0,37.38,31557.0,0
txn_0006449,card_0015,merchant_198,M,job_14,food_dining,city_06,S06,50215,1,48,48,2025,9,10,49.879,44.0,54.32,51473.0,0
txn_0005067,card_0733,merchant_072,M,job_28,entertainment,city_10,S05,90435,15,46,14,2025,6,14,17.404,59.0,68.24,11217.0,0
txn_0005703,card_0740,merchant_076,M,job_23,entertainment,city_17,S14,14676,1,41,19,2025,3,21,20.453,67.0,84.23,6107.0,0
txn_0001029,card_0601,merchant_046,M,job_08,entertainment,city_33,S03,77239,7,22,2,2025,8,16,2.286,58.0,142.26,9981.0,0
txn_0000281,card_0471,merchant_014,M,job_10,travel,city_19,S14,80453,13,50,51,2025,2,17,29.368,64.0,1045.05,53367.0,0
txn_0006982,card_0165,merchant_117,M,job_12,entertainment,city_44,S00,46748,2,8,2,2025,6,22,8.672,65.0,410.76,36140.0,0
txn_0006361,card_0392,merchant_208,F,job_14,gas_transport,city_17,S10,22622,16,56,16,2025,3,12,53.195,51.0,89.46,18361.0,0
txn_0000911,card_0048,merchant_025,M,job_30,travel,city_31,S06,99880,2,30,51,2025,8,11,19.755,43.0,195.4,143878.0,0
txn_0005814,card_0864,merchant_159,M,job_18,grocery_pos,city_12,S11,50115,2,33,28,2025,12,19,55.452,40.0,28.85,19159.0,0
txn_0002004,card_0509,merchant_112,F,job_09,personal_care,city_32,S03,39150,15,56,6,2025,8,18,5.839,42.0,53.91,23414.0,0
txn_0006451,card_0409,merchant_185,F,job_27,grocery_pos,city_08,S03,20430,8,18,43,2025,12,26,52.022,25.0,56.01,8633.0,0
txn_0000416,card_0855,merchant_076,M,job_10,entertainment,city_33,S06,16043,23,56,20,2025,3,4,40.841,28.0,65.46,3285.0,0
txn_0001964,card_0279,merchant_083,F,job_00,food_dining,city_07,S07,13829,9,32,38,2025,11,13,49.467,40.0,46.57,18433.0,0
txn_0003103,card_0207,merchant_032,M,job_29,travel,city_09,S14,23985,15,49,18,2025,7,2,15.598,39.0,510.72,49218.0,0
txn_0001898,card_0022,merchant_077,F,job_14,food_dining,city_18,S01,39758,10,38,41,2025,7,1,19.862,45.0,23.18,48419.0,0
txn_0001520,card_0690,merchant_033,M,job_23,food_dining,city_20,S03,16125,12,52,45,2025,7,20,26.677,33.0,162.15,15110.0,0
txn_0000253,card_0615,merchant_133,M,job_29,grocery_pos,city_29,S12,99351,18,34,23,2025,2,21,3.956,37.0,23.76,10294.0,0
txn_0003133,card_0805,merchant_200,M,job_27,shopping_pos,city_45,S13,90524,5,31,13,2025,11,23,10.938,38.0,67.2,281058.0,0
txn_0007720,card_0732,merchant_202,M,job_02,shopping_pos,city_55,S03,87498,15,54,57,2025,1,19,73.833,60.0,50.58,20377.0,0
txn_0000612,card_0105,merchant_051,M,job_29,misc_net,city_14,S14,55018,2,5,10,2025,5,31,58.673,37.0,120.18,17277.0,0
txn_0002329,card_0634,merchant_010,F,job_26,health_fitness,city_27,S01,33293,15,31,55,2025,8,2,72.807,51.0,78.6,26134.0,0
txn_0007370,card_0039,merchant_137,M,job_16,grocery_pos,city_33,S05,65774,18,49,59,2025,7,16,30.444,40.0,120.08,174940.0,0
txn_0004016,card_0073,merchant_084,F,job_15,misc_net,city_56,S10,10051,10,57,9,2025,7,3,9.554,57.0,166.62,25319.0,0
txn_0003373,card_0463,merchant_071,F,job_06,personal_care,city_30,S04,56361,9,32,43,2025,7,16,3.191,24.0,30.17,20540.0,0
txn_0001564,card_0856,merchant_115,F,job_11,gas_transport,city_03,S10,63194,10,18,53,2025,11,8,8.273,38.0,178.64,11386.0,0
txn_0001741,card_0394,merchant_190,M,job_30,shopping_pos,city_39,S13,56031,9,53,30,2025,4,29,41.159,21.0,68.3,102828.0,0
txn_0004747,card_0438,merchant_043,F,job_24,health_fitness,city_28,S07,37551,11,21,43,2025,1,26,6.098,53.0,61.52,57705.0,0
txn_0005418,card_0566,merchant_150,F,job_20,gas_transport,city_20,S11,51610,23,56,20,2025,10,4,26.177,19.0,24.56,24577.0,0
txn_0002101,card_0262,merchant_091,F,job_27,food_dining,city_08,S14,32289,8,11,13,2025,3,2,8.445,42.0,38.32,30197.0,0
txn_0006308,card_0872,merchant_005,F,job_11,shopping_pos,city_51,S10,53935,7,24,39,2025,2,10,23.851,22.0,148.78,30779.0,0
txn_0005917,card_0481,merchant_018,M,job_09,personal_care,city_21,S02,35632,22,12,40,2025,7,12,19.58,41.0,35.1,189955.0,0
txn_0004926,card_0511,merchant_058,M,job_17,shopping_pos,city_04,S04,53181,15,52,53,2025,10,25,6.82,54.0,80.74,11322.0,0
txn_0002551,card_0131,merchant_109,M,job_05,health_fitness,city_28,S11,87396,16,2,20,2025,4,30,28.911,22.0,88.4,110180.0,0
txn_0003838,card_0365,merchant_150,M,job_01,gas_transport,city_55,S08,86654,19,49,48,2025,1,22,14.071,31.0,37.4,191740.0,0
txn_0005184,card_0874,merchant_207,M,job_24,food_dining,city_55,S14,86548,12,49,1,2025,4,27,23.386,62.0,39.08,12477.0,0
txn_0004483,card_0318,merchant_184,M,job_25,gas_transport,city_32,S08,15438,18,35,23,2025,11,26,5.928,52.0,50.57,27906.0,0
txn_0007068,card_0516,merchant_156,M,job_20,health_fitness,city_05,S00,11675,16,58,49,2025,2,1,4.088,46.0,179.47,80145.0,0
txn_0006023,card_0308,merchant_039,F,job_09,misc_net,city_16,S09,27657,9,59,33,2025,10,31,60.183,57.0,278.18,39872.0,0
txn_0004987,card_0537,merchant_077,F,job_20,food_dining,city_49,S14,33294,20,21,8,2025,5,20,27.856,41.0,39.79,92631.0,0
txn_0007774,card_0213,merchant_086,F,job_09,entertainment,city_55,S03,49856,5,15,17,2025,7,31,14.615,24.0,67.49,27951.0,0
txn_0007192,card_0866,merchant_019,M,job_16,food_dining,city_14,S06,81918,12,7,44,2025,6,12,49.824,48.0,30.81,9002.0,0
txn_0000874,card_0390,merchant_015,M,job_07,health_fitness,city_21,S05,77902,23,44,26,2025,7,6,42.97,32.0,196.59,7242.0,0
txn_0004934,card_0721,merchant_215,M,job_00,entertainment,city_02,S11,50338,7,1,54,2025,4,18,13.897,47.0,186.95,83448.0,0
txn_0006360,card_0184,merchant_007,F,job_06,misc_net,city_38,S05,98619,0,32,8,2025,4,24,19.916,54.0,52.2,11608.0,0
txn_0007295,card_0337,merchant_177,F,job_03,gas_transport,city_01,S02,52521,11,24,32,2025,6,16,4.708,21.0,56.7,26908.0,0
txn_0003489,card_0546,merchant_102,F,job_30,shopping_pos,city_19,S11,47216,2,19,1,2025,4,2,22.458,59.0,116.48,101022.0,0
txn_0002947,card_0606,merchant_027,F,job_29,misc_net,city_22,S04,91583,4,17,52,2025,9,8,38.182,68.0,142.21,20362.0,0
txn_0000508,card_0847,merchant_141,F,job_12,gas_transport,city_47,S13,27103,8,9,46,2025,5,3,23.758,51.0,21.98,3395.0,0
txn_0006819,card_0589,merchant_094,M,job_16,gas_transport,city_52,S02,91007,5,15,51,2025,6,3,3.516,38.0,31.94,93917.0,0
txn_0007337,card_0455,merchant_213,M,job_15,gas_transport,city_41,S12,44005,22,2,50,2025,1,27,11.221,36.0,27.3,18907.0,0
txn_0003026,card_0547,merchant_167,M,job_30,health_fitness,city_45,S01,86991,5,13,27,2025,9,28,23.31,37.0,73.74,16431.0,0
txn_0007210,card_0443,merchant_096,F,job_18,misc_net,city_06,S08,19779,22,34,46,2025,2,22,30.92,31.0,87.47,36481.0,0
txn_0001524,card_0026,merchant_166,F,job_17,shopping_net,city_06,S02,79385,8,24,9,2025,5,30,26.856,46.0,141.83,23326.0,0
txn_0000808,card_0164,merchant_190,F,job_24,shopping_pos,city_49,S01,47129,19,24,51,2025,1,29,41.266,79.0,37.35,14906.0,0
txn_0005791,card_0040,merchant_004,F,job_22,travel,city_25,S02,74929,1,37,34,2025,1,14,43.531,61.0,308.29,20146.0,0
txn_0003132,card_0619,merchant_006,F,job_14,shopping_net,city_25,S00,24656,19,40,41,2025,3,21,26.686,56.0,109.09,32236.0,0
txn_0003391,card_0698,merchant_171,F,job_27,food_dining,city_01,S00,13266,20,25,10,2025,7,25,22.206,32.0,25.17,56342.0,0
txn_0001087,card_0619,merchant_039,F,job_14,misc_net,city_25,S00,24656,16,36,0,2025,5,4,10.959,56.0,100.94,32236.0,0
txn_0003291,card_0626,merchant_046,F,job_10,entertainment,city_09,S02,50444,23,59,42,2025,6,30,47.411,70.0,244.24,30591.0,0
txn_0002437,card_0725,merchant_218,F,job_31,misc_net,city_19,S14,45345,9,46,48,2025,9,14,20.475,57.0,51.46,18848.0,0
txn_0002594,card_0769,merchant_089,F,job_23,health_fitness,city_55,S12,57380,2,1,9,2025,8,3,12.916,44.0,198.99,42739.0,0
txn_0006128,card_0455,merchant_093,M,job_15,personal_care,city_41,S12,44005,4,33,5,2025,11,24,91.851,36.0,134.49,18907.0,0
txn_0000097,card_0865,merchant_163,M,job_29,shopping_net,city_32,S03,18461,1,52,3,2025,5,3,25.023,44.0,66.9,10893.0,0
txn_0003317,card_0695,merchant_193,F,job_05,travel,city_12,S11,99483,10,2,43,2025,6,10,17.14,27.0,197.79,20512.0,0
txn_0002686,card_0392,merchant_189,F,job_14,shopping_pos,city_17,S10,22622,15,13,41,2025,2,16,21.619,51.0,266.73,18361.0,0
txn_0002612,card_0611,merchant_033,F,job_07,food_dining,city_02,S06,73931,20,10,57,2025,3,9,18.399,39.0,31.41,47486.0,0
txn_0000768,card_0272,merchant_217,F,job_12,personal_care,city_24,S08,87824,8,20,36,2025,4,2,19.638,49.0,39.77,5557.0,0
txn_0006965,card_0192,merchant_110,M,job_26,health_fitness,city_17,S05,32972,5,32,2,2025,2,5,31.817,21.0,186.44,14843.0,0
txn_0000489,card_0584,merchant_027,F,job_13,misc_net,city_11,S06,15013,1,5,49,2025,9,4,11.168,49.0,329.88,8517.0,0
txn_0001349,card_0607,merchant_157,M,job_15,health_fitness,city_42,S02,94320,16,42,25,2025,5,30,39.465,18.0,94.35,44221.0,0
txn_0001100,card_0172,merchant_035,M,job_24,shopping_pos,city_40,S12,57478,11,30,59,2025,4,13,17.997,42.0,236.58,20384.0,0
txn_0001511,card_0651,merchant_028,M,job_27,travel,city_53,S14,44664,8,16,50,2025,8,28,5.413,64.0,481.58,12941.0,0
txn_0003510,card_0648,merchant_189,M,job_15,shopping_pos,city_46,S01,92119,0,5,39,2025,8,21,14.911,55.0,91.69,11767.0,0
txn_0004066,card_0707,merchant_090,M,job_19,shopping_net,city_37,S09,81929,8,59,36,2025,12,18,5.091,44.0,286.53,28541.0,0
txn_0006108,card_0682,merchant_059,M,job_16,travel,city_10,S14,25284,19,37,5,2025,2,26,19.45,55.0,679.97,9459.0,0
txn_0005822,card_0308,merchant_109,F,job_09,health_fitness,city_16,S09,27657,20,53,8,2025,5,11,80.766,57.0,47.9,39872.0,0
txn_0007182,card_0341,merchant_085,F,job_24,shopping_net,city_52,S04,38098,12,15,3,2025,10,11,53.296,50.0,390.8,25502.0,1
txn_0004533,card_0131,merchant_215,M,job_05,entertainment,city_28,S11,87396,18,36,18,2025,3,7,22.822,22.0,132.41,110180.0,0
txn_0006147,card_0689,merchant_061,M,job_00,shopping_pos,city_21,S10,37761,13,58,28,2025,8,1,23.429,39.0,80.48,14870.0,0
txn_0002347,card_0662,merchant_027,F,job_07,misc_net,city_28,S00,36233,0,16,10,2025,1,20,5.829,33.0,151.69,32960.0,0
txn_0005859,card_0437,merchant_020,M,job_09,food_dining,city_16,S07,65294,7,49,27,2025,4,22,16.024,41.0,24.31,17415.0,0
txn_0004339,card_0285,merchant_188,M,job_09,personal_care,city_39,S09,47253,23,5,50,2025,12,8,39.318,42.0,49.76,37277.0,0
txn_0004541,card_0031,merchant_175,F,job_22,gas_transport,city_57,S07,59121,3,32,53,2025,12,2,31.456,29.0,39.08,12460.0,0
txn_0002928,card_0276,merchant_012,F,job_10,personal_care,city_27,S07,72536,4,58,53,2025,3,16,31.194,18.0,19.95,45488.0,0
txn_0000717,card_0227,merchant_034,M,job_20,misc_net,city_57,S04,59453,17,28,32,2025,11,8,249.013,36.0,778.41,25955.0,0
txn_0007988,card_0654,merchant_003,M,job_14,health_fitness,city_49,S14,40751,2,22,33,2025,11,16,20.921,32.0,87.4,19391.0,0
txn_0005800,card_0315,merchant_158,M,job_03,grocery_pos,city_12,S06,17033,19,25,12,2025,7,19,7.586,36.0,153.9,25992.0,0
txn_0000310,card_0817,merchant_082,F,job_12,gas_transport,city_03,S13,24066,0,16,16,2025,11,6,1.895,59.0,77.19,12692.0,0
txn_0000189,card_0562,merchant_177,F,job_01,gas_transport,city_57,S11,60674,18,49,55,2025,6,29,19.359,37.0,26.61,15844.0,0
txn_0006749,card_0686,merchant_177,F,job_26,gas_transport,city_14,S11,74283,3,54,8,2025,4,25,915.963,51.0,2231.97,17511.0,1
txn_0005952,card_0883,merchant_058,F,job_30,shopping_pos,city_48,S04,15456,22,18,7,2025,7,16,7.735,37.0,117.34,6200.0,0
txn_0003900,card_0076,merchant_130,F,job_03,personal_care,city_13,S07,42983,13,6,19,2025,7,3,7.143,26.0,34.82,57704.0,0
txn_0001836,card_0051,merchant_005,F,job_09,shopping_pos,city_15,S01,16466,14,23,56,2025,10,13,1.994,43.0,62.79,9808.0,0
txn_0005461,card_0130,merchant_165,M,job_15,shopping_net,city_05,S13,74955,22,29,4,2025,3,28,61.717,31.0,101.73,15539.0,0
txn_0002883,card_0212,merchant_069,M,job_06,shopping_pos,city_09,S07,70737,2,50,35,2025,11,22,4.953,20.0,81.42,20452.0,0
txn_0005951,card_0856,merchant_082,F,job_11,gas_transport,city_03,S10,63194,7,3,6,2025,8,19,8.986,38.0,45.85,11386.0,0
txn_0000722,card_0429,merchant_035,M,job_10,shopping_pos,city_58,S11,47291,4,44,22,2025,7,5,42.41,43.0,49.04,21760.0,0
txn_0002604,card_0889,merchant_044,F,job_24,entertainment,city_58,S13,44732,12,19,10,2025,8,24,1.023,58.0,43.87,9818.0,0
txn_0003591,card_0448,merchant_190,M,job_23,shopping_pos,city_09,S14,40221,5,34,30,2025,5,22,5.501,48.0,45.91,11375.0,0
txn_0000476,card_0885,merchant_182,M,job_07,entertainment,city_28,S03,43198,16,10,45,2025,6,7,26.962,54.0,104.25,13069.0,0
txn_0007761,card_0115,merchant_218,M,job_26,misc_net,city_31,S01,35820,17,49,26,2025,10,30,14.061,49.0,206.59,38806.0,0
txn_0000094,card_0013,merchant_080,M,job_31,grocery_pos,city_29,S07,16666,7,43,29,2025,4,23,150.764,69.0,494.54,53079.0,0
txn_0007979,card_0326,merchant_151,F,job_03,shopping_net,city_18,S01,55158,22,1,34,2025,1,7,33.398,43.0,181.12,35626.0,0
txn_0003212,card_0626,merchant_008,F,job_10,misc_net,city_09,S02,50444,11,45,25,2025,1,17,57.146,70.0,256.87,30591.0,1
txn_0000215,card_0127,merchant_085,M,job_08,shopping_net,city_07,S14,57409,6,56,37,2025,10,27,12.349,65.0,40.71,22863.0,0
txn_0002684,card_0546,merchant_164,F,job_30,shopping_pos,city_19,S11,47216,20,14,15,2025,10,18,34.263,59.0,112.68,101022.0,0
txn_0000349,card_0751,merchant_121,F,job_00,entertainment,city_19,S00,60920,19,18,32,2025,3,14,13.123,55.0,83.69,11591.0,0
txn_0003171,card_0212,merchant_071,M,job_06,personal_care,city_09,S07,70737,20,22,32,2025,12,18,4.642,20.0,44.37,20452.0,0
txn_0002210,card_0357,merchant_023,M,job_17,food_dining,city_37,S02,76072,5,23,55,2025,5,26,64.892,56.0,46.16,9479.0,0
txn_0006574,card_0053,merchant_125,F,job_13,gas_transport,city_09,S09,56411,15,13,43,2025,12,31,3.429,18.0,32.21,21290.0,0
txn_0002291,card_0519,merchant_086,M,job_15,entertainment,city_46,S06,14654,1,36,53,2025,11,18,32.378,29.0,38.44,18666.0,0
txn_0003552,card_0306,merchant_079,F,job_16,gas_transport,city_45,S08,74371,18,13,50,2025,10,22,0.784,65.0,47.64,49497.0,0
txn_0005922,card_0743,merchant_147,F,job_19,misc_net,city_22,S03,33163,18,19,32,2025,11,23,78.725,40.0,223.29,154889.0,0
txn_0005503,card_0696,merchant_158,M,job_21,grocery_pos,city_48,S06,50094,5,8,27,2025,2,13,17.783,58.0,116.61,4630.0,0
txn_0001901,card_0007,merchant_173,M,job_05,misc_net,city_28,S04,72417,23,27,27,2025,5,14,34.543,50.0,110.31,27772.0,0
txn_0000972,card_0880,merchant_193,F,job_01,travel,city_07,S13,52065,5,47,58,2025,6,9,27.163,37.0,91.29,33773.0,0
txn_0007256,card_0130,merchant_167,M,job_15,health_fitness,city_05,S13,74955,22,51,34,2025,3,27,26.465,31.0,45.43,15539.0,0
txn_0007895,card_0044,merchant_028,F,job_04,travel,city_44,S02,96307,23,12,40,2025,10,14,50.83,51.0,126.27,16354.0,0
txn_0001449,card_0329,merchant_065,M,job_09,health_fitness,city_19,S13,76578,22,33,8,2025,12,25,7.073,36.0,115.96,53772.0,0
txn_0004135,card_0327,merchant_100,F,job_31,health_fitness,city_37,S11,23822,4,2,55,2025,9,26,30.715,39.0,56.33,41155.0,0
txn_0005873,card_0292,merchant_070,M,job_05,misc_net,city_48,S02,49238,15,47,4,2025,5,17,18.281,55.0,138.07,10985.0,0
txn_0003366,card_0843,merchant_017,F,job_00,shopping_net,city_27,S11,50720,6,15,21,2025,12,14,64.263,37.0,168.89,49169.0,0
txn_0005709,card_0642,merchant_108,M,job_02,grocery_pos,city_00,S01,84206,4,17,15,2025,11,10,23.82,52.0,11.47,4410.0,0
txn_0005266,card_0374,merchant_088,M,job_24,grocery_pos,city_13,S08,18552,14,40,43,2025,8,31,43.337,43.0,18.77,6574.0,0
txn_0005727,card_0278,merchant_113,F,job_08,grocery_pos,city_15,S04,26043,16,21,47,2025,3,31,26.829,55.0,55.95,9274.0,0
txn_0004704,card_0035,merchant_054,F,job_30,shopping_pos,city_08,S02,52529,19,23,37,2025,9,27,22.538,29.0,131.45,7904.0,0
txn_0002721,card_0706,merchant_134,F,job_04,misc_net,city_27,S05,76528,15,59,35,2025,3,2,33.71,60.0,43.65,10596.0,0
txn_0006453,card_0386,merchant_116,F,job_29,personal_care,city_18,S02,37910,0,56,34,2025,1,12,41.775,45.0,71.08,50661.0,0
txn_0001853,card_0343,merchant_154,M,job_15,gas_transport,city_36,S07,97250,10,13,14,2025,6,23,9.006,55.0,32.76,16757.0,0
txn_0002557,card_0485,merchant_154,F,job_07,gas_transport,city_49,S14,66911,23,22,11,2025,3,12,14.043,46.0,80.01,185783.0,0
txn_0005338,card_0843,merchant_217,F,job_00,personal_care,city_27,S11,50720,15,45,19,2025,9,24,24.673,37.0,102.29,49169.0,0
txn_0007038,card_0630,merchant_033,M,job_02,food_dining,city_07,S09,16610,18,33,57,2025,3,23,8.289,31.0,9.94,11664.0,0
txn_0004609,card_0318,merchant_038,M,job_25,food_dining,city_32,S08,15438,13,31,13,2025,3,8,30.3,52.0,39.05,27906.0,0
txn_0000961,card_0236,merchant_052,M,job_23,entertainment,city_35,S11,27682,16,54,16,2025,4,25,8.627,30.0,72.1,19019.0,0
txn_0001193,card_0321,merchant_035,F,job_17,shopping_pos,city_57,S01,65325,11,54,49,2025,4,28,16.517,69.0,25.8,21691.0,0
txn_0007360,card_0477,merchant_122,F,job_24,shopping_pos,city_03,S04,64122,1,42,25,2025,7,27,784.777,51.0,368.49,29321.0,0
txn_0003193,card_0046,merchant_148,F,job_31,food_dining,city_24,S03,67783,4,30,10,2025,1,24,31.145,22.0,134.17,56141.0,0
txn_0005031,card_0707,merchant_064,M,job_19,shopping_net,city_37,S09,81929,1,37,49,2025,11,1,86.556,44.0,131.69,28541.0,0
txn_0006310,card_0306,merchant_016,F,job_16,travel,city_45,S08,74371,3,39,27,2025,1,20,86.403,65.0,408.83,49497.0,0
txn_0003033,card_0137,merchant_061,F,job_00,shopping_pos,city_33,S13,57568,8,20,17,2025,6,14,11.369,56.0,141.27,51087.0,0
txn_0000208,card_0103,merchant_162,F,job_28,health_fitness,city_14,S00,91520,20,6,17,2025,3,9,1.188,38.0,99.38,73460.0,0
txn_0002339,card_0755,merchant_087,F,job_07,shopping_net,city_06,S12,84151,0,53,36,2025,6,11,12.622,30.0,440.6,3744.0,0
txn_0003223,card_0309,merchant_219,F,job_30,misc_net,city_17,S12,91530,16,45,14,2025,3,8,22.84,40.0,352.3,23380.0,0
txn_0002229,card_0432,merchant_102,M,job_13,shopping_pos,city_56,S11,34197,4,13,15,2025,12,9,33.206,43.0,83.58,89949.0,0
txn_0007378,card_0645,merchant_017,F,job_18,shopping_net,city_53,S11,35141,1,40,49,2025,4,15,17.01,29.0,170.29,16870.0,0
txn_0007690,card_0287,merchant_219,M,job_19,misc_net,city_39,S11,25899,0,13,23,2025,9,21,2.277,56.0,119.33,14756.0,0
txn_0004804,card_0710,merchant_034,M,job_24,misc_net,city_11,S01,56746,23,21,56,2025,11,25,19.067,37.0,115.69,31810.0,0
txn_0003730,card_0038,merchant_133,F,job_14,grocery_pos,city_13,S07,17437,11,25,51,2025,10,23,27.923,31.0,57.0,41666.0,0
txn_0000147,card_0002,merchant_212,M,job_07,gas_transport,city_27,S03,23960,17,35,46,2025,5,23,40.432,45.0,29.11,53166.0,0
txn_0007116,card_0719,merchant_083,M,job_31,food_dining,city_59,S04,13821,6,58,36,2025,6,9,3.843,57.0,13.47,18028.0,0
txn_0006199,card_0160,merchant_057,M,job_24,travel,city_50,S02,25695,0,32,55,2025,3,9,4.412,66.0,363.91,27104.0,0
txn_0007676,card_0724,merchant_061,M,job_17,shopping_pos,city_03,S09,97406,17,38,52,2025,7,28,69.289,35.0,98.26,17517.0,0
txn_0002357,card_0063,merchant_083,M,job_06,food_dining,city_22,S00,96597,17,35,26,2025,1,15,40.413,41.0,35.2,47888.0,0
txn_0004876,card_0455,merchant_068,M,job_15,shopping_pos,city_41,S12,44005,11,35,59,2025,7,10,5.317,36.0,81.33,18907.0,0
txn_0004186,card_0399,merchant_048,F,job_00,food_dining,city_10,S04,56805,6,43,17,2025,2,20,31.104,59.0,83.92,44121.0,0
txn_0000745,card_0810,merchant_153,F,job_10,grocery_pos,city_58,S14,20854,20,54,26,2025,9,2,14.278,77.0,51.6,94145.0,0
txn_0003153,card_0595,merchant_134,M,job_13,misc_net,city_39,S11,54513,15,24,45,2025,8,2,52.179,53.0,249.56,11051.0,0
txn_0002932,card_0337,merchant_020,F,job_03,food_dining,city_01,S02,52521,12,42,51,2025,8,7,26.516,21.0,59.28,26908.0,0
txn_0007413,card_0784,merchant_155,F,job_11,shopping_pos,city_21,S06,44495,14,29,10,2025,5,24,4.167,26.0,239.5,11434.0,0
txn_0002772,card_0213,merchant_207,F,job_09,food_dining,city_55,S03,49856,19,7,29,2025,3,18,52.89,24.0,97.06,27951.0,0
txn_0005746,card_0249,merchant_059,F,job_27,travel,city_39,S07,30197,16,47,43,2025,8,6,45.603,55.0,351.69,9730.0,0
txn_0005470,card_0805,merchant_072,M,job_27,entertainment,city_45,S13,90524,4,3,52,2025,10,21,12.538,38.0,76.13,281058.0,0
txn_0002549,card_0670,merchant_208,M,job_02,gas_transport,city_53,S14,81895,11,55,37,2025,1,2,30.068,18.0,30.34,15686.0,0
txn_0004330,card_0603,merchant_095,F,job_10,food_dining,city_33,S04,21767,21,25,24,2025,2,4,15.726,30.0,76.92,11146.0,0
txn_0006041,card_0643,merchant_000,F,job_18,health_fitness,city_12,S09,12952,6,37,57,2025,12,28,105.392,54.0,72.09,45789.0,0
txn_0002719,card_0282,merchant_072,M,job_22,entertainment,city_19,S12,61764,2,40,54,2025,12,4,0.357,47.0,84.08,159274.0,0
txn_0000798,card_0174,merchant_058,M,job_14,shopping_pos,city_33,S05,48707,3,15,2,2025,1,24,4.057,39.0,47.37,3580.0,0
txn_0006775,card_0250,merchant_016,F,job_11,travel,city_10,S00,76040,20,8,2,2025,12,24,9.169,37.0,616.24,25976.0,0
txn_0005128,card_0417,merchant_081,F,job_18,shopping_net,city_59,S09,23741,18,31,41,2025,2,23,8.093,57.0,420.7,22923.0,0
txn_0003829,card_0781,merchant_132,M,job_00,misc_net,city_27,S03,20366,22,2,20,2025,6,2,14.006,66.0,125.33,99371.0,0
txn_0005159,card_0786,merchant_180,F,job_13,health_fitness,city_22,S05,33420,8,48,11,2025,8,28,33.639,47.0,120.91,9126.0,0
txn_0001429,card_0486,merchant_136,F,job_17,personal_care,city_54,S11,34256,19,59,53,2025,6,18,3.539,19.0,21.0,8746.0,0
txn_0007143,card_0205,merchant_174,F,job_05,entertainment,city_07,S12,86390,4,20,42,2025,9,17,17.567,21.0,13.96,40780.0,0
txn_0006344,card_0689,merchant_099,M,job_00,shopping_net,city_21,S10,37761,23,1,51,2025,11,14,31.813,39.0,204.66,14870.0,0
txn_0004642,card_0003,merchant_064,F,job_28,shopping_net,city_15,S12,66118,10,39,21,2025,11,3,9.965,52.0,127.25,69748.0,0
txn_0000185,card_0826,merchant_109,M,job_30,health_fitness,city_58,S01,33146,11,19,33,2025,7,1,16.723,54.0,66.36,53641.0,0
txn_0002668,card_0040,merchant_215,F,job_22,entertainment,city_25,S02,74929,13,37,48,2025,7,25,49.632,61.0,197.77,20146.0,0
txn_0003511,card_0628,merchant_141,M,job_00,gas_transport,city_45,S05,41290,11,38,17,2025,9,17,13.029,21.0,90.82,32276.0,0
txn_0006596,card_0005,merchant_192,M,job_22,health_fitness,city_02,S04,22157,8,27,28,2025,1,22,59.505,40.0,92.52,25455.0,0
txn_0000713,card_0444,merchant_068,M,job_05,shopping_pos,city_42,S11,47198,12,36,48,2025,4,5,11.444,64.0,137.07,18650.0,0
txn_0007596,card_0865,merchant_143,M,job_29,travel,city_32,S03,18461,1,23,43,2025,7,19,68.003,44.0,690.4,10893.0,1
txn_0000232,card_0129,merchant_006,M,job_10,shopping_net,city_57,S01,67511,1,14,33,2025,10,22,38.938,58.0,152.15,5694.0,0
txn_0003351,card_0302,merchant_113,F,job_31,grocery_pos,city_10,S13,55833,3,33,20,2025,3,29,33.047,58.0,184.68,11932.0,0
txn_0003296,card_0358,merchant_044,F,job_17,entertainment,city_48,S05,18811,17,8,45,2025,2,17,10.227,64.0,34.14,19385.0,0
txn_0004972,card_0660,merchant_109,F,job_09,health_fitness,city_20,S14,30335,16,19,39,2025,11,24,30.148,23.0,75.24,15613.0,0
txn_0006909,card_0558,merchant_022,M,job_08,grocery_pos,city_37,S08,27978,3,12,2,2025,9,3,17.179,55.0,110.76,9829.0,0
txn_0000164,card_0375,merchant_064,F,job_22,shopping_net,city_45,S11,72362,22,48,12,2025,6,7,16.503,49.0,72.88,44835.0,0
txn_0004570,card_0598,merchant_062,M,job_14,shopping_net,city_15,S08,95727,11,34,43,2025,5,19,19.568,52.0,70.89,8417.0,0
txn_0001770,card_0783,merchant_198,F,job_25,food_dining,city_39,S03,60747,6,4,31,2025,8,29,75.768,48.0,33.52,83766.0,0
txn_0005981,card_0339,merchant_143,M,job_01,travel,city_24,S02,55884,23,19,23,2025,3,16,43.182,53.0,307.0,166877.0,0
txn_0003379,card_0736,merchant_106,M,job_05,health_fitness,city_19,S04,78126,4,30,9,2025,10,14,5.94,19.0,106.11,43397.0,0
txn_0003780,card_0068,merchant_219,F,job_29,misc_net,city_01,S07,48337,16,58,43,2025,5,16,29.478,18.0,99.93,9723.0,0
txn_0002448,card_0255,merchant_033,F,job_18,food_dining,city_21,S14,74026,6,56,14,2025,12,25,30.528,45.0,73.91,1630.0,0
txn_0003508,card_0811,merchant_095,M,job_15,food_dining,city_55,S08,62886,17,17,16,2025,12,5,17.001,39.0,92.19,274429.0,0
txn_0002666,card_0239,merchant_189,M,job_17,shopping_pos,city_26,S02,95782,1,54,36,2025,7,14,59.53,42.0,91.84,4779.0,0
txn_0007203,card_0162,merchant_136,F,job_04,personal_care,city_08,S12,61812,0,23,55,2025,2,19,15.725,39.0,34.28,33878.0,0
txn_0006276,card_0713,merchant_054,M,job_22,shopping_pos,city_45,S01,18809,16,0,50,2025,6,17,7.928,18.0,116.7,19044.0,0
txn_0006067,card_0884,merchant_033,M,job_23,food_dining,city_30,S11,52198,0,0,7,2025,3,9,9.798,37.0,40.68,10873.0,0
txn_0004560,card_0757,merchant_104,F,job_27,shopping_net,city_51,S00,33104,1,56,59,2025,10,2,14.364,46.0,77.99,24596.0,0
txn_0007663,card_0469,merchant_116,M,job_20,personal_care,city_58,S09,19025,2,30,58,2025,2,9,35.695,35.0,86.45,57003.0,0
txn_0005517,card_0547,merchant_000,M,job_30,health_fitness,city_45,S01,86991,4,7,19,2025,5,6,29.701,37.0,177.32,16431.0,0
txn_0000187,card_0645,merchant_032,F,job_18,travel,city_53,S11,35141,22,42,3,2025,10,23,28.222,29.0,137.58,16870.0,0
txn_0004408,card_0400,merchant_034,M,job_24,misc_net,city_21,S05,38573,21,7,46,2025,1,12,15.164,36.0,197.89,19081.0,0
txn_0007101,card_0453,merchant_155,F,job_29,shopping_pos,city_30,S11,82926,13,56,32,2025,1,28,37.863,32.0,433.33,4429.0,0
txn_0002307,card_0470,merchant_185,M,job_28,grocery_pos,city_19,S09,18743,10,51,9,2025,8,9,136.397,54.0,414.26,50297.0,0
txn_0004218,card_0372,merchant_046,F,job_29,entertainment,city_59,S03,21168,18,2,53,2025,6,4,18.747,65.0,52.04,72804.0,0
txn_0005882,card_0793,merchant_110,M,job_12,health_fitness,city_05,S11,16077,0,36,42,2025,1,27,198.745,77.0,1234.43,8465.0,0
txn_0007310,card_0170,merchant_182,F,job_21,entertainment,city_49,S04,48166,9,12,43,2025,9,13,36.124,29.0,85.2,71786.0,0
txn_0003540,card_0778,merchant_009,F,job_29,grocery_pos,city_58,S06,24941,7,31,56,2025,11,7,12.232,35.0,49.88,6622.0,0
txn_0004496,card_0211,merchant_161,M,job_07,shopping_pos,city_23,S01,50021,5,16,58,2025,1,20,46.171,66.0,150.2,46519.0,0
txn_0003818,card_0129,merchant_099,M,job_10,shopping_net,city_57,S01,67511,10,4,0,2025,1,19,19.804,58.0,398.09,5694.0,1
txn_0007653,card_0207,merchant_108,M,job_29,grocery_pos,city_09,S14,23985,2,33,34,2025,8,5,32.768,39.0,118.79,49218.0,0
txn_0005511,card_0655,merchant_007,M,job_05,misc_net,city_28,S06,39512,21,10,30,2025,9,11,3.065,66.0,242.88,14813.0,0
txn_0002780,card_0275,merchant_199,F,job_10,misc_net,city_24,S07,64305,21,7,5,2025,8,25,19.215,45.0,73.89,13250.0,0
txn_0003683,card_0647,merchant_117,M,job_27,entertainment,city_38,S01,27364,1,58,57,2025,12,27,15.164,35.0,142.8,59874.0,0
txn_0003032,card_0845,merchant_148,F,job_31,food_dining,city_00,S09,47454,6,33,11,2025,5,17,52.795,39.0,68.77,23142.0,0
txn_0004529,card_0621,merchant_208,F,job_22,gas_transport,city_45,S02,56724,0,43,34,2025,2,11,4.025,48.0,16.09,48845.0,0
txn_0005430,card_0144,merchant_082,M,job_22,gas_transport,city_22,S06,31741,15,15,25,2025,3,23,9.58,55.0,57.28,39542.0,0
txn_0001551,card_0324,merchant_134,M,job_13,misc_net,city_44,S05,67434,9,44,41,2025,9,20,33.167,71.0,59.58,406138.0,0
txn_0000678,card_0342,merchant_181,M,job_30,travel,city_57,S04,93507,3,20,14,2025,9,9,42.817,40.0,649.95,25951.0,1
txn_0007069,card_0160,merchant_030,M,job_24,health_fitness,city_50,S02,25695,22,21,27,2025,3,4,24.146,66.0,70.2,27104.0,0
txn_0004682,card_0093,merchant_151,F,job_13,shopping_net,city_42,S08,39361,2,4,19,2025,11,4,41.702,38.0,145.89,7476.0,0
txn_0003895,card_0281,merchant_192,F,job_29,health_fitness,city_05,S00,30122,3,16,11,2025,9,24,294.851,32.0,401.03,33688.0,1
txn_0006201,card_0270,merchant_033,F,job_20,food_dining,city_11,S09,14125,6,13,21,2025,9,19,836.019,38.0,452.44,18861.0,1
txn_0002811,card_0274,merchant_194,F,job_00,health_fitness,city_41,S00,65875,23,15,11,2025,2,18,553.986,31.0,53.44,24142.0,0
txn_0003817,card_0871,merchant_185,F,job_12,grocery_pos,city_51,S12,88863,14,45,35,2025,6,7,33.01,47.0,26.32,30315.0,0
txn_0004590,card_0174,merchant_065,M,job_14,health_fitness,city_33,S05,48707,20,41,35,2025,5,4,18.291,39.0,139.23,3580.0,0
txn_0002769,card_0200,merchant_118,F,job_15,grocery_pos,city_52,S07,93080,21,41,57,2025,4,7,2.147,38.0,11.24,42203.0,0
txn_0005248,card_0540,merchant_116,M,job_24,personal_care,city_25,S03,75342,8,50,47,2025,9,13,4.662,32.0,16.82,5137.0,0
txn_0007250,card_0849,merchant_193,M,job_23,travel,city_19,S09,90852,19,35,59,2025,4,29,45.884,64.0,147.32,23386.0,0
txn_0003084,card_0545,merchant_105,F,job_01,shopping_net,city_15,S12,35153,7,34,5,2025,7,19,32.788,60.0,64.97,5556.0,0
txn_0000451,card_0885,merchant_091,M,job_07,food_dining,city_28,S03,43198,0,59,47,2025,5,24,18.99,54.0,52.31,13069.0,0
txn_0005204,card_0892,merchant_021,M,job_11,shopping_pos,city_54,S14,72684,21,27,10,2025,11,13,400.53,57.0,206.05,17945.0,0
txn_0003935,card_0545,merchant_150,F,job_01,gas_transport,city_15,S12,35153,4,6,8,2025,10,25,48.531,60.0,52.21,5556.0,0
txn_0005912,card_0241,merchant_170,M,job_10,grocery_pos,city_53,S14,54465,3,57,12,2025,9,27,88.483,52.0,69.41,52267.0,0
txn_0001144,card_0032,merchant_015,F,job_08,health_fitness,city_35,S13,13342,4,8,11,2025,12,26,22.571,26.0,27.14,25638.0,0
txn_0003679,card_0887,merchant_036,F,job_03,entertainment,city_33,S10,32909,12,23,31,2025,12,6,4.284,31.0,64.25,37795.0,0
txn_0006356,card_0337,merchant_099,F,job_03,shopping_net,city_01,S02,52521,3,14,57,2025,3,18,21.56,21.0,142.6,26908.0,0
txn_0003532,card_0296,merchant_147,M,job_22,misc_net,city_56,S04,57932,8,27,19,2025,5,26,21.295,42.0,895.97,9859.0,0
txn_0004875,card_0460,merchant_071,M,job_02,personal_care,city_01,S01,23043,17,21,51,2025,1,24,21.201,30.0,79.24,49897.0,0
txn_0004309,card_0762,merchant_176,M,job_05,travel,city_40,S13,54713,6,27,48,2025,9,18,18.977,48.0,209.07,7452.0,0
txn_0002399,card_0590,merchant_155,M,job_08,shopping_pos,city_27,S06,48628,12,36,1,2025,3,1,90.658,65.0,75.28,49929.0,0
txn_0004616,card_0278,merchant_210,F,job_08,misc_net,city_15,S04,26043,10,10,27,2025,9,4,23.615,55.0,77.24,9274.0,0
txn_0001769,card_0076,merchant_077,F,job_03,food_dining,city_13,S07,42983,4,51,4,2025,5,27,35.761,26.0,34.54,57704.0,0
txn_0003614,card_0030,merchant_168,F,job_17,entertainment,city_21,S14,51746,21,12,50,2025,11,24,4.409,51.0,31.67,47497.0,0
txn_0004049,card_0836,merchant_141,M,job_16,gas_transport,city_20,S00,68931,19,24,13,2025,11,29,11.293,46.0,74.02,80800.0,0
txn_0000767,card_0816,merchant_093,F,job_20,personal_care,city_59,S02,52389,20,42,1,2025,1,28,57.223,35.0,88.17,17741.0,0
txn_0003478,card_0888,merchant_197,F,job_15,travel,city_38,S09,69812,8,50,28,2025,8,1,67.939,46.0,1273.39,80550.0,0
txn_0002483,card_0009,merchant_073,F,job_02,shopping_net,city_57,S13,70726,20,26,44,2025,11,8,45.125,38.0,84.29,10797.0,0
txn_0004019,card_0615,merchant_091,M,job_29,food_dining,city_29,S12,99351,23,19,52,2025,4,24,24.695,37.0,172.14,10294.0,0
txn_0005329,card_0587,merchant_154,F,job_00,gas_transport,city_58,S03,29244,16,20,57,2025,3,23,31.137,43.0,24.69,37327.0,0
txn_0003749,card_0810,merchant_093,F,job_10,personal_care,city_58,S14,20854,3,49,9,2025,5,14,775.862,77.0,521.56,94145.0,0
txn_0004868,card_0733,merchant_071,M,job_28,personal_care,city_10,S05,90435,23,40,1,2025,5,24,4.216,59.0,45.94,11217.0,0
txn_0006473,card_0644,merchant_209,M,job_07,shopping_pos,city_35,S08,41705,5,21,14,2025,4,1,14.178,35.0,113.09,400191.0,0
txn_0007704,card_0130,merchant_072,M,job_15,entertainment,city_05,S13,74955,16,32,47,2025,4,4,34.755,31.0,25.15,15539.0,0
txn_0000640,card_0698,merchant_073,F,job_27,shopping_net,city_01,S00,13266,5,56,11,2025,11,9,69.58,32.0,62.86,56342.0,0
txn_0002473,card_0202,merchant_061,F,job_29,shopping_pos,city_23,S12,82464,10,59,30,2025,8,21,34.482,48.0,172.47,62282.0,0
txn_0004549,card_0238,merchant_032,F,job_23,travel,city_59,S13,96370,9,27,10,2025,7,9,20.083,58.0,75.56,8275.0,0
txn_0002873,card_0473,merchant_151,F,job_13,shopping_net,city_27,S05,94815,19,53,16,2025,4,10,23.18,51.0,128.3,22643.0,0
txn_0007587,card_0209,merchant_194,M,job_01,health_fitness,city_37,S05,64590,3,0,0,2025,11,29,14.953,36.0,134.61,15617.0,0
txn_0000142,card_0193,merchant_026,F,job_12,shopping_pos,city_38,S13,69027,23,14,25,2025,5,3,2.296,48.0,137.4,42360.0,0
txn_0003637,card_0602,merchant_003,M,job_07,health_fitness,city_44,S09,40958,14,8,19,2025,5,25,36.724,56.0,29.68,11603.0,0
txn_0001611,card_0403,merchant_000,M,job_28,health_fitness,city_20,S06,50174,0,36,36,2025,8,17,14.893,47.0,140.5,7402.0,0
txn_0004566,card_0126,merchant_103,F,job_02,gas_transport,city_21,S05,19841,23,28,14,2025,12,25,21.924,18.0,89.59,9754.0,0
txn_0000470,card_0540,merchant_161,M,job_24,shopping_pos,city_25,S03,75342,15,28,44,2025,5,25,15.101,32.0,288.25,5137.0,0
txn_0001353,card_0126,merchant_015,F,job_02,health_fitness,city_21,S05,19841,16,39,27,2025,6,9,16.596,18.0,87.26,9754.0,0
txn_0001007,card_0215,merchant_109,F,job_15,health_fitness,city_19,S06,16461,11,58,43,2025,7,23,96.038,63.0,35.98,57708.0,0
txn_0006681,card_0200,merchant_095,F,job_15,food_dining,city_52,S07,93080,6,50,1,2025,7,25,25.217,38.0,87.82,42203.0,0
txn_0000775,card_0829,merchant_196,F,job_03,shopping_pos,city_02,S01,93011,8,30,12,2025,1,5,26.209,48.0,90.36,11435.0,0
txn_0003580,card_0169,merchant_068,F,job_00,shopping_pos,city_09,S03,40019,21,38,2,2025,4,4,2.121,55.0,44.29,10738.0,0
txn_0006540,card_0573,merchant_016,F,job_06,travel,city_23,S06,41969,10,9,3,2025,3,19,34.019,42.0,171.7,3524.0,0
txn_0001950,card_0096,merchant_022,F,job_16,grocery_pos,city_34,S13,37725,23,12,19,2025,7,10,53.235,80.0,25.07,6622.0,0
txn_0003769,card_0716,merchant_070,M,job_25,misc_net,city_41,S09,98095,15,5,9,2025,5,4,20.089,66.0,45.47,22861.0,0
txn_0002675,card_0596,merchant_187,M,job_17,misc_net,city_56,S03,59808,15,22,50,2025,8,31,35.231,52.0,119.6,12097.0,0
txn_0006612,card_0260,merchant_132,M,job_18,misc_net,city_53,S13,58934,12,34,39,2025,6,15,44.233,26.0,399.27,23019.0,0
txn_0007501,card_0599,merchant_088,M,job_26,grocery_pos,city_44,S12,31461,18,19,18,2025,3,22,20.041,35.0,57.69,7138.0,0
txn_0004708,card_0583,merchant_019,F,job_03,food_dining,city_23,S01,86735,7,34,3,2025,1,18,23.115,59.0,19.8,15548.0,0
txn_0007684,card_0125,merchant_217,M,job_01,personal_care,city_07,S12,99124,6,10,52,2025,10,29,46.719,51.0,19.2,13467.0,0
txn_0003942,card_0218,merchant_168,F,job_23,entertainment,city_43,S12,66407,13,0,59,2025,1,13,4.837,53.0,73.53,75756.0,0
txn_0003124,card_0826,merchant_132,M,job_30,misc_net,city_58,S01,33146,19,45,52,2025,6,10,25.466,54.0,216.36,53641.0,0
txn_0001707,card_0559,merchant_208,M,job_16,gas_transport,city_12,S06,12796,15,24,13,2025,10,11,764.625,56.0,306.8,24448.0,0
txn_0005803,card_0568,merchant_219,M,job_24,misc_net,city_09,S02,55625,12,41,30,2025,1,10,47.76,56.0,81.91,4297.0,0
txn_0006179,card_0093,merchant_118,F,job_13,grocery_pos,city_42,S08,39361,9,18,43,2025,1,26,45.68,38.0,64.97,7476.0,0
txn_0002487,card_0111,merchant_198,M,job_25,food_dining,city_53,S04,99893,5,11,12,2025,9,21,28.564,48.0,62.13,22891.0,0
txn_0005754,card_0420,merchant_143,M,job_03,travel,city_56,S09,21942,21,3,24,2025,1,25,9.674,34.0,237.87,11762.0,0
txn_0007416,card_0720,merchant_190,F,job_08,shopping_pos,city_26,S07,69330,15,23,0,2025,2,26,2.825,34.0,44.46,63501.0,0
txn_0002501,card_0189,merchant_105,F,job_04,shopping_net,city_55,S02,38472,13,44,44,2025,2,18,20.164,43.0,43.81,8704.0,0
txn_0002710,card_0896,merchant_076,M,job_31,entertainment,city_07,S05,39680,20,22,19,2025,12,18,25.87,63.0,92.71,66947.0,0
txn_0004537,card_0675,merchant_047,M,job_10,personal_care,city_25,S07,79653,21,37,56,2025,5,27,10.46,18.0,15.05,9544.0,0
txn_0006278,card_0599,merchant_147,M,job_26,misc_net,city_44,S12,31461,11,7,30,2025,5,24,65.645,35.0,260.71,7138.0,0
txn_0005027,card_0133,merchant_211,M,job_10,misc_net,city_57,S08,93963,13,23,24,2025,11,23,47.8,44.0,726.64,58091.0,0
txn_0001258,card_0419,merchant_146,M,job_12,grocery_pos,city_11,S13,71877,21,15,16,2025,10,4,23.108,67.0,135.28,46949.0,0
txn_0000594,card_0551,merchant_000,F,job_01,health_fitness,city_45,S11,57764,0,43,37,2025,5,11,11.866,38.0,62.49,31467.0,0
txn_0004792,card_0226,merchant_176,M,job_27,travel,city_36,S09,40342,11,21,16,2025,8,20,56.596,73.0,194.68,43706.0,0
txn_0007769,card_0121,merchant_032,M,job_02,travel,city_32,S12,62419,6,39,57,2025,7,20,12.964,62.0,171.07,26512.0,0
txn_0002298,card_0591,merchant_163,M,job_15,shopping_net,city_11,S06,40838,23,10,39,2025,3,10,23.962,42.0,266.79,22346.0,0
txn_0005247,card_0773,merchant_024,M,job_24,shopping_pos,city_23,S13,83639,22,57,36,2025,5,13,5.781,36.0,27.33,7245.0,0
txn_0005591,card_0363,merchant_142,M,job_26,grocery_pos,city_54,S01,44037,23,18,3,2025,10,26,36.945,68.0,43.84,6117.0,0
txn_0007006,card_0660,merchant_027,F,job_09,misc_net,city_20,S14,30335,8,59,20,2025,1,25,6.453,23.0,248.57,15613.0,0
txn_0004111,card_0593,merchant_124,M,job_10,misc_net,city_13,S04,13508,22,19,37,2025,11,4,27.722,37.0,55.58,6488.0,0
txn_0001873,card_0820,merchant_200,F,job_02,shopping_pos,city_50,S12,74936,21,20,18,2025,4,14,22.351,27.0,86.75,33627.0,0
txn_0005145,card_0047,merchant_076,M,job_04,entertainment,city_32,S12,64179,23,36,2,2025,10,11,36.964,34.0,71.86,21722.0,0
txn_0004777,card_0183,merchant_149,M,job_17,misc_net,city_45,S00,78339,10,30,14,2025,5,10,21.024,37.0,376.66,89726.0,1
txn_0005558,card_0151,merchant_034,F,job_11,misc_net,city_36,S05,81859,0,57,34,2025,6,9,34.17,53.0,529.66,23278.0,0
txn_0003893,card_0037,merchant_124,M,job_04,misc_net,city_18,S02,54926,11,13,15,2025,12,26,3.603,43.0,410.12,70664.0,0
txn_0003956,card_0296,merchant_219,M,job_22,misc_net,city_56,S04,57932,3,18,37,2025,3,17,19.985,42.0,270.99,9859.0,0
txn_0000273,card_0893,merchant_097,M,job_08,entertainment,city_25,S08,33570,9,14,55,2025,11,13,1.642,33.0,151.46,12206.0,0
txn_0003404,card_0116,merchant_030,F,job_12,health_fitness,city_16,S10,41480,0,51,59,2025,4,8,3.057,40.0,124.96,6523.0,0
txn_0004223,card_0314,merchant_127,F,job_02,food_dining,city_44,S07,81040,5,32,52,2025,5,27,17.052,46.0,49.83,8056.0,0
txn_0001387,card_0107,merchant_188,M,job_16,personal_care,city_09,S04,78047,18,40,12,2025,5,2,6.212,44.0,23.25,33539.0,0
txn_0004433,card_0084,merchant_085,M,job_18,shopping_net,city_37,S13,97798,21,12,9,2025,3,8,86.465,50.0,370.31,48537.0,0
txn_0002093,card_0612,merchant_121,M,job_23,entertainment,city_55,S13,47427,3,54,10,2025,6,14,22.583,38.0,30.0,21014.0,0
txn_0007871,card_0173,merchant_066,M,job_16,shopping_pos,city_20,S03,21450,2,51,17,2025,11,11,84.919,66.0,91.33,16694.0,0
txn_0001475,card_0854,merchant_172,F,job_20,entertainment,city_51,S06,65117,4,55,6,2025,3,29,26.356,38.0,382.36,24983.0,0
txn_0004108,card_0148,merchant_011,M,job_21,gas_transport,city_00,S04,92737,14,49,17,2025,5,10,20.059,65.0,131.93,58241.0,0
txn_0004869,card_0222,merchant_020,M,job_08,food_dining,city_39,S01,59333,18,6,54,2025,12,3,20.031,66.0,31.18,28725.0,0
txn_0002966,card_0022,merchant_211,F,job_14,misc_net,city_18,S01,39758,23,39,25,2025,1,27,25.521,45.0,220.38,48419.0,0
txn_0006761,card_0092,merchant_061,M,job_06,shopping_pos,city_52,S10,27570,15,44,48,2025,4,8,5.529,61.0,130.49,26536.0,0
txn_0006829,card_0130,merchant_089,M,job_15,health_fitness,city_05,S13,74955,4,10,50,2025,11,23,27.726,31.0,72.95,15539.0,0
txn_0001978,card_0643,merchant_077,F,job_18,food_dining,city_12,S09,12952,12,50,35,2025,1,23,10.715,54.0,58.5,45789.0,0
txn_0005193,card_0561,merchant_047,F,job_10,personal_care,city_45,S07,45265,18,34,46,2025,8,8,18.22,21.0,18.34,36404.0,0
txn_0003198,card_0730,merchant_051,M,job_18,misc_net,city_54,S03,26659,6,3,9,2025,3,17,46.63,34.0,52.33,9251.0,0
txn_0000186,card_0649,merchant_035,M,job_00,shopping_pos,city_10,S11,44075,3,48,57,2025,2,26,103.466,58.0,504.29,89263.0,0
txn_0007054,card_0655,merchant_202,M,job_05,shopping_pos,city_28,S06,39512,20,13,22,2025,12,10,1.794,66.0,111.57,14813.0,0
txn_0007019,card_0064,merchant_015,F,job_30,health_fitness,city_50,S03,56180,11,42,45,2025,2,1,19.418,51.0,222.39,12774.0,0
txn_0002819,card_0055,merchant_093,F,job_19,personal_care,city_51,S13,53342,16,37,55,2025,12,20,2.799,27.0,46.1,11198.0,0
txn_0004382,card_0776,merchant_018,F,job_04,personal_care,city_16,S08,38487,10,15,23,2025,9,22,4.533,33.0,26.21,7917.0,0
txn_0006231,card_0466,merchant_145,F,job_09,health_fitness,city_41,S11,86884,7,4,10,2025,8,16,42.315,38.0,111.81,49879.0,0
txn_0007817,card_0002,merchant_129,M,job_07,travel,city_27,S03,23960,14,13,49,2025,3,13,29.948,45.0,964.21,53166.0,0
txn_0006169,card_0299,merchant_135,F,job_19,shopping_net,city_14,S09,93245,16,27,59,2025,3,15,48.532,61.0,177.64,14849.0,0
txn_0000899,card_0591,merchant_106,M,job_15,health_fitness,city_11,S06,40838,10,17,42,2025,6,14,58.933,42.0,31.83,22346.0,0
txn_0002500,card_0237,merchant_142,F,job_11,grocery_pos,city_02,S10,63947,23,13,9,2025,3,25,59.637,48.0,87.77,39656.0,0
txn_0002728,card_0563,merchant_008,F,job_01,misc_net,city_07,S12,28016,18,22,20,2025,5,2,9.332,56.0,139.57,33348.0,0
txn_0005002,card_0296,merchant_000,M,job_22,health_fitness,city_56,S04,57932,5,52,26,2025,4,8,49.584,42.0,17.27,9859.0,0
txn_0000679,card_0044,merchant_128,F,job_04,travel,city_44,S02,96307,14,9,29,2025,9,22,37.306,51.0,360.69,16354.0,1
txn_0000279,card_0650,merchant_023,F,job_08,food_dining,city_50,S02,47638,5,56,32,2025,4,6,37.485,42.0,37.35,18361.0,0
txn_0007344,card_0287,merchant_030,M,job_19,health_fitness,city_39,S11,25899,2,10,34,2025,5,1,14.606,56.0,101.52,14756.0,0
txn_0004078,card_0694,merchant_004,F,job_22,travel,city_25,S05,93434,16,16,16,2025,7,28,67.977,35.0,113.94,5557.0,0
txn_0003803,card_0663,merchant_190,F,job_29,shopping_pos,city_35,S12,78097,14,21,46,2025,5,20,28.353,87.0,49.41,43929.0,0
txn_0000478,card_0129,merchant_181,M,job_10,travel,city_57,S01,67511,22,47,51,2025,9,19,10.994,58.0,1063.25,5694.0,0
txn_0001019,card_0667,merchant_014,M,job_19,travel,city_40,S04,93566,20,52,18,2025,6,27,38.742,65.0,191.84,38030.0,0
txn_0004718,card_0822,merchant_104,F,job_20,shopping_net,city_06,S12,78759,2,44,13,2025,7,12,66.448,50.0,144.43,8090.0,0
txn_0005452,card_0252,merchant_143,F,job_13,travel,city_21,S14,19433,5,21,48,2025,9,26,32.297,52.0,1652.77,55585.0,0
txn_0004196,card_0647,merchant_165,M,job_27,shopping_net,city_38,S01,27364,18,41,30,2025,8,15,3.652,35.0,37.09,59874.0,0
txn_0007335,card_0565,merchant_167,F,job_03,health_fitness,city_05,S09,71202,5,13,6,2025,3,15,78.529,34.0,129.97,5004.0,0
txn_0004468,card_0869,merchant_067,F,job_06,health_fitness,city_57,S03,77365,0,28,59,2025,8,7,14.936,32.0,337.06,8650.0,0
txn_0005165,card_0322,merchant_009,M,job_30,grocery_pos,city_34,S05,53289,12,39,1,2025,11,11,55.001,41.0,27.58,70567.0,0
txn_0006948,card_0272,merchant_212,F,job_12,gas_transport,city_24,S08,87824,14,27,30,2025,8,23,40.295,49.0,530.44,5557.0,0
txn_0001700,card_0573,merchant_019,F,job_06,food_dining,city_23,S06,41969,15,8,37,2025,1,12,23.181,42.0,61.25,3524.0,0
txn_0001661,card_0439,merchant_033,F,job_13,food_dining,city_53,S07,43634,11,45,40,2025,8,6,29.472,36.0,23.99,10784.0,0
txn_0007156,card_0782,merchant_028,F,job_01,travel,city_17,S11,41792,19,50,7,2025,4,5,62.023,41.0,297.31,33648.0,0
txn_0001972,card_0832,merchant_086,F,job_22,entertainment,city_54,S00,90842,13,54,32,2025,2,11,24.273,27.0,14.0,34590.0,0
txn_0001133,card_0225,merchant_138,F,job_26,entertainment,city_28,S02,91350,7,37,26,2025,9,4,6.038,60.0,64.78,32335.0,0
txn_0000687,card_0703,merchant_039,F,job_10,misc_net,city_06,S14,13076,15,10,10,2025,10,13,27.372,36.0,200.67,32896.0,0
txn_0002930,card_0403,merchant_058,M,job_28,shopping_pos,city_20,S06,50174,0,18,56,2025,10,3,36.053,47.0,133.78,7402.0,0
txn_0000165,card_0287,merchant_044,M,job_19,entertainment,city_39,S11,25899,1,37,29,2025,11,16,23.937,56.0,22.51,14756.0,1
txn_0007072,card_0376,merchant_161,M,job_21,shopping_pos,city_06,S01,67960,8,12,14,2025,7,3,74.158,33.0,155.7,2871.0,0
txn_0003925,card_0049,merchant_096,M,job_08,misc_net,city_09,S14,76375,10,36,55,2025,11,7,55.427,60.0,59.88,30920.0,0
txn_0007333,card_0339,merchant_136,M,job_01,personal_care,city_24,S02,55884,6,25,24,2025,6,2,33.032,53.0,64.09,166877.0,0
txn_0003467,card_0863,merchant_089,M,job_19,health_fitness,city_29,S11,68990,1,47,47,2025,10,23,64.977,46.0,82.45,15443.0,0
txn_0003526,card_0293,merchant_079,F,job_22,gas_transport,city_11,S12,28121,6,48,20,2025,7,14,26.236,33.0,56.54,8543.0,0
txn_0003480,card_0155,merchant_025,M,job_31,travel,city_24,S01,38876,1,48,0,2025,10,28,36.195,18.0,1349.65,34269.0,0
txn_0001956,card_0381,merchant_183,M,job_23,food_dining,city_14,S12,17956,13,31,22,2025,9,24,18.219,58.0,144.21,59240.0,0
txn_0007558,card_0107,merchant_030,M,job_16,health_fitness,city_09,S04,78047,10,41,46,2025,11,28,53.561,44.0,128.25,33539.0,0
txn_0006980,card_0212,merchant_029,M,job_06,entertainment,city_09,S07,70737,20,43,21,2025,8,11,3.194,20.0,62.82,20452.0,0
txn_0004095,card_0652,merchant_182,F,job_17,entertainment,city_05,S01,98218,5,37,4,2025,7,11,20.917,63.0,93.29,20375.0,0
txn_0005516,card_0173,merchant_090,M,job_16,shopping_net,city_20,S03,21450,7,50,42,2025,6,11,16.427,66.0,279.44,16694.0,0
txn_0001918,card_0466,merchant_111,F,job_09,travel,city_41,S11,86884,19,33,54,2025,10,7,37.206,38.0,139.65,49879.0,0
txn_0000228,card_0711,merchant_147,M,job_04,misc_net,city_51,S14,87116,13,44,35,2025,1,4,4.602,70.0,218.66,17946.0,0
txn_0007264,card_0140,merchant_054,M,job_22,shopping_pos,city_09,S06,30236,22,55,8,2025,7,26,26.575,65.0,114.37,74136.0,0
txn_0002904,card_0600,merchant_118,M,job_16,grocery_pos,city_00,S09,71059,3,35,57,2025,7,24,32.798,40.0,42.91,23145.0,0
txn_0001180,card_0259,merchant_063,M,job_10,shopping_net,city_24,S07,49525,22,25,22,2025,2,26,15.289,18.0,337.83,28728.0,0
txn_0007276,card_0622,merchant_210,F,job_06,misc_net,city_06,S11,84285,1,25,57,2025,12,28,1.513,53.0,126.31,62014.0,0
txn_0007777,card_0025,merchant_031,M,job_30,travel,city_54,S09,76860,1,22,37,2025,9,19,62.988,47.0,723.94,42473.0,0
txn_0003410,card_0545,merchant_148,F,job_01,food_dining,city_15,S12,35153,1,42,44,2025,10,21,31.614,60.0,47.97,5556.0,0
txn_0001975,card_0590,merchant_196,M,job_08,shopping_pos,city_27,S06,48628,16,28,47,2025,8,25,2.296,65.0,79.38,49929.0,0
txn_0007255,card_0232,merchant_070,F,job_25,misc_net,city_05,S02,82743,23,53,33,2025,2,20,43.613,30.0,164.75,3694.0,0
txn_0003313,card_0426,merchant_214,M,job_21,travel,city_52,S12,28897,14,52,9,2025,12,22,6.013,63.0,197.1,35765.0,0
txn_0001025,card_0777,merchant_086,F,job_13,entertainment,city_27,S07,33710,17,24,2,2025,5,18,23.871,42.0,48.32,33508.0,0
txn_0002676,card_0745,merchant_051,F,job_09,misc_net,city_23,S10,55240,11,9,4,2025,12,14,24.992,47.0,46.84,2359.0,0
txn_0004151,card_0196,merchant_051,F,job_26,misc_net,city_33,S09,71851,5,43,14,2025,2,5,42.8,38.0,277.8,37882.0,0
txn_0001481,card_0630,merchant_135,M,job_02,shopping_net,city_07,S09,16610,20,15,38,2025,4,14,18.562,31.0,197.65,11664.0,0
txn_0005740,card_0685,merchant_169,M,job_10,travel,city_21,S03,79018,6,17,54,2025,1,17,10.893,48.0,279.21,7218.0,0
txn_0004554,card_0271,merchant_023,F,job_20,food_dining,city_38,S00,19251,2,18,32,2025,1,16,29.544,38.0,40.48,5238.0,0
txn_0002432,card_0686,merchant_105,F,job_26,shopping_net,city_14,S11,74283,7,44,37,2025,10,20,9.054,51.0,136.94,17511.0,0
txn_0000146,card_0509,merchant_180,F,job_09,health_fitness,city_32,S03,39150,23,7,35,2025,4,14,21.849,42.0,82.44,23414.0,0
txn_0003497,card_0570,merchant_179,M,job_28,shopping_pos,city_02,S02,43544,1,57,17,2025,5,27,34.929,58.0,152.1,39651.0,0
txn_0005559,card_0649,merchant_039,M,job_00,misc_net,city_10,S11,44075,23,52,37,2025,4,4,29.077,58.0,129.09,89263.0,0
txn_0006353,card_0663,merchant_042,F,job_29,misc_net,city_35,S12,78097,22,50,57,2025,3,11,9.405,87.0,85.56,43929.0,0
txn_0007959,card_0552,merchant_192,M,job_01,health_fitness,city_42,S02,92067,10,17,18,2025,2,9,12.065,21.0,365.49,57138.0,0
txn_0001821,card_0547,merchant_139,M,job_30,food_dining,city_45,S01,86991,23,57,49,2025,1,31,26.41,37.0,16.85,16431.0,0
txn_0006917,card_0792,merchant_002,M,job_21,food_dining,city_31,S05,11102,10,7,48,2025,3,8,30.516,43.0,26.64,2345.0,0
txn_0001673,card_0889,merchant_052,F,job_24,entertainment,city_58,S13,44732,11,41,29,2025,4,4,53.888,58.0,22.21,9818.0,0
txn_0006786,card_0393,merchant_138,M,job_00,entertainment,city_13,S03,35660,9,55,1,2025,1,11,76.856,54.0,46.48,30991.0,0
txn_0002547,card_0286,merchant_162,F,job_04,health_fitness,city_43,S11,17488,23,47,19,2025,9,1,7.752,45.0,266.67,23779.0,0
txn_0000728,card_0153,merchant_121,F,job_30,entertainment,city_27,S01,34221,14,29,35,2025,6,7,31.512,47.0,89.84,63967.0,0
txn_0001759,card_0407,merchant_144,F,job_07,grocery_pos,city_50,S05,68570,7,3,46,2025,4,18,18.102,41.0,63.54,38090.0,0
txn_0006487,card_0074,merchant_085,M,job_04,shopping_net,city_24,S08,68154,8,0,23,2025,8,19,66.992,46.0,551.69,52934.0,0
txn_0002985,card_0229,merchant_135,F,job_20,shopping_net,city_20,S09,23503,5,59,37,2025,9,26,58.22,70.0,202.66,18746.0,0
txn_0000497,card_0528,merchant_113,M,job_08,grocery_pos,city_01,S11,59300,17,43,38,2025,7,13,56.985,70.0,105.71,83029.0,0
txn_0004360,card_0046,merchant_044,F,job_31,entertainment,city_24,S03,67783,14,29,48,2025,8,3,23.614,22.0,357.8,56141.0,0
txn_0001662,card_0215,merchant_026,F,job_15,shopping_pos,city_19,S06,16461,20,8,43,2025,6,12,28.335,63.0,140.94,57708.0,0
txn_0005999,card_0282,merchant_149,M,job_22,misc_net,city_19,S12,61764,17,46,25,2025,10,18,1.601,47.0,109.91,159274.0,0
txn_0001570,card_0492,merchant_120,M,job_31,health_fitness,city_14,S10,42980,14,41,14,2025,11,30,25.97,43.0,82.98,147413.0,0
txn_0003241,card_0680,merchant_147,M,job_09,misc_net,city_39,S12,53102,18,52,37,2025,6,29,21.661,48.0,93.37,35423.0,0
txn_0003542,card_0778,merchant_192,F,job_29,health_fitness,city_58,S06,24941,1,38,4,2025,6,27,22.868,35.0,60.5,6622.0,0
txn_0005190,card_0499,merchant_072,F,job_09,entertainment,city_53,S03,40265,17,31,10,2025,9,26,8.277,32.0,96.23,98331.0,0
txn_0005964,card_0668,merchant_113,M,job_29,grocery_pos,city_01,S06,14042,19,50,32,2025,8,9,15.256,45.0,59.23,61546.0,0
txn_0004938,card_0037,merchant_019,M,job_04,food_dining,city_18,S02,54926,8,47,20,2025,2,1,4.689,43.0,46.41,70664.0,0
txn_0001488,card_0401,merchant_117,M,job_12,entertainment,city_00,S01,85845,12,5,43,2025,11,30,7.514,64.0,53.55,91321.0,0
txn_0003500,card_0396,merchant_119,F,job_08,health_fitness,city_17,S02,12299,21,58,32,2025,1,22,16.027,61.0,32.79,66402.0,0
txn_0006508,card_0620,merchant_068,F,job_27,shopping_pos,city_15,S01,20058,7,53,6,2025,7,22,0.584,22.0,139.71,25494.0,0
txn_0001068,card_0389,merchant_059,F,job_19,travel,city_35,S07,52777,19,40,15,2025,10,28,2.518,53.0,300.92,19201.0,0
txn_0005035,card_0148,merchant_036,M,job_21,entertainment,city_00,S04,92737,4,24,55,2025,6,10,223.98,65.0,392.05,58241.0,1
txn_0005774,card_0398,merchant_198,F,job_16,food_dining,city_34,S02,75813,9,46,35,2025,6,15,110.404,18.0,103.8,19313.0,0
txn_0002406,card_0649,merchant_076,M,job_00,entertainment,city_10,S11,44075,19,0,48,2025,12,8,18.703,58.0,154.46,89263.0,0
txn_0001725,card_0804,merchant_097,M,job_29,entertainment,city_45,S00,33511,13,24,7,2025,2,1,9.801,40.0,296.57,4826.0,0
txn_0003728,card_0349,merchant_192,F,job_31,health_fitness,city_51,S10,25732,7,19,59,2025,5,5,25.565,51.0,116.69,23441.0,0
txn_0000419,card_0200,merchant_085,F,job_15,shopping_net,city_52,S07,93080,3,51,53,2025,2,10,33.345,38.0,259.91,42203.0,0
txn_0000405,card_0737,merchant_028,F,job_19,travel,city_29,S09,39502,9,57,31,2025,10,13,477.889,64.0,3976.56,21204.0,0
txn_0000631,card_0146,merchant_182,F,job_07,entertainment,city_09,S12,50406,5,14,56,2025,2,27,57.489,42.0,48.49,10469.0,0
txn_0002066,card_0317,merchant_120,M,job_23,health_fitness,city_32,S03,86480,4,21,0,2025,12,3,19.473,64.0,36.08,62593.0,0
txn_0003570,card_0717,merchant_022,F,job_16,grocery_pos,city_31,S13,47275,23,24,12,2025,10,12,3.795,70.0,37.25,29241.0,0
txn_0005229,card_0354,merchant_034,M,job_20,misc_net,city_42,S11,63379,0,0,28,2025,8,9,12.946,49.0,257.57,105009.0,0
txn_0007214,card_0561,merchant_110,F,job_10,health_fitness,city_45,S07,45265,10,8,27,2025,3,24,8.253,21.0,20.17,36404.0,0
txn_0006916,card_0555,merchant_022,M,job_02,grocery_pos,city_22,S02,26783,19,49,4,2025,6,11,46.125,27.0,66.55,34473.0,0
txn_0005398,card_0842,merchant_018,M,job_14,personal_care,city_12,S01,71451,16,2,2,2025,11,6,33.441,32.0,13.56,10532.0,0
txn_0000353,card_0825,merchant_207,F,job_25,food_dining,city_34,S03,88526,1,14,6,2025,12,22,68.342,44.0,41.26,59181.0,0
txn_0001845,card_0050,merchant_067,M,job_02,health_fitness,city_04,S03,20800,4,40,13,2025,3,8,11.213,29.0,126.55,31904.0,0
txn_0006762,card_0164,merchant_082,F,job_24,gas_transport,city_49,S01,47129,3,29,53,2025,12,29,118.837,79.0,177.11,14906.0,0
txn_0000329,card_0353,merchant_016,F,job_25,travel,city_32,S05,51752,4,17,2,2025,9,24,53.485,18.0,244.88,50072.0,1
txn_0007269,card_0182,merchant_146,F,job_30,grocery_pos,city_03,S08,19433,2,15,31,2025,10,27,99.708,23.0,48.06,13944.0,0
txn_0005197,card_0629,merchant_027,F,job_29,misc_net,city_16,S13,11271,13,8,23,2025,2,23,38.922,79.0,155.14,31164.0,0
txn_0005231,card_0466,merchant_130,F,job_09,personal_care,city_41,S11,86884,4,39,29,2025,2,1,27.908,38.0,58.21,49879.0,0
txn_0005313,card_0044,merchant_111,F,job_04,travel,city_44,S02,96307,17,14,29,2025,5,29,20.541,51.0,51.64,16354.0,0
txn_0005291,card_0519,merchant_209,M,job_15,shopping_pos,city_46,S06,14654,16,55,12,2025,5,9,47.485,29.0,13.13,18666.0,0
txn_0002991,card_0613,merchant_121,F,job_10,entertainment,city_36,S03,74222,5,25,48,2025,5,29,7.701,37.0,148.14,26386.0,1
txn_0000106,card_0533,merchant_095,F,job_17,food_dining,city_49,S00,55216,1,24,44,2025,11,24,25.093,38.0,34.9,21434.0,0
txn_0003554,card_0497,merchant_146,F,job_20,grocery_pos,city_29,S12,23206,12,1,37,2025,9,14,33.667,46.0,42.88,13751.0,0
txn_0006438,card_0171,merchant_104,F,job_06,shopping_net,city_55,S14,39760,5,15,44,2025,6,16,4.459,41.0,110.48,17567.0,0
txn_0007837,card_0132,merchant_159,F,job_23,grocery_pos,city_50,S04,46177,23,4,41,2025,9,11,19.519,48.0,31.1,8306.0,0
txn_0003975,card_0736,merchant_191,M,job_05,shopping_pos,city_19,S04,78126,2,18,35,2025,11,18,81.529,19.0,213.4,43397.0,0
txn_0001274,card_0770,merchant_005,M,job_24,shopping_pos,city_48,S03,60250,10,44,20,2025,12,3,40.202,58.0,72.21,24774.0,0
txn_0000434,card_0153,merchant_199,F,job_30,misc_net,city_27,S01,34221,16,29,53,2025,9,1,39.219,47.0,362.06,63967.0,0
txn_0006119,card_0166,merchant_051,F,job_29,misc_net,city_22,S04,71070,15,25,2,2025,3,10,16.631,60.0,123.36,1557.0,0
txn_0003504,card_0074,merchant_130,M,job_04,personal_care,city_24,S08,68154,9,3,13,2025,5,27,36.264,46.0,23.72,52934.0,0
txn_0003484,card_0655,merchant_183,M,job_05,food_dining,city_28,S06,39512,1,34,3,2025,10,4,9.303,66.0,67.51,14813.0,0
txn_0003312,card_0223,merchant_056,F,job_07,entertainment,city_35,S08,26074,7,46,29,2025,8,4,39.801,38.0,36.48,53041.0,0
txn_0003431,card_0657,merchant_158,M,job_24,grocery_pos,city_56,S13,18075,15,41,11,2025,11,20,16.563,46.0,169.21,6824.0,0
txn_0007120,card_0739,merchant_080,M,job_08,grocery_pos,city_29,S12,55225,18,8,57,2025,4,13,27.22,33.0,57.96,20546.0,0
txn_0001878,card_0163,merchant_026,F,job_22,shopping_pos,city_49,S09,67299,8,44,24,2025,12,24,6.008,51.0,19.76,122016.0,0
txn_0002786,card_0386,merchant_219,F,job_29,misc_net,city_18,S02,37910,13,0,44,2025,2,11,18.304,45.0,86.34,50661.0,0
txn_0001832,card_0486,merchant_158,F,job_17,grocery_pos,city_54,S11,34256,0,24,55,2025,11,5,4.339,19.0,20.48,8746.0,0
txn_0005022,card_0818,merchant_019,M,job_13,food_dining,city_39,S10,74158,14,12,21,2025,1,16,22.029,49.0,114.64,30375.0,0
txn_0006669,card_0622,merchant_125,F,job_06,gas_transport,city_06,S11,84285,21,24,53,2025,7,5,3.262,53.0,42.48,62014.0,0
txn_0005877,card_0589,merchant_133,M,job_16,grocery_pos,city_52,S02,91007,15,47,41,2025,12,17,39.284,38.0,17.92,93917.0,0
txn_0005341,card_0388,merchant_126,M,job_03,personal_care,city_27,S03,47363,7,58,36,2025,12,15,17.176,48.0,58.56,26622.0,0
txn_0007575,card_0126,merchant_024,F,job_02,shopping_pos,city_21,S05,19841,23,32,39,2025,12,23,103.914,18.0,31.95,9754.0,0
txn_0004222,card_0509,merchant_033,F,job_09,food_dining,city_32,S03,39150,11,7,23,2025,10,23,14.046,42.0,102.58,23414.0,0
txn_0006629,card_0682,merchant_065,M,job_16,health_fitness,city_10,S14,25284,0,53,23,2025,10,8,10.624,55.0,122.9,9459.0,0
txn_0006012,card_0115,merchant_183,M,job_26,food_dining,city_31,S01,35820,1,23,34,2025,10,24,51.061,49.0,67.27,38806.0,0
txn_0005597,card_0866,merchant_176,M,job_16,travel,city_14,S06,81918,8,57,16,2025,7,21,30.079,48.0,239.81,9002.0,0
txn_0001071,card_0049,merchant_084,M,job_08,misc_net,city_09,S14,76375,17,11,51,2025,10,20,8.96,60.0,397.29,30920.0,0
txn_0000171,card_0779,merchant_013,M,job_16,food_dining,city_34,S11,93662,3,0,10,2025,9,3,49.177,76.0,180.59,32741.0,0
txn_0002213,card_0312,merchant_000,F,job_14,health_fitness,city_54,S00,27228,1,53,18,2025,2,18,15.269,47.0,145.7,27706.0,0
txn_0001701,card_0530,merchant_177,M,job_15,gas_transport,city_03,S12,10754,7,4,49,2025,11,20,118.774,28.0,31.56,50356.0,0
txn_0001655,card_0773,merchant_215,M,job_24,entertainment,city_23,S13,83639,4,47,1,2025,9,18,19.322,36.0,37.21,7245.0,0
txn_0001888,card_0619,merchant_017,F,job_14,shopping_net,city_25,S00,24656,23,8,41,2025,11,23,81.103,56.0,251.3,32236.0,0
txn_0001043,card_0440,merchant_038,M,job_17,food_dining,city_13,S07,39582,15,46,25,2025,7,14,27.627,52.0,66.78,29058.0,0
txn_0001135,card_0720,merchant_081,F,job_08,shopping_net,city_26,S07,69330,4,43,40,2025,3,31,43.498,34.0,88.85,63501.0,0
txn_0004564,card_0031,merchant_012,F,job_22,personal_care,city_57,S07,59121,0,42,15,2025,7,10,31.866,29.0,89.22,12460.0,0
txn_0001735,card_0288,merchant_195,M,job_18,misc_net,city_18,S13,22572,12,51,47,2025,10,20,4.465,63.0,102.65,5171.0,0
txn_0001134,card_0545,merchant_033,F,job_01,food_dining,city_15,S12,35153,20,32,49,2025,12,25,39.364,60.0,18.77,5556.0,0
txn_0007595,card_0031,merchant_078,F,job_22,travel,city_57,S07,59121,0,58,8,2025,6,20,15.837,29.0,248.79,12460.0,0
txn_0003113,card_0342,merchant_141,M,job_30,gas_transport,city_57,S04,93507,8,7,1,2025,7,6,82.141,40.0,80.51,25951.0,0
txn_0002556,card_0458,merchant_117,M,job_03,entertainment,city_00,S10,28475,10,22,18,2025,10,29,51.545,41.0,28.2,43530.0,0
txn_0006844,card_0011,merchant_126,M,job_05,personal_care,city_39,S00,71432,15,3,15,2025,5,17,8.479,58.0,130.0,82083.0,0
txn_0003339,card_0692,merchant_135,M,job_12,shopping_net,city_55,S11,54353,15,19,5,2025,10,27,15.255,43.0,164.25,16734.0,0
txn_0002961,card_0197,merchant_170,F,job_24,grocery_pos,city_59,S09,15845,21,47,47,2025,12,22,31.166,41.0,58.95,22904.0,0
txn_0003320,card_0736,merchant_219,M,job_05,misc_net,city_19,S04,78126,16,50,13,2025,2,8,3.914,19.0,150.22,43397.0,0
txn_0000107,card_0393,merchant_167,M,job_00,health_fitness,city_13,S03,35660,16,44,40,2025,5,17,8.503,54.0,113.75,30991.0,0
txn_0006798,card_0545,merchant_161,F,job_01,shopping_pos,city_15,S12,35153,19,26,32,2025,3,8,39.64,60.0,125.52,5556.0,0
txn_0002945,card_0593,merchant_212,M,job_10,gas_transport,city_13,S04,13508,8,4,32,2025,11,17,20.795,37.0,26.39,6488.0,0
txn_0005815,card_0587,merchant_207,F,job_00,food_dining,city_58,S03,29244,6,30,14,2025,10,4,24.157,43.0,70.16,37327.0,0
txn_0007097,card_0876,merchant_198,M,job_10,food_dining,city_57,S09,94482,22,20,40,2025,8,30,44.149,44.0,53.99,33280.0,0
txn_0006132,card_0813,merchant_012,F,job_23,personal_care,city_35,S02,74624,19,52,3,2025,1,8,7.476,46.0,33.34,6500.0,0
txn_0005427,card_0642,merchant_151,M,job_02,shopping_net,city_00,S01,84206,17,58,51,2025,9,12,27.731,52.0,55.52,4410.0,0
txn_0004171,card_0495,merchant_163,F,job_18,shopping_net,city_48,S02,59228,15,12,59,2025,7,21,5.821,57.0,70.39,294413.0,0
txn_0005089,card_0797,merchant_173,F,job_04,misc_net,city_43,S07,33269,9,48,16,2025,11,19,61.994,77.0,76.78,145932.0,0
txn_0001648,card_0388,merchant_118,M,job_03,grocery_pos,city_27,S03,47363,21,53,58,2025,12,9,10.858,48.0,49.65,26622.0,0
txn_0001649,card_0551,merchant_034,F,job_01,misc_net,city_45,S11,57764,3,22,2,2025,10,18,53.205,38.0,247.38,31467.0,0
txn_0001078,card_0256,merchant_093,M,job_03,personal_care,city_44,S01,42314,19,20,36,2025,11,7,13.975,58.0,10.78,13076.0,0
txn_0000034,card_0158,merchant_107,M,job_13,personal_care,city_39,S10,17252,12,8,7,2025,10,28,34.627,61.0,20.83,10132.0,0
txn_0004419,card_0038,merchant_126,F,job_14,personal_care,city_13,S07,17437,6,53,41,2025,5,31,6.575,31.0,57.02,41666.0,0
txn_0001206,card_0120,merchant_022,F,job_01,grocery_pos,city_23,S08,67491,21,4,14,2025,8,27,26.781,50.0,114.62,101416.0,0
txn_0005614,card_0163,merchant_149,F,job_22,misc_net,city_49,S09,67299,17,2,45,2025,12,21,21.366,51.0,455.01,122016.0,0
txn_0007938,card_0869,merchant_164,F,job_06,shopping_pos,city_57,S03,77365,19,53,12,2025,6,8,42.413,32.0,170.87,8650.0,0
txn_0001448,card_0180,merchant_132,M,job_29,misc_net,city_39,S00,15069,14,44,44,2025,12,5,459.525,40.0,798.75,139194.0,0
txn_0000637,card_0317,merchant_057,M,job_23,travel,city_32,S03,86480,23,34,5,2025,7,9,17.275,64.0,185.65,62593.0,0
txn_0005677,card_0276,merchant_165,F,job_10,shopping_net,city_27,S07,72536,0,17,52,2025,10,19,17.651,18.0,265.02,45488.0,0
txn_0004146,card_0161,merchant_104,M,job_22,shopping_net,city_59,S13,55494,1,17,37,2025,9,12,68.993,30.0,94.04,8167.0,0
txn_0006123,card_0127,merchant_002,M,job_08,food_dining,city_07,S14,57409,17,51,13,2025,3,9,3.276,65.0,99.85,22863.0,0
txn_0001116,card_0357,merchant_007,M,job_17,misc_net,city_37,S02,76072,5,11,35,2025,1,6,59.982,56.0,252.3,9479.0,0
txn_0007419,card_0568,merchant_112,M,job_24,personal_care,city_09,S02,55625,2,46,3,2025,8,3,25.185,56.0,68.54,4297.0,0
txn_0005153,card_0381,merchant_123,M,job_23,grocery_pos,city_14,S12,17956,2,53,53,2025,2,16,28.282,58.0,17.0,59240.0,0
txn_0000987,card_0302,merchant_174,F,job_31,entertainment,city_10,S13,55833,10,47,49,2025,1,2,22.34,58.0,245.78,11932.0,0
txn_0004856,card_0399,merchant_089,F,job_00,health_fitness,city_10,S04,56805,11,19,26,2025,12,26,13.699,59.0,291.7,44121.0,0
txn_0006495,card_0294,merchant_074,M,job_16,health_fitness,city_09,S11,64772,19,5,4,2025,9,9,21.185,59.0,549.4,43642.0,0
txn_0005515,card_0364,merchant_076,F,job_07,entertainment,city_57,S10,27982,8,56,53,2025,12,5,15.711,60.0,32.4,39793.0,0
txn_0002984,card_0334,merchant_036,F,job_20,entertainment,city_26,S01,26507,22,54,20,2025,1,11,30.205,42.0,38.36,6773.0,0
txn_0006613,card_0122,merchant_011,M,job_27,gas_transport,city_49,S01,77571,6,34,14,2025,8,11,3.358,60.0,35.48,4622.0,0
txn_0002753,card_0869,merchant_134,F,job_06,misc_net,city_57,S03,77365,16,29,36,2025,8,13,14.272,32.0,48.82,8650.0,0
txn_0005996,card_0519,merchant_079,M,job_15,gas_transport,city_46,S06,14654,5,8,11,2025,11,21,40.399,29.0,27.19,18666.0,0
txn_0006773,card_0158,merchant_218,M,job_13,misc_net,city_39,S10,17252,14,7,7,2025,3,3,13.591,61.0,217.22,10132.0,0
txn_0001785,card_0591,merchant_185,M,job_15,grocery_pos,city_11,S06,40838,2,44,21,2025,9,1,30.114,42.0,62.28,22346.0,0
txn_0000671,card_0879,merchant_121,M,job_21,entertainment,city_22,S01,58345,5,30,52,2025,2,7,41.301,59.0,109.91,52851.0,0
txn_0000629,card_0449,merchant_090,F,job_19,shopping_net,city_25,S01,51088,8,0,32,2025,2,11,2.799,77.0,104.71,42978.0,0
txn_0007853,card_0596,merchant_205,M,job_17,personal_care,city_56,S03,59808,22,8,47,2025,12,30,2.888,52.0,77.97,12097.0,0
txn_0003589,card_0385,merchant_140,F,job_01,misc_net,city_17,S05,40575,6,19,35,2025,7,1,61.173,58.0,181.05,71781.0,0
txn_0001507,card_0549,merchant_188,M,job_03,personal_care,city_30,S05,45089,3,51,34,2025,9,12,35.178,54.0,27.94,25633.0,0
txn_0005335,card_0518,merchant_131,F,job_27,grocery_pos,city_51,S14,28673,22,0,28,2025,6,22,29.202,59.0,16.3,34482.0,0
txn_0006782,card_0306,merchant_038,F,job_16,food_dining,city_45,S08,74371,3,1,48,2025,4,3,733.456,65.0,146.6,49497.0,0
txn_0006115,card_0215,merchant_055,F,job_15,grocery_pos,city_19,S06,16461,16,11,42,2025,7,1,5.32,63.0,75.56,57708.0,0
txn_0005283,card_0068,merchant_096,F,job_29,misc_net,city_01,S07,48337,20,31,54,2025,1,16,38.217,18.0,252.9,9723.0,0
txn_0004946,card_0296,merchant_216,M,job_22,entertainment,city_56,S04,57932,20,1,19,2025,10,12,813.82,42.0,167.71,9859.0,1
txn_0001660,card_0586,merchant_059,M,job_05,travel,city_57,S01,33923,1,26,16,2025,6,13,4.223,44.0,359.64,7239.0,0
txn_0004597,card_0778,merchant_132,F,job_29,misc_net,city_58,S06,24941,22,50,21,2025,11,12,12.466,35.0,115.03,6622.0,0
txn_0007741,card_0718,merchant_109,F,job_03,health_fitness,city_08,S01,86660,12,17,28,2025,1,23,0.472,30.0,96.64,115885.0,0
txn_0003012,card_0770,merchant_148,M,job_24,food_dining,city_48,S03,60250,11,37,36,2025,10,4,44.618,58.0,21.03,24774.0,0
txn_0003285,card_0587,merchant_194,F,job_00,health_fitness,city_58,S03,29244,1,17,20,2025,4,11,55.385,43.0,51.24,37327.0,0
txn_0007582,card_0371,merchant_025,M,job_03,travel,city_44,S07,93399,3,34,49,2025,6,6,12.272,53.0,98.39,17976.0,0
txn_0006019,card_0029,merchant_170,F,job_18,grocery_pos,city_58,S06,84676,11,49,52,2025,2,10,38.696,48.0,126.75,35232.0,0
txn_0000599,card_0678,merchant_131,M,job_03,grocery_pos,city_04,S12,76006,17,9,53,2025,10,20,57.23,32.0,15.98,22671.0,0
txn_0003779,card_0134,merchant_182,M,job_02,entertainment,city_08,S05,39018,16,45,18,2025,8,29,7.702,37.0,92.74,14992.0,0
txn_0002705,card_0159,merchant_128,M,job_09,travel,city_11,S06,60469,23,50,35,2025,11,20,38.54,66.0,624.19,17371.0,0
txn_0005641,card_0384,merchant_022,F,job_12,grocery_pos,city_38,S05,87187,7,19,13,2025,7,29,51.883,50.0,21.63,58357.0,0
txn_0000576,card_0237,merchant_031,F,job_11,travel,city_02,S10,63947,15,36,34,2025,9,24,10.929,48.0,38.51,39656.0,0
txn_0003702,card_0357,merchant_019,M,job_17,food_dining,city_37,S02,76072,7,50,19,2025,7,21,15.29,56.0,58.33,9479.0,0
txn_0004624,card_0228,merchant_025,M,job_17,travel,city_31,S02,71351,14,59,0,2025,10,31,37.283,44.0,332.55,12409.0,0
txn_0000282,card_0192,merchant_113,M,job_26,grocery_pos,city_17,S05,32972,15,40,30,2025,8,9,11.573,21.0,76.52,14843.0,0
txn_0001518,card_0806,merchant_012,M,job_31,personal_care,city_31,S12,33286,7,21,39,2025,2,2,15.219,18.0,52.75,4940.0,0
txn_0002481,card_0271,merchant_206,F,job_20,grocery_pos,city_38,S00,19251,18,57,53,2025,8,16,35.65,38.0,115.29,5238.0,0
txn_0007437,card_0141,merchant_024,F,job_27,shopping_pos,city_15,S10,37287,1,3,7,2025,6,20,507.08,41.0,375.41,10377.0,1
txn_0000374,card_0610,merchant_162,M,job_10,health_fitness,city_31,S07,23593,14,18,49,2025,10,5,141.569,35.0,771.33,38966.0,0
txn_0007765,card_0293,merchant_150,F,job_22,gas_transport,city_11,S12,28121,23,12,29,2025,11,9,42.7,33.0,81.06,8543.0,0
txn_0000121,card_0625,merchant_104,F,job_01,shopping_net,city_33,S11,26011,5,9,7,2025,10,26,12.22,42.0,98.82,97440.0,0
txn_0005029,card_0880,merchant_058,F,job_01,shopping_pos,city_07,S13,52065,3,30,19,2025,7,20,3.975,37.0,133.91,33773.0,0
txn_0003525,card_0734,merchant_184,F,job_13,gas_transport,city_48,S03,92506,13,51,0,2025,12,12,27.193,33.0,104.97,101834.0,0
txn_0003693,card_0031,merchant_047,F,job_22,personal_care,city_57,S07,59121,21,14,56,2025,6,24,4.576,29.0,87.72,12460.0,0
txn_0000068,card_0810,merchant_110,F,job_10,health_fitness,city_58,S14,20854,8,0,46,2025,4,26,33.183,77.0,110.5,94145.0,0
txn_0002718,card_0183,merchant_153,M,job_17,grocery_pos,city_45,S00,78339,15,25,11,2025,8,13,67.852,37.0,15.1,89726.0,0
txn_0001188,card_0887,merchant_036,F,job_03,entertainment,city_33,S10,32909,16,41,53,2025,4,10,1.039,31.0,112.37,37795.0,0
txn_0003079,card_0554,merchant_047,M,job_18,personal_care,city_18,S03,30408,18,42,29,2025,4,9,39.952,59.0,26.16,45401.0,0
txn_0007216,card_0814,merchant_165,M,job_20,shopping_net,city_06,S03,54188,12,53,21,2025,3,2,0.054,58.0,138.81,2600.0,0
txn_0004557,card_0838,merchant_080,F,job_00,grocery_pos,city_09,S07,40989,2,7,23,2025,6,7,10.248,32.0,29.96,26059.0,0
txn_0001045,card_0113,merchant_133,F,job_10,grocery_pos,city_46,S14,30154,11,13,14,2025,5,23,7.417,45.0,24.35,8733.0,0
txn_0000604,card_0699,merchant_167,F,job_22,health_fitness,city_55,S10,18394,20,31,39,2025,11,13,12.55,55.0,29.62,23158.0,0
txn_0001394,card_0863,merchant_209,M,job_19,shopping_pos,city_29,S11,68990,17,40,16,2025,8,3,24.451,46.0,24.3,15443.0,0
txn_0000219,card_0385,merchant_176,F,job_01,travel,city_17,S05,40575,13,18,47,2025,4,14,49.873,58.0,206.15,71781.0,0
txn_0005331,card_0120,merchant_153,F,job_01,grocery_pos,city_23,S08,67491,3,7,44,2025,9,6,16.912,50.0,14.86,101416.0,0
txn_0006541,card_0093,merchant_182,F,job_13,entertainment,city_42,S08,39361,8,25,29,2025,3,14,18.714,38.0,50.53,7476.0,0
txn_0005469,card_0215,merchant_067,F,job_15,health_fitness,city_19,S06,16461,19,16,23,2025,1,24,13.303,63.0,81.61,57708.0,0
txn_0001941,card_0085,merchant_125,M,job_20,gas_transport,city_10,S01,23885,7,15,23,2025,11,5,30.117,49.0,285.6,6198.0,0
txn_0002102,card_0118,merchant_106,F,job_01,health_fitness,city_27,S01,71399,23,40,44,2025,5,5,58.366,75.0,45.69,227315.0,0
txn_0005342,card_0635,merchant_137,M,job_01,grocery_pos,city_33,S03,13560,5,3,36,2025,10,11,194.489,42.0,428.81,15581.0,1
txn_0002542,card_0260,merchant_131,M,job_18,grocery_pos,city_53,S13,58934,5,35,2,2025,3,25,102.497,26.0,80.05,23019.0,0
txn_0007414,card_0291,merchant_085,F,job_08,shopping_net,city_19,S09,93310,12,13,54,2025,9,18,9.641,34.0,128.8,4330.0,0
txn_0006292,card_0374,merchant_083,M,job_24,food_dining,city_13,S08,18552,15,35,21,2025,4,14,22.693,43.0,52.85,6574.0,0
txn_0003653,card_0391,merchant_132,F,job_27,misc_net,city_24,S05,77838,2,2,31,2025,3,18,27.933,74.0,319.67,9365.0,0
txn_0004749,card_0242,merchant_037,F,job_29,shopping_net,city_44,S11,60357,5,50,41,2025,11,20,13.416,30.0,182.79,131604.0,0
txn_0007703,card_0282,merchant_154,M,job_22,gas_transport,city_19,S12,61764,15,38,51,2025,1,8,9.101,47.0,28.69,159274.0,0
txn_0001607,card_0085,merchant_086,M,job_20,entertainment,city_10,S01,23885,21,2,37,2025,11,3,8.573,49.0,105.37,6198.0,0
txn_0000290,card_0324,merchant_088,M,job_13,grocery_pos,city_44,S05,67434,12,40,9,2025,12,27,22.511,71.0,14.55,406138.0,0
txn_0003226,card_0722,merchant_110,M,job_29,health_fitness,city_12,S09,51633,14,29,51,2025,6,28,22.902,26.0,32.54,22839.0,0
txn_0004028,card_0852,merchant_073,M,job_20,shopping_net,city_59,S14,52986,16,58,47,2025,7,7,58.122,31.0,292.12,22784.0,0
txn_0003832,card_0723,merchant_009,F,job_00,grocery_pos,city_24,S05,33868,5,24,46,2025,6,19,28.392,35.0,22.2,19718.0,0
txn_0003378,card_0590,merchant_032,M,job_08,travel,city_27,S06,48628,1,15,24,2025,10,13,20.906,65.0,593.17,49929.0,0
txn_0007342,card_0832,merchant_155,F,job_22,shopping_pos,city_54,S00,90842,21,4,2,2025,8,10,12.959,27.0,68.76,34590.0,0
txn_0004379,card_0860,merchant_125,M,job_12,gas_transport,city_26,S01,19229,23,52,35,2025,12,25,96.532,60.0,88.51,90177.0,0
txn_0004498,card_0316,merchant_135,M,job_16,shopping_net,city_57,S07,16003,13,7,5,2025,2,22,12.162,44.0,68.99,27313.0,0
txn_0001120,card_0357,merchant_044,M,job_17,entertainment,city_37,S02,76072,6,10,46,2025,6,9,5.032,56.0,114.3,9479.0,0
txn_0004333,card_0328,merchant_186,F,job_04,health_fitness,city_03,S03,69639,10,3,8,2025,4,19,37.181,59.0,45.35,159076.0,0
txn_0005590,card_0843,merchant_081,F,job_00,shopping_net,city_27,S11,50720,12,40,28,2025,1,11,645.751,37.0,577.94,49169.0,0
txn_0004521,card_0614,merchant_023,M,job_07,food_dining,city_22,S06,71660,4,23,16,2025,3,20,40.244,44.0,73.44,11139.0,0
txn_0006650,card_0643,merchant_155,F,job_18,shopping_pos,city_12,S09,12952,6,19,18,2025,2,12,7.903,54.0,156.21,45789.0,0
txn_0007380,card_0392,merchant_097,F,job_14,entertainment,city_17,S10,22622,14,33,10,2025,8,1,27.923,51.0,187.88,18361.0,0
txn_0001426,card_0616,merchant_096,F,job_15,misc_net,city_37,S09,53977,20,1,26,2025,5,30,56.357,24.0,25.71,52530.0,0
txn_0005551,card_0694,merchant_212,F,job_22,gas_transport,city_25,S05,93434,2,18,26,2025,2,25,15.59,35.0,64.03,5557.0,0
txn_0000472,card_0218,merchant_101,F,job_23,health_fitness,city_43,S12,66407,1,57,5,2025,5,19,22.054,53.0,33.61,75756.0,0
txn_0000826,card_0117,merchant_180,F,job_15,health_fitness,city_29,S13,32538,15,59,55,2025,10,29,37.352,50.0,118.23,81492.0,0
txn_0004633,card_0108,merchant_081,F,job_23,shopping_net,city_02,S11,54287,3,48,33,2025,11,20,58.654,62.0,42.72,67568.0,0
txn_0006016,card_0489,merchant_133,M,job_29,grocery_pos,city_24,S12,98289,7,17,37,2025,1,17,3.355,18.0,40.63,14087.0,0
txn_0003853,card_0526,merchant_058,M,job_21,shopping_pos,city_20,S08,14127,11,50,20,2025,11,2,19.597,31.0,111.63,25497.0,0
txn_0002350,card_0716,merchant_084,M,job_25,misc_net,city_41,S09,98095,7,32,2,2025,3,20,20.565,66.0,144.75,22861.0,0
txn_0004245,card_0582,merchant_209,F,job_09,shopping_pos,city_55,S14,19092,14,33,6,2025,9,28,51.187,51.0,20.41,27911.0,0
txn_0005524,card_0359,merchant_056,M,job_25,entertainment,city_20,S04,29371,6,23,30,2025,3,7,15.037,65.0,54.2,52692.0,0
txn_0000878,card_0874,merchant_048,M,job_24,food_dining,city_55,S14,86548,0,44,33,2025,3,31,23.459,62.0,29.59,12477.0,0
txn_0006174,card_0582,merchant_018,F,job_09,personal_care,city_55,S14,19092,5,46,59,2025,10,31,21.872,51.0,33.09,27911.0,0
txn_0006429,card_0548,merchant_213,M,job_23,gas_transport,city_12,S02,87639,14,57,23,2025,2,27,1.995,42.0,49.49,95550.0,0
txn_0002433,card_0693,merchant_053,M,job_00,travel,city_36,S02,18490,6,22,5,2025,12,18,8.389,35.0,428.03,50121.0,0
txn_0007909,card_0896,merchant_192,M,job_31,health_fitness,city_07,S05,39680,7,14,54,2025,7,24,12.845,63.0,33.99,66947.0,0
txn_0005391,card_0445,merchant_016,M,job_31,travel,city_49,S08,11239,12,10,58,2025,2,10,38.48,42.0,203.71,12720.0,0
txn_0006334,card_0190,merchant_143,M,job_16,travel,city_31,S02,20080,16,5,9,2025,12,10,46.919,18.0,390.64,19592.0,0
txn_0007857,card_0239,merchant_124,M,job_17,misc_net,city_26,S02,95782,22,48,25,2025,3,22,53.125,42.0,103.13,4779.0,0
txn_0002701,card_0224,merchant_098,M,job_26,grocery_pos,city_04,S06,63458,8,6,24,2025,9,29,29.32,45.0,46.91,60482.0,0
txn_0005364,card_0642,merchant_177,M,job_02,gas_transport,city_00,S01,84206,0,30,16,2025,5,22,37.832,52.0,99.56,4410.0,0
txn_0003545,card_0683,merchant_073,M,job_13,shopping_net,city_19,S13,49090,1,57,32,2025,3,26,59.811,60.0,259.83,94059.0,1
txn_0002372,card_0501,merchant_012,M,job_07,personal_care,city_08,S13,98887,18,56,9,2025,4,23,13.906,28.0,150.18,273158.0,0
txn_0000363,card_0322,merchant_171,M,job_30,food_dining,city_34,S05,53289,2,15,9,2025,2,9,14.728,41.0,136.2,70567.0,0
txn_0006219,card_0129,merchant_106,M,job_10,health_fitness,city_57,S01,67511,13,14,29,2025,8,19,11.002,58.0,16.47,5694.0,0
txn_0000467,card_0556,merchant_118,M,job_31,grocery_pos,city_24,S02,73609,6,34,42,2025,10,12,34.837,53.0,38.0,19286.0,0
txn_0005868,card_0865,merchant_175,M,job_29,gas_transport,city_32,S03,18461,3,35,52,2025,5,3,14.831,44.0,40.87,10893.0,0
txn_0005568,card_0506,merchant_198,M,job_11,food_dining,city_19,S14,19261,19,21,25,2025,8,5,82.863,50.0,31.8,4685.0,0
txn_0000839,card_0012,merchant_136,M,job_12,personal_care,city_40,S14,64844,20,34,49,2025,12,12,16.362,62.0,43.12,122514.0,0
txn_0000058,card_0705,merchant_148,M,job_28,food_dining,city_06,S05,79316,5,16,58,2025,3,28,41.997,45.0,18.09,1763.0,0
txn_0001572,card_0204,merchant_073,F,job_09,shopping_net,city_47,S09,12000,8,8,2,2025,12,29,26.673,32.0,101.35,534193.0,0
txn_0006936,card_0698,merchant_011,F,job_27,gas_transport,city_01,S00,13266,7,59,20,2025,8,27,56.527,32.0,65.2,56342.0,0
txn_0002182,card_0463,merchant_034,F,job_06,misc_net,city_30,S04,56361,8,12,46,2025,3,19,52.881,24.0,57.78,20540.0,0
txn_0002506,card_0622,merchant_009,F,job_06,grocery_pos,city_06,S11,84285,18,19,18,2025,10,30,14.534,53.0,29.42,62014.0,0
txn_0004383,card_0074,merchant_123,M,job_04,grocery_pos,city_24,S08,68154,16,34,16,2025,8,24,19.992,46.0,58.95,52934.0,0
txn_0004978,card_0759,merchant_189,M,job_08,shopping_pos,city_35,S05,97278,20,50,27,2025,3,22,1.118,71.0,151.0,36128.0,0
txn_0001857,card_0049,merchant_147,M,job_08,misc_net,city_09,S14,76375,13,40,41,2025,2,21,44.392,60.0,36.95,30920.0,0
txn_0000150,card_0371,merchant_027,M,job_03,misc_net,city_44,S07,93399,7,30,9,2025,1,8,10.003,53.0,31.16,17976.0,0
txn_0002729,card_0837,merchant_098,F,job_03,grocery_pos,city_44,S01,95273,19,4,44,2025,9,2,21.459,43.0,20.31,38938.0,0
txn_0003560,card_0856,merchant_141,F,job_11,gas_transport,city_03,S10,63194,14,22,31,2025,5,7,10.244,38.0,158.61,11386.0,0
txn_0004486,card_0164,merchant_179,F,job_24,shopping_pos,city_49,S01,47129,2,59,57,2025,1,30,6.857,79.0,144.37,14906.0,0
txn_0001063,card_0361,merchant_193,M,job_29,travel,city_14,S04,87359,10,15,25,2025,6,16,137.56,45.0,1513.24,5928.0,0
txn_0004925,card_0051,merchant_093,F,job_09,personal_care,city_15,S01,16466,18,27,37,2025,9,24,31.49,43.0,64.26,9808.0,0
txn_0003447,card_0854,merchant_161,F,job_20,shopping_pos,city_51,S06,65117,7,23,9,2025,7,2,6.77,38.0,146.9,24983.0,0
txn_0002954,card_0766,merchant_044,M,job_24,entertainment,city_48,S08,24941,9,44,33,2025,8,24,68.036,64.0,37.43,36952.0,0
txn_0004661,card_0082,merchant_099,F,job_17,shopping_net,city_10,S11,29394,8,14,23,2025,6,24,15.186,59.0,48.47,11944.0,0
txn_0007823,card_0786,merchant_122,F,job_13,shopping_pos,city_22,S05,33420,15,35,37,2025,3,25,18.875,47.0,51.48,9126.0,0
txn_0001586,card_0414,merchant_053,F,job_28,travel,city_06,S05,35453,18,14,14,2025,7,10,253.933,18.0,3224.16,34779.0,1
txn_0003096,card_0167,merchant_028,F,job_20,travel,city_28,S02,77424,8,26,26,2025,3,3,41.294,39.0,748.67,23414.0,0
txn_0004256,card_0703,merchant_046,F,job_10,entertainment,city_06,S14,13076,19,38,58,2025,5,20,5.827,36.0,63.94,32896.0,0
txn_0000084,card_0651,merchant_125,M,job_27,gas_transport,city_53,S14,44664,9,46,33,2025,6,11,100.186,64.0,53.51,12941.0,0
txn_0004015,card_0783,merchant_037,F,job_25,shopping_net,city_39,S03,60747,15,47,21,2025,10,15,10.087,48.0,127.61,83766.0,0
txn_0004441,card_0155,merchant_143,M,job_31,travel,city_24,S01,38876,16,53,48,2025,3,13,10.772,18.0,80.09,34269.0,0
txn_0005795,card_0520,merchant_108,F,job_30,grocery_pos,city_05,S10,75338,9,9,42,2025,9,12,55.236,46.0,27.83,33802.0,0
txn_0004069,card_0000,merchant_102,F,job_00,shopping_pos,city_03,S13,50073,18,24,48,2025,5,23,72.46,36.0,54.8,8813.0,0
txn_0007810,card_0218,merchant_089,F,job_23,health_fitness,city_43,S12,66407,23,28,30,2025,5,8,2.536,53.0,485.14,75756.0,0
txn_0003420,card_0059,merchant_017,M,job_13,shopping_net,city_44,S06,54415,21,36,35,2025,5,21,4.379,52.0,216.9,12110.0,0
txn_0003978,card_0558,merchant_046,M,job_08,entertainment,city_37,S08,27978,11,16,25,2025,4,30,9.809,55.0,83.83,9829.0,0
txn_0000465,card_0510,merchant_208,M,job_01,gas_transport,city_16,S14,10283,9,2,56,2025,1,4,11.224,43.0,51.25,46403.0,0
txn_0001762,card_0876,merchant_004,M,job_10,travel,city_57,S09,94482,17,24,55,2025,3,11,8.125,44.0,64.56,33280.0,0
txn_0004711,card_0713,merchant_132,M,job_22,misc_net,city_45,S01,18809,15,14,49,2025,11,21,14.839,18.0,91.75,19044.0,0
txn_0007253,card_0185,merchant_036,F,job_26,entertainment,city_47,S02,59857,10,36,54,2025,4,7,19.952,35.0,67.32,66776.0,0
txn_0007650,card_0172,merchant_083,M,job_24,food_dining,city_40,S12,57478,3,46,11,2025,12,3,26.362,42.0,60.31,20384.0,0
txn_0007015,card_0687,merchant_106,M,job_02,health_fitness,city_03,S11,82575,0,6,54,2025,8,19,13.727,46.0,52.57,25403.0,0
txn_0000197,card_0743,merchant_133,F,job_19,grocery_pos,city_22,S03,33163,16,18,39,2025,2,5,20.864,40.0,160.71,154889.0,0
txn_0005030,card_0862,merchant_130,F,job_00,personal_care,city_08,S06,62957,3,26,28,2025,7,8,3.707,79.0,27.48,40823.0,0
txn_0003697,card_0886,merchant_163,F,job_06,shopping_net,city_14,S06,58904,1,54,15,2025,12,10,12.389,28.0,96.14,7911.0,0
txn_0004974,card_0734,merchant_181,F,job_13,travel,city_48,S03,92506,0,35,21,2025,4,8,35.893,33.0,172.84,101834.0,1
txn_0000054,card_0240,merchant_216,F,job_28,entertainment,city_17,S10,88410,23,38,0,2025,11,7,26.851,45.0,27.57,17186.0,0
txn_0007570,card_0711,merchant_052,M,job_04,entertainment,city_51,S14,87116,17,46,2,2025,12,24,6.079,70.0,52.26,17946.0,0
txn_0000191,card_0479,merchant_047,F,job_17,personal_care,city_40,S02,78745,19,55,40,2025,1,13,45.236,50.0,30.21,6390.0,0
txn_0001710,card_0260,merchant_217,M,job_18,personal_care,city_53,S13,58934,16,47,48,2025,12,11,83.617,26.0,13.67,23019.0,0
txn_0006547,card_0107,merchant_199,M,job_16,misc_net,city_09,S04,78047,13,4,54,2025,8,2,3.997,44.0,142.56,33539.0,0
txn_0002070,card_0442,merchant_135,F,job_03,shopping_net,city_27,S06,78374,4,34,19,2025,3,7,18.004,30.0,166.93,20868.0,0
txn_0006756,card_0354,merchant_023,M,job_20,food_dining,city_42,S11,63379,18,16,17,2025,8,15,6.236,49.0,35.78,105009.0,0
txn_0006145,card_0115,merchant_143,M,job_26,travel,city_31,S01,35820,18,23,16,2025,1,8,6.219,49.0,323.78,38806.0,0
txn_0002493,card_0095,merchant_210,F,job_20,misc_net,city_51,S13,67739,23,12,37,2025,2,2,29.722,57.0,110.93,70161.0,0
txn_0000625,card_0220,merchant_183,F,job_00,food_dining,city_18,S04,21355,7,18,38,2025,11,21,9.979,18.0,48.68,4884.0,0
txn_0000306,card_0788,merchant_184,M,job_30,gas_transport,city_58,S06,40323,23,4,31,2025,6,28,13.435,47.0,71.99,18730.0,0
txn_0006024,card_0630,merchant_108,M,job_02,grocery_pos,city_07,S09,16610,20,33,44,2025,3,17,281.672,31.0,294.19,11664.0,0
txn_0002988,card_0507,merchant_017,F,job_27,shopping_net,city_09,S12,85838,12,38,1,2025,6,26,39.157,18.0,191.28,105671.0,0
txn_0007764,card_0569,merchant_167,M,job_01,health_fitness,city_10,S14,70732,11,0,2,2025,9,19,26.833,55.0,103.07,27914.0,0
txn_0007664,card_0788,merchant_203,M,job_30,travel,city_58,S06,40323,16,1,16,2025,1,14,10.704,47.0,386.43,18730.0,0
txn_0006464,card_0295,merchant_015,M,job_20,health_fitness,city_46,S09,93660,23,46,7,2025,11,2,37.145,75.0,122.79,44404.0,0
txn_0002770,card_0645,merchant_149,F,job_18,misc_net,city_53,S11,35141,0,59,28,2025,4,21,20.645,29.0,663.6,16870.0,0
txn_0004796,card_0610,merchant_064,M,job_10,shopping_net,city_31,S07,23593,5,59,57,2025,9,11,34.132,35.0,164.4,38966.0,0
txn_0003603,card_0745,merchant_049,F,job_09,gas_transport,city_23,S10,55240,17,38,28,2025,5,4,22.461,47.0,32.22,2359.0,0
txn_0006320,card_0075,merchant_180,F,job_07,health_fitness,city_07,S04,48874,15,36,42,2025,5,14,9.373,18.0,266.34,4183.0,0
txn_0001096,card_0582,merchant_110,F,job_09,health_fitness,city_55,S14,19092,22,15,24,2025,9,11,10.181,51.0,196.24,27911.0,0
txn_0004756,card_0052,merchant_124,F,job_19,misc_net,city_27,S08,46888,0,31,1,2025,5,12,42.934,53.0,153.56,36994.0,0
txn_0001228,card_0372,merchant_193,F,job_29,travel,city_59,S03,21168,2,54,55,2025,1,17,36.437,65.0,184.62,72804.0,0
txn_0005878,card_0064,merchant_138,F,job_30,entertainment,city_50,S03,56180,0,46,34,2025,12,20,24.232,51.0,162.04,12774.0,0
txn_0005961,card_0521,merchant_021,F,job_31,shopping_pos,city_02,S03,95086,10,19,30,2025,4,10,41.678,62.0,110.07,12996.0,0
txn_0000372,card_0062,merchant_195,F,job_26,misc_net,city_50,S05,97129,11,43,37,2025,6,16,5.388,46.0,123.06,42395.0,0
txn_0003778,card_0655,merchant_173,M,job_05,misc_net,city_28,S06,39512,2,39,48,2025,9,21,57.919,66.0,202.59,14813.0,0
txn_0000845,card_0835,merchant_038,M,job_25,food_dining,city_01,S01,93665,20,15,1,2025,12,21,36.333,51.0,73.17,29991.0,0
txn_0007012,card_0318,merchant_008,M,job_25,misc_net,city_32,S08,15438,16,8,0,2025,8,19,30.265,52.0,46.0,27906.0,0
txn_0006279,card_0590,merchant_211,M,job_08,misc_net,city_27,S06,48628,21,12,37,2025,6,3,260.511,65.0,442.51,49929.0,0
txn_0006419,card_0445,merchant_208,M,job_31,gas_transport,city_49,S08,11239,11,45,0,2025,5,10,54.426,42.0,141.97,12720.0,0
txn_0005102,card_0430,merchant_104,F,job_14,shopping_net,city_37,S05,58753,0,13,0,2025,3,15,24.783,45.0,68.75,115982.0,0
txn_0006433,card_0381,merchant_104,M,job_23,shopping_net,city_14,S12,17956,3,32,21,2025,1,19,43.95,58.0,40.52,59240.0,0
txn_0007312,card_0154,merchant_110,F,job_02,health_fitness,city_58,S10,13397,20,45,52,2025,4,21,8.731,27.0,39.65,16808.0,0
txn_0006728,card_0586,merchant_007,M,job_05,misc_net,city_57,S01,33923,13,36,6,2025,6,25,6.767,44.0,103.85,7239.0,0
txn_0007087,card_0898,merchant_027,F,job_15,misc_net,city_07,S04,32002,20,53,7,2025,12,15,7.447,72.0,223.57,12713.0,0
txn_0000673,card_0295,merchant_146,M,job_20,grocery_pos,city_46,S09,93660,7,12,45,2025,5,16,15.163,75.0,53.07,44404.0,0
txn_0001243,card_0513,merchant_029,M,job_25,entertainment,city_03,S14,98023,23,16,10,2025,2,10,42.767,28.0,69.21,15315.0,0
txn_0007934,card_0891,merchant_039,M,job_28,misc_net,city_36,S04,27726,5,48,15,2025,5,18,9.393,35.0,122.12,8655.0,0
txn_0004781,card_0317,merchant_194,M,job_23,health_fitness,city_32,S03,86480,1,58,34,2025,6,21,12.848,64.0,49.81,62593.0,0
txn_0005417,card_0603,merchant_106,F,job_10,health_fitness,city_33,S04,21767,15,21,18,2025,4,28,20.546,30.0,184.74,11146.0,0
txn_0005451,card_0071,merchant_032,F,job_13,travel,city_12,S00,18566,5,25,49,2025,3,7,51.672,29.0,330.82,48466.0,0
txn_0005743,card_0863,merchant_060,M,job_19,entertainment,city_29,S11,68990,5,57,35,2025,4,7,4.097,46.0,134.09,15443.0,0
txn_0004923,card_0662,merchant_093,F,job_07,personal_care,city_28,S00,36233,2,28,15,2025,8,1,1.323,33.0,30.62,32960.0,0
txn_0007656,card_0362,merchant_131,F,job_14,grocery_pos,city_24,S05,69100,6,43,15,2025,2,25,31.021,63.0,52.96,6535.0,0
txn_0007400,card_0080,merchant_173,M,job_18,misc_net,city_23,S04,73851,4,17,35,2025,2,20,44.7,61.0,61.43,9072.0,0
txn_0003917,card_0724,merchant_135,M,job_17,shopping_net,city_03,S09,97406,22,13,34,2025,9,5,119.428,35.0,142.73,17517.0,0
txn_0007463,card_0501,merchant_138,M,job_07,entertainment,city_08,S13,98887,3,14,10,2025,12,29,56.679,28.0,34.63,273158.0,0
txn_0007070,card_0826,merchant_091,M,job_30,food_dining,city_58,S01,33146,13,8,41,2025,12,13,16.525,54.0,25.41,53641.0,0
txn_0006235,card_0067,merchant_049,F,job_10,gas_transport,city_45,S14,26279,12,1,14,2025,3,30,56.131,41.0,38.81,13100.0,0
txn_0003787,card_0669,merchant_201,F,job_31,gas_transport,city_12,S01,55379,17,10,22,2025,11,10,53.456,52.0,296.05,51556.0,0
txn_0005887,card_0221,merchant_158,F,job_02,grocery_pos,city_39,S11,10991,17,49,49,2025,11,8,54.884,40.0,63.23,17798.0,0
txn_0007384,card_0139,merchant_207,F,job_26,food_dining,city_12,S14,84954,2,50,35,2025,7,11,270.833,56.0,810.17,7696.0,0
txn_0002370,card_0579,merchant_101,F,job_13,health_fitness,city_39,S10,51985,10,0,11,2025,4,20,12.176,30.0,80.39,26362.0,0
txn_0004365,card_0388,merchant_178,M,job_03,misc_net,city_27,S03,47363,15,59,57,2025,5,29,7.996,48.0,120.09,26622.0,0
txn_0007112,card_0292,merchant_163,M,job_05,shopping_net,city_48,S02,49238,10,6,48,2025,2,27,24.628,55.0,61.97,10985.0,0
txn_0003754,card_0347,merchant_029,M,job_14,entertainment,city_56,S11,43208,12,0,24,2025,12,23,7.975,72.0,40.36,64770.0,0
txn_0002245,card_0881,merchant_215,M,job_10,entertainment,city_06,S11,36717,14,23,23,2025,12,13,27.751,28.0,40.11,18852.0,0
txn_0003939,card_0806,merchant_187,M,job_31,misc_net,city_31,S12,33286,11,42,53,2025,2,28,465.623,18.0,923.47,4940.0,1
txn_0003811,card_0843,merchant_168,F,job_00,entertainment,city_27,S11,50720,8,37,10,2025,4,25,50.573,37.0,19.54,49169.0,0
txn_0007990,card_0434,merchant_003,F,job_17,health_fitness,city_35,S10,48314,5,27,59,2025,12,3,21.116,60.0,67.33,38997.0,0
txn_0007003,card_0168,merchant_044,F,job_10,entertainment,city_50,S12,82695,21,40,20,2025,8,25,3.238,32.0,35.32,17800.0,0
txn_0006686,card_0326,merchant_113,F,job_03,grocery_pos,city_18,S01,55158,11,9,43,2025,5,7,42.115,43.0,62.55,35626.0,0
txn_0004455,card_0096,merchant_217,F,job_16,personal_care,city_34,S13,37725,22,13,33,2025,9,27,3.934,80.0,18.53,6622.0,0
txn_0001462,card_0126,merchant_179,F,job_02,shopping_pos,city_21,S05,19841,4,41,45,2025,3,19,36.807,18.0,148.13,9754.0,0
txn_0003170,card_0713,merchant_051,M,job_22,misc_net,city_45,S01,18809,1,57,32,2025,12,22,35.569,18.0,343.32,19044.0,0
txn_0006942,card_0424,merchant_092,F,job_27,travel,city_24,S06,50924,0,40,40,2025,2,13,21.269,36.0,739.51,9697.0,1
txn_0007923,card_0384,merchant_056,F,job_12,entertainment,city_38,S05,87187,15,56,56,2025,5,2,22.608,50.0,60.12,58357.0,0
txn_0005222,card_0882,merchant_016,F,job_00,travel,city_23,S03,85212,2,42,13,2025,10,22,14.642,47.0,188.47,17026.0,0
txn_0005050,card_0039,merchant_011,M,job_16,gas_transport,city_33,S05,65774,23,5,11,2025,3,13,13.321,40.0,51.68,174940.0,0
txn_0000817,card_0074,merchant_042,M,job_04,misc_net,city_24,S08,68154,16,54,57,2025,12,15,48.639,46.0,200.35,52934.0,0
txn_0003835,card_0535,merchant_062,F,job_03,shopping_net,city_32,S08,97401,21,25,56,2025,11,23,28.679,38.0,80.2,6696.0,0
txn_0005326,card_0359,merchant_202,M,job_25,shopping_pos,city_20,S04,29371,21,3,12,2025,2,1,8.605,65.0,178.03,52692.0,0
txn_0001265,card_0324,merchant_022,M,job_13,grocery_pos,city_44,S05,67434,20,29,45,2025,7,4,27.995,71.0,48.82,406138.0,0
txn_0007866,card_0692,merchant_192,M,job_12,health_fitness,city_55,S11,54353,4,7,22,2025,1,1,6.61,43.0,49.8,16734.0,0
txn_0007510,card_0580,merchant_169,F,job_04,travel,city_10,S01,68777,7,10,33,2025,4,5,51.927,65.0,420.42,12923.0,0
txn_0007969,card_0154,merchant_141,F,job_02,gas_transport,city_58,S10,13397,13,30,23,2025,2,20,42.243,27.0,37.85,16808.0,0
txn_0007545,card_0657,merchant_045,M,job_24,gas_transport,city_56,S13,18075,1,19,31,2025,5,26,11.655,46.0,48.31,6824.0,0
txn_0004653,card_0696,merchant_052,M,job_21,entertainment,city_48,S06,50094,10,28,49,2025,12,3,546.802,58.0,315.28,4630.0,0
txn_0006752,card_0550,merchant_142,M,job_09,grocery_pos,city_32,S05,39627,17,53,5,2025,2,12,1.82,49.0,24.23,101675.0,0
txn_0002407,card_0146,merchant_109,F,job_07,health_fitness,city_09,S12,50406,3,52,17,2025,10,29,27.338,42.0,121.3,10469.0,0
txn_0002852,card_0390,merchant_153,M,job_07,grocery_pos,city_21,S05,77902,12,53,52,2025,1,30,56.012,32.0,62.64,7242.0,0
txn_0000267,card_0639,merchant_085,M,job_19,shopping_net,city_03,S13,31622,22,24,8,2025,3,20,53.083,45.0,77.38,15152.0,0
txn_0002218,card_0347,merchant_219,M,job_14,misc_net,city_56,S11,43208,23,6,1,2025,1,20,86.065,72.0,215.37,64770.0,0
txn_0007755,card_0385,merchant_070,F,job_01,misc_net,city_17,S05,40575,13,44,10,2025,3,9,43.894,58.0,126.6,71781.0,0
txn_0002321,card_0424,merchant_060,F,job_27,entertainment,city_24,S06,50924,15,11,58,2025,2,11,18.833,36.0,120.65,9697.0,0
txn_0002808,card_0475,merchant_044,M,job_30,entertainment,city_25,S08,12004,23,55,46,2025,5,8,60.366,49.0,195.32,3648.0,0
txn_0000261,card_0760,merchant_038,F,job_19,food_dining,city_34,S06,10682,9,13,16,2025,11,28,35.293,26.0,149.44,7225.0,0
txn_0004559,card_0744,merchant_111,M,job_04,travel,city_48,S13,43701,4,55,37,2025,1,20,2.4,42.0,315.41,26529.0,0
txn_0003030,card_0520,merchant_057,F,job_30,travel,city_05,S10,75338,20,34,1,2025,7,10,23.082,46.0,340.86,33802.0,0
txn_0007766,card_0260,merchant_205,M,job_18,personal_care,city_53,S13,58934,5,10,28,2025,8,4,25.144,26.0,46.39,23019.0,0
txn_0007511,card_0512,merchant_094,M,job_08,gas_transport,city_30,S05,23617,1,47,52,2025,9,25,35.366,43.0,45.89,13637.0,0
txn_0005490,card_0537,merchant_128,F,job_20,travel,city_49,S14,33294,4,46,12,2025,11,26,61.469,41.0,533.2,92631.0,0
txn_0001013,card_0760,merchant_191,F,job_19,shopping_pos,city_34,S06,10682,8,43,17,2025,2,7,41.534,26.0,121.39,7225.0,0
txn_0005295,card_0053,merchant_021,F,job_13,shopping_pos,city_09,S09,56411,8,14,48,2025,5,10,52.675,18.0,61.42,21290.0,0
txn_0004502,card_0624,merchant_148,M,job_19,food_dining,city_20,S06,80372,17,22,39,2025,5,23,55.758,44.0,14.11,22009.0,0
txn_0006099,card_0798,merchant_069,F,job_11,shopping_pos,city_58,S01,16283,19,2,20,2025,4,22,30.955,55.0,36.57,12881.0,0
txn_0001117,card_0268,merchant_183,M,job_31,food_dining,city_19,S10,29944,11,48,15,2025,10,28,0.677,53.0,59.35,32962.0,0
txn_0004315,card_0664,merchant_022,M,job_17,grocery_pos,city_27,S02,63954,14,15,25,2025,2,13,41.155,29.0,24.75,22810.0,0
txn_0001260,card_0473,merchant_028,F,job_13,travel,city_27,S05,94815,6,36,53,2025,5,14,13.445,51.0,348.04,22643.0,0
txn_0007283,card_0642,merchant_043,M,job_02,health_fitness,city_00,S01,84206,20,56,33,2025,3,6,10.191,52.0,422.22,4410.0,0
txn_0003403,card_0547,merchant_160,M,job_30,travel,city_45,S01,86991,21,10,47,2025,12,28,42.74,37.0,375.01,16431.0,0
txn_0006790,card_0732,merchant_082,M,job_02,gas_transport,city_55,S03,87498,5,36,9,2025,6,8,44.509,60.0,233.85,20377.0,0
txn_0003493,card_0268,merchant_010,M,job_31,health_fitness,city_19,S10,29944,0,25,57,2025,8,5,29.915,53.0,115.9,32962.0,0
txn_0007826,card_0430,merchant_037,F,job_14,shopping_net,city_37,S05,58753,9,18,7,2025,3,3,28.388,45.0,125.07,115982.0,0
txn_0005594,card_0012,merchant_118,M,job_12,grocery_pos,city_40,S14,64844,22,20,9,2025,4,10,37.322,62.0,31.8,122514.0,0
txn_0002155,card_0128,merchant_192,M,job_18,health_fitness,city_10,S09,40679,9,0,34,2025,3,26,56.64,46.0,127.84,45053.0,0
txn_0005367,card_0397,merchant_079,F,job_21,gas_transport,city_51,S04,86112,15,21,13,2025,8,23,22.457,48.0,102.16,71633.0,0
txn_0002673,card_0645,merchant_069,F,job_18,shopping_pos,city_53,S11,35141,11,50,57,2025,8,14,18.164,29.0,33.72,16870.0,0
txn_0004425,card_0605,merchant_133,M,job_07,grocery_pos,city_49,S03,82624,18,54,9,2025,10,7,0.23,46.0,71.09,19300.0,0
txn_0004713,card_0070,merchant_176,M,job_09,travel,city_02,S09,22964,3,28,53,2025,7,4,17.681,50.0,143.7,70559.0,0
txn_0004170,card_0018,merchant_044,M,job_08,entertainment,city_08,S08,49165,11,54,14,2025,4,2,2.304,35.0,26.5,10677.0,0
txn_0000486,card_0354,merchant_027,M,job_20,misc_net,city_42,S11,63379,15,6,4,2025,9,28,4.213,49.0,47.09,105009.0,0
txn_0003354,card_0204,merchant_152,F,job_09,entertainment,city_47,S09,12000,3,7,21,2025,10,13,306.106,32.0,194.8,534193.0,0
txn_0003031,card_0834,merchant_027,M,job_27,misc_net,city_04,S01,62602,21,17,9,2025,8,29,25.195,59.0,59.8,36188.0,0
txn_0006738,card_0195,merchant_007,F,job_02,misc_net,city_00,S08,34752,23,10,54,2025,5,9,53.421,28.0,121.3,45269.0,0
txn_0007624,card_0300,merchant_130,F,job_28,personal_care,city_54,S11,56650,21,50,27,2025,1,4,24.846,52.0,134.81,36279.0,0
txn_0003985,card_0446,merchant_107,F,job_27,personal_care,city_34,S09,50702,17,36,35,2025,3,1,26.833,67.0,27.2,121235.0,0
txn_0006812,card_0079,merchant_159,M,job_18,grocery_pos,city_06,S00,76011,4,54,25,2025,10,30,43.371,18.0,10.01,35597.0,0
txn_0001037,card_0417,merchant_148,F,job_18,food_dining,city_59,S09,23741,12,13,45,2025,11,12,11.026,57.0,43.91,22923.0,0
txn_0005081,card_0623,merchant_086,F,job_04,entertainment,city_49,S09,57991,17,47,39,2025,10,11,31.186,30.0,31.22,60550.0,0
txn_0005123,card_0709,merchant_113,F,job_04,grocery_pos,city_07,S07,64216,5,4,22,2025,9,20,256.442,52.0,112.68,36438.0,0
txn_0003920,card_0546,merchant_018,F,job_30,personal_care,city_19,S11,47216,1,9,1,2025,9,15,22.047,59.0,148.35,101022.0,0
txn_0004165,card_0849,merchant_077,M,job_23,food_dining,city_19,S09,90852,17,9,12,2025,11,26,30.113,64.0,40.39,23386.0,0
txn_0006694,card_0543,merchant_142,F,job_13,grocery_pos,city_44,S07,50342,22,0,46,2025,8,1,66.627,19.0,72.64,12741.0,0
txn_0005966,card_0750,merchant_148,M,job_06,food_dining,city_39,S07,64754,3,55,27,2025,4,29,46.158,28.0,31.59,43963.0,1
txn_0004551,card_0169,merchant_026,F,job_00,shopping_pos,city_09,S03,40019,15,46,17,2025,1,7,2.133,55.0,55.88,10738.0,0
txn_0002016,card_0602,merchant_138,M,job_07,entertainment,city_44,S09,40958,23,38,57,2025,5,15,36.374,56.0,35.63,11603.0,0
txn_0005505,card_0638,merchant_053,M,job_22,travel,city_50,S12,78350,2,48,48,2025,2,20,2.997,61.0,80.58,12420.0,0
txn_0000764,card_0660,merchant_166,F,job_09,shopping_net,city_20,S14,30335,19,58,28,2025,11,20,60.011,23.0,54.04,15613.0,0
txn_0004215,card_0504,merchant_039,F,job_05,misc_net,city_54,S04,17005,18,52,9,2025,3,10,10.343,47.0,65.08,26112.0,0
txn_0003439,card_0388,merchant_195,M,job_03,misc_net,city_27,S03,47363,14,44,2,2025,3,21,103.08,48.0,77.47,26622.0,0
txn_0006879,card_0357,merchant_031,M,job_17,travel,city_37,S02,76072,4,40,1,2025,11,26,4.733,56.0,1114.58,9479.0,0
txn_0007906,card_0672,merchant_142,M,job_23,grocery_pos,city_24,S04,93996,12,44,59,2025,4,18,5.968,29.0,21.17,37063.0,0
txn_0007064,card_0792,merchant_069,M,job_21,shopping_pos,city_31,S05,11102,18,18,45,2025,12,5,873.642,43.0,1022.02,2345.0,0
txn_0003918,card_0009,merchant_140,F,job_02,misc_net,city_57,S13,70726,14,4,32,2025,8,9,49.383,38.0,120.99,10797.0,0
txn_0004882,card_0088,merchant_219,M,job_07,misc_net,city_03,S00,97011,16,52,20,2025,4,25,35.61,58.0,47.61,17029.0,0
txn_0007301,card_0858,merchant_036,M,job_18,entertainment,city_40,S02,20484,1,19,45,2025,10,5,6.775,35.0,65.31,12979.0,0
txn_0005546,card_0597,merchant_192,M,job_24,health_fitness,city_17,S13,21154,18,44,18,2025,8,26,85.597,40.0,65.82,20627.0,0
txn_0005376,card_0175,merchant_143,F,job_05,travel,city_03,S07,26983,17,23,0,2025,1,5,19.059,18.0,480.5,7848.0,0
txn_0005414,card_0287,merchant_159,M,job_19,grocery_pos,city_39,S11,25899,21,59,46,2025,12,20,18.233,56.0,11.18,14756.0,0
txn_0001368,card_0009,merchant_217,F,job_02,personal_care,city_57,S13,70726,3,54,31,2025,8,30,18.051,38.0,75.73,10797.0,0
txn_0006004,card_0728,merchant_108,F,job_12,grocery_pos,city_05,S11,14344,17,41,41,2025,12,25,7.264,25.0,27.34,30801.0,0
txn_0006383,card_0386,merchant_016,F,job_29,travel,city_18,S02,37910,12,47,31,2025,6,28,8.5,45.0,732.82,50661.0,0
txn_0002495,card_0435,merchant_186,F,job_31,health_fitness,city_47,S00,12883,6,55,39,2025,9,4,47.196,61.0,101.05,6401.0,0
txn_0004664,card_0860,merchant_065,M,job_12,health_fitness,city_26,S01,19229,0,6,51,2025,11,26,44.616,60.0,54.53,90177.0,0
txn_0002027,card_0623,merchant_085,F,job_04,shopping_net,city_49,S09,57991,0,18,15,2025,1,31,46.53,30.0,167.39,60550.0,0
txn_0004457,card_0382,merchant_200,M,job_12,shopping_pos,city_36,S04,70381,0,28,3,2025,9,23,8.996,43.0,109.26,64521.0,0
txn_0005290,card_0472,merchant_037,F,job_14,shopping_net,city_17,S06,85057,19,33,56,2025,2,16,8.199,37.0,134.76,35006.0,0
txn_0002843,card_0457,merchant_058,M,job_04,shopping_pos,city_39,S14,57739,10,2,12,2025,10,24,18.819,31.0,44.05,36671.0,0
txn_0003200,card_0791,merchant_075,F,job_28,grocery_pos,city_22,S09,83430,22,24,57,2025,2,16,5.358,67.0,58.38,5922.0,0
txn_0001146,card_0695,merchant_213,F,job_05,gas_transport,city_12,S11,99483,0,36,35,2025,7,22,29.871,27.0,15.64,20512.0,0
txn_0004051,card_0639,merchant_056,M,job_19,entertainment,city_03,S13,31622,12,37,59,2025,4,22,9.73,45.0,24.11,15152.0,0
txn_0000818,card_0196,merchant_060,F,job_26,entertainment,city_33,S09,71851,1,38,11,2025,7,6,9.426,38.0,11.35,37882.0,0
txn_0003442,card_0446,merchant_174,F,job_27,entertainment,city_34,S09,50702,2,6,4,2025,3,28,20.172,67.0,220.59,121235.0,0
txn_0005328,card_0231,merchant_139,M,job_21,food_dining,city_10,S10,28250,19,22,24,2025,8,23,377.241,58.0,555.31,23513.0,0
txn_0003346,card_0826,merchant_096,M,job_30,misc_net,city_58,S01,33146,7,30,28,2025,5,5,12.57,54.0,29.73,53641.0,0
txn_0006065,card_0600,merchant_047,M,job_16,personal_care,city_00,S09,71059,9,12,18,2025,3,5,25.721,40.0,34.38,23145.0,0
txn_0007062,card_0494,merchant_108,F,job_06,grocery_pos,city_42,S11,96384,13,23,46,2025,2,22,22.643,64.0,50.98,16704.0,0
txn_0002935,card_0504,merchant_126,F,job_05,personal_care,city_54,S04,17005,19,35,53,2025,12,3,30.059,47.0,67.83,26112.0,0
txn_0006340,card_0686,merchant_205,F,job_26,personal_care,city_14,S11,74283,2,26,58,2025,4,23,19.458,51.0,78.28,17511.0,0
txn_0004544,card_0190,merchant_206,M,job_16,grocery_pos,city_31,S02,20080,16,38,31,2025,11,28,60.304,18.0,119.0,19592.0,0
txn_0006961,card_0807,merchant_008,F,job_29,misc_net,city_15,S12,26737,5,30,35,2025,1,5,53.032,59.0,173.39,8537.0,0
txn_0007530,card_0181,merchant_173,F,job_31,misc_net,city_37,S03,30507,9,45,8,2025,1,16,4.817,55.0,429.31,52502.0,0
txn_0000384,card_0389,merchant_159,F,job_19,grocery_pos,city_35,S07,52777,19,29,59,2025,6,10,72.712,53.0,24.79,19201.0,0
txn_0001619,card_0494,merchant_041,F,job_06,shopping_net,city_42,S11,96384,5,59,38,2025,1,9,0.993,64.0,438.39,16704.0,0
txn_0005948,card_0719,merchant_087,M,job_31,shopping_net,city_59,S04,13821,1,15,48,2025,2,6,75.82,57.0,129.32,18028.0,0
txn_0005070,card_0888,merchant_217,F,job_15,personal_care,city_38,S09,69812,19,4,32,2025,12,16,15.69,46.0,97.28,80550.0,0
txn_0001729,card_0119,merchant_126,F,job_03,personal_care,city_31,S10,33658,6,46,33,2025,6,21,8.535,40.0,48.32,66293.0,0
txn_0005876,card_0357,merchant_046,M,job_17,entertainment,city_37,S02,76072,13,28,25,2025,7,16,9.63,56.0,162.33,9479.0,0
txn_0001847,card_0396,merchant_133,F,job_08,grocery_pos,city_17,S02,12299,8,32,14,2025,11,17,11.19,61.0,67.33,66402.0,0
txn_0001049,card_0581,merchant_043,M,job_00,health_fitness,city_26,S11,42516,12,52,37,2025,2,27,81.216,35.0,58.36,42682.0,0
txn_0002512,card_0344,merchant_005,M,job_28,shopping_pos,city_21,S02,21738,14,14,26,2025,3,1,1.953,43.0,246.84,73571.0,0
txn_0004771,card_0287,merchant_070,M,job_19,misc_net,city_39,S11,25899,21,25,19,2025,3,7,69.998,56.0,87.08,14756.0,0
txn_0002638,card_0574,merchant_040,F,job_31,travel,city_41,S03,46045,20,27,31,2025,9,10,21.797,38.0,542.47,6242.0,0
txn_0005085,card_0142,merchant_158,F,job_13,grocery_pos,city_52,S11,94480,16,20,22,2025,10,3,15.117,18.0,19.79,31557.0,0
txn_0001077,card_0182,merchant_115,F,job_30,gas_transport,city_03,S08,19433,4,43,53,2025,11,7,20.686,23.0,234.67,13944.0,0
txn_0007074,card_0872,merchant_189,F,job_11,shopping_pos,city_51,S10,53935,19,53,41,2025,1,18,37.928,22.0,269.95,30779.0,0
txn_0007493,card_0655,merchant_034,M,job_05,misc_net,city_28,S06,39512,4,3,13,2025,1,19,9.136,66.0,88.43,14813.0,0
txn_0001423,card_0163,merchant_071,F,job_22,personal_care,city_49,S09,67299,4,15,39,2025,10,10,9.858,51.0,50.29,122016.0,0
txn_0003154,card_0123,merchant_218,F,job_26,misc_net,city_26,S14,99416,0,52,57,2025,3,23,45.841,44.0,130.88,3850.0,0
txn_0001277,card_0459,merchant_049,F,job_11,gas_transport,city_59,S13,63415,13,2,5,2025,6,4,10.605,50.0,28.06,10654.0,0
txn_0001334,card_0148,merchant_012,M,job_21,personal_care,city_00,S04,92737,7,52,39,2025,11,3,7.355,65.0,23.96,58241.0,0
txn_0002903,card_0543,merchant_094,F,job_13,gas_transport,city_44,S07,50342,2,34,54,2025,5,8,23.69,19.0,30.46,12741.0,0
txn_0007450,card_0486,merchant_131,F,job_17,grocery_pos,city_54,S11,34256,21,2,51,2025,12,4,46.816,19.0,11.51,8746.0,0
txn_0007183,card_0588,merchant_181,M,job_03,travel,city_57,S02,13776,11,5,50,2025,1,6,4.827,36.0,133.97,336544.0,0
txn_0002987,card_0469,merchant_199,M,job_20,misc_net,city_58,S09,19025,15,33,25,2025,9,19,20.643,35.0,85.58,57003.0,0
txn_0006722,card_0291,merchant_089,F,job_08,health_fitness,city_19,S09,93310,7,10,1,2025,11,26,171.944,34.0,113.06,4330.0,0
txn_0006857,card_0434,merchant_212,F,job_17,gas_transport,city_35,S10,48314,11,3,57,2025,4,21,9.409,60.0,66.78,38997.0,0
txn_0003471,card_0437,merchant_134,M,job_09,misc_net,city_16,S07,65294,11,50,27,2025,11,10,40.233,41.0,244.07,17415.0,0
txn_0003553,card_0631,merchant_104,F,job_00,shopping_net,city_31,S12,93489,2,55,10,2025,3,9,20.062,58.0,458.67,49087.0,0
txn_0006291,card_0175,merchant_201,F,job_05,gas_transport,city_03,S07,26983,16,53,50,2025,7,7,3.707,18.0,64.53,7848.0,0
txn_0007519,card_0373,merchant_140,F,job_21,misc_net,city_45,S11,33210,13,11,59,2025,7,9,12.31,47.0,95.9,42211.0,0
txn_0003130,card_0478,merchant_174,M,job_16,entertainment,city_22,S03,32240,16,58,19,2025,11,23,15.957,19.0,187.35,42513.0,0
txn_0007546,card_0440,merchant_193,M,job_17,travel,city_13,S07,39582,21,41,30,2025,11,23,6.74,52.0,123.65,29058.0,0
txn_0002403,card_0627,merchant_001,F,job_04,travel,city_23,S03,65179,2,15,46,2025,11,28,54.401,71.0,570.4,45815.0,0
txn_0007524,card_0600,merchant_204,M,job_16,misc_net,city_00,S09,71059,23,57,51,2025,8,6,30.119,40.0,134.23,23145.0,0
txn_0003649,card_0609,merchant_151,M,job_21,shopping_net,city_01,S14,64587,11,35,57,2025,12,13,18.005,25.0,49.17,18430.0,0
txn_0001030,card_0168,merchant_000,F,job_10,health_fitness,city_50,S12,82695,16,47,10,2025,6,26,10.401,32.0,197.37,17800.0,0
txn_0004991,card_0583,merchant_060,F,job_03,entertainment,city_23,S01,86735,3,13,42,2025,10,16,3.732,59.0,192.55,15548.0,0
txn_0002571,card_0453,merchant_184,F,job_29,gas_transport,city_30,S11,82926,21,10,20,2025,7,11,30.341,32.0,120.26,4429.0,0
txn_0001693,card_0339,merchant_092,M,job_01,travel,city_24,S02,55884,3,13,17,2025,8,14,4.904,53.0,87.79,166877.0,0
txn_0007775,card_0625,merchant_216,F,job_01,entertainment,city_33,S11,26011,17,38,39,2025,7,24,67.529,42.0,44.0,97440.0,0
txn_0004692,card_0281,merchant_161,F,job_29,shopping_pos,city_05,S00,30122,17,6,46,2025,9,5,23.719,32.0,111.58,33688.0,0
txn_0000965,card_0734,merchant_066,F,job_13,shopping_pos,city_48,S03,92506,3,10,51,2025,1,4,12.339,33.0,147.36,101834.0,0
txn_0006587,card_0299,merchant_062,F,job_19,shopping_net,city_14,S09,93245,13,13,56,2025,3,19,24.784,61.0,129.76,14849.0,0
txn_0000347,card_0029,merchant_088,F,job_18,grocery_pos,city_58,S06,84676,16,32,16,2025,6,21,85.141,48.0,8.07,35232.0,0
txn_0006345,card_0817,merchant_162,F,job_12,health_fitness,city_03,S13,24066,20,4,56,2025,12,5,8.842,59.0,102.89,12692.0,0
txn_0001322,card_0263,merchant_031,M,job_17,travel,city_43,S01,64935,7,1,25,2025,3,13,36.073,27.0,174.56,9621.0,0
txn_0005732,card_0026,merchant_042,F,job_17,misc_net,city_06,S02,79385,4,12,5,2025,11,26,34.827,46.0,270.36,23326.0,0
txn_0001719,card_0723,merchant_121,F,job_00,entertainment,city_24,S05,33868,15,19,32,2025,11,19,23.093,35.0,23.03,19718.0,0
txn_0002151,card_0413,merchant_204,F,job_27,misc_net,city_06,S13,54033,2,7,22,2025,8,24,48.181,39.0,190.95,71376.0,0
txn_0005619,card_0276,merchant_194,F,job_10,health_fitness,city_27,S07,72536,13,56,57,2025,12,31,15.47,18.0,66.86,45488.0,0
txn_0000220,card_0740,merchant_093,M,job_23,personal_care,city_17,S14,14676,10,21,30,2025,9,10,67.417,67.0,108.85,6107.0,0
txn_0007339,card_0842,merchant_185,M,job_14,grocery_pos,city_12,S01,71451,13,39,54,2025,8,11,34.663,32.0,132.98,10532.0,0
txn_0004567,card_0654,merchant_023,M,job_14,food_dining,city_49,S14,40751,6,34,43,2025,3,7,16.745,32.0,178.57,19391.0,0
txn_0003588,card_0449,merchant_189,F,job_19,shopping_pos,city_25,S01,51088,14,14,47,2025,1,9,7.044,77.0,33.09,42978.0,0
txn_0000936,card_0613,merchant_172,F,job_10,entertainment,city_36,S03,74222,17,44,49,2025,6,11,13.345,37.0,17.76,26386.0,0
txn_0002878,card_0314,merchant_213,F,job_02,gas_transport,city_44,S07,81040,10,1,53,2025,8,19,19.745,46.0,57.37,8056.0,0
txn_0006031,card_0091,merchant_030,M,job_17,health_fitness,city_14,S02,66396,10,49,14,2025,4,21,18.143,60.0,10.21,10702.0,0
txn_0000913,card_0003,merchant_021,F,job_28,shopping_pos,city_15,S12,66118,6,31,14,2025,5,20,32.527,52.0,89.28,69748.0,0
txn_0006482,card_0889,merchant_190,F,job_24,shopping_pos,city_58,S13,44732,14,10,10,2025,11,13,73.354,58.0,50.2,9818.0,0
txn_0002619,card_0000,merchant_198,F,job_00,food_dining,city_03,S13,50073,0,29,38,2025,5,16,59.891,36.0,241.86,8813.0,0
txn_0002907,card_0279,merchant_075,F,job_00,grocery_pos,city_07,S07,13829,21,27,15,2025,9,4,35.394,40.0,68.98,18433.0,0
txn_0000162,card_0845,merchant_193,F,job_31,travel,city_00,S09,47454,3,35,14,2025,1,21,22.779,39.0,378.57,23142.0,0
txn_0002909,card_0644,merchant_094,M,job_07,gas_transport,city_35,S08,41705,22,33,45,2025,5,4,7.423,35.0,13.1,400191.0,0
txn_0005585,card_0850,merchant_003,M,job_29,health_fitness,city_52,S06,87306,21,55,8,2025,6,10,9.695,58.0,51.09,11766.0,0
txn_0001656,card_0391,merchant_113,F,job_27,grocery_pos,city_24,S05,77838,19,13,44,2025,9,28,57.495,74.0,36.18,9365.0,0
txn_0005375,card_0290,merchant_060,M,job_13,entertainment,city_53,S06,61067,8,32,6,2025,8,25,15.894,55.0,23.25,8319.0,0
txn_0005574,card_0111,merchant_188,M,job_25,personal_care,city_53,S04,99893,17,41,58,2025,1,17,1.75,48.0,27.18,22891.0,0
txn_0006521,card_0050,merchant_047,M,job_02,personal_care,city_04,S03,20800,1,0,56,2025,4,29,43.962,29.0,18.33,31904.0,0
txn_0001377,card_0646,merchant_149,F,job_21,misc_net,city_46,S09,34565,16,25,17,2025,11,6,20.432,36.0,100.32,4597.0,0
txn_0005852,card_0772,merchant_009,F,job_08,grocery_pos,city_43,S11,30405,20,8,49,2025,8,24,43.159,44.0,30.71,14911.0,0
txn_0000520,card_0887,merchant_145,F,job_03,health_fitness,city_33,S10,32909,23,38,52,2025,7,4,45.785,31.0,144.84,37795.0,0
txn_0006094,card_0529,merchant_104,M,job_25,shopping_net,city_08,S12,48128,22,3,0,2025,4,24,80.568,26.0,152.34,45743.0,0
txn_0000351,card_0771,merchant_066,M,job_18,shopping_pos,city_55,S11,25297,4,59,24,2025,12,14,13.142,43.0,185.4,8722.0,0
txn_0004487,card_0076,merchant_038,F,job_03,food_dining,city_13,S07,42983,3,19,40,2025,12,17,256.798,26.0,371.79,57704.0,0
txn_0004250,card_0552,merchant_174,M,job_01,entertainment,city_42,S02,92067,20,11,45,2025,4,13,58.674,21.0,108.15,57138.0,0
txn_0001083,card_0124,merchant_214,M,job_26,travel,city_21,S09,10793,7,38,7,2025,1,3,39.915,18.0,717.87,31416.0,0
txn_0000178,card_0117,merchant_176,F,job_15,travel,city_29,S13,32538,12,34,32,2025,10,3,17.213,50.0,893.23,81492.0,0
txn_0005907,card_0571,merchant_208,F,job_22,gas_transport,city_49,S06,33712,18,48,38,2025,10,11,7.965,52.0,106.08,41221.0,0
txn_0003844,card_0309,merchant_057,F,job_30,travel,city_17,S12,91530,4,58,13,2025,4,23,8.747,40.0,170.92,23380.0,0
txn_0002315,card_0561,merchant_159,F,job_10,grocery_pos,city_45,S07,45265,4,29,34,2025,1,2,44.658,21.0,23.05,36404.0,0
txn_0002385,card_0157,merchant_078,M,job_24,travel,city_31,S11,59254,16,33,51,2025,6,13,27.387,49.0,361.4,126033.0,0
txn_0004495,card_0163,merchant_174,F,job_22,entertainment,city_49,S09,67299,1,1,36,2025,8,30,13.838,51.0,43.05,122016.0,0
txn_0004254,card_0692,merchant_106,M,job_12,health_fitness,city_55,S11,54353,23,14,42,2025,5,29,22.465,43.0,85.57,16734.0,0
txn_0004488,card_0872,merchant_017,F,job_11,shopping_net,city_51,S10,53935,23,57,47,2025,10,15,53.412,22.0,125.02,30779.0,0
txn_0005668,card_0477,merchant_134,F,job_24,misc_net,city_03,S04,64122,15,11,34,2025,6,1,37.726,51.0,114.15,29321.0,0
txn_0001345,card_0575,merchant_218,F,job_09,misc_net,city_59,S13,41397,21,53,2,2025,12,10,20.815,81.0,105.5,175172.0,0
txn_0006090,card_0367,merchant_048,F,job_11,food_dining,city_50,S10,31752,7,1,15,2025,7,31,20.781,50.0,53.34,3656.0,0
txn_0007640,card_0192,merchant_197,M,job_26,travel,city_17,S05,32972,5,5,43,2025,10,12,35.234,21.0,301.01,14843.0,0
txn_0002629,card_0728,merchant_131,F,job_12,grocery_pos,city_05,S11,14344,5,37,41,2025,4,10,556.377,25.0,201.37,30801.0,0
txn_0006992,card_0020,merchant_057,M,job_27,travel,city_18,S09,99646,9,11,53,2025,3,4,374.732,45.0,1627.61,33981.0,0
txn_0004323,card_0797,merchant_020,F,job_04,food_dining,city_43,S07,33269,15,5,8,2025,6,20,43.684,77.0,41.65,145932.0,0
txn_0003599,card_0628,merchant_086,M,job_00,entertainment,city_45,S05,41290,7,36,49,2025,7,21,57.019,21.0,18.0,32276.0,0
txn_0002624,card_0385,merchant_051,F,job_01,misc_net,city_17,S05,40575,1,45,46,2025,6,26,5.757,58.0,81.69,71781.0,0
txn_0005638,card_0037,merchant_166,M,job_04,shopping_net,city_18,S02,54926,12,8,35,2025,12,31,40.19,43.0,53.47,70664.0,0
txn_0005904,card_0804,merchant_032,M,job_29,travel,city_45,S00,33511,15,12,2,2025,12,31,27.569,40.0,244.45,4826.0,0
txn_0005437,card_0894,merchant_005,M,job_15,shopping_pos,city_56,S03,37652,10,39,43,2025,3,8,22.696,70.0,46.7,44440.0,0
txn_0007821,card_0568,merchant_125,M,job_24,gas_transport,city_09,S02,55625,0,1,6,2025,5,2,59.782,56.0,231.03,4297.0,0
txn_0006191,card_0465,merchant_007,M,job_00,misc_net,city_05,S06,41034,0,8,56,2025,8,26,32.416,46.0,15.29,130170.0,0
txn_0003848,card_0568,merchant_076,M,job_24,entertainment,city_09,S02,55625,17,56,10,2025,11,20,28.209,56.0,20.92,4297.0,0
txn_0005872,card_0043,merchant_114,F,job_15,travel,city_50,S14,54262,13,8,1,2025,7,25,29.211,57.0,286.38,31420.0,0
txn_0003238,card_0762,merchant_037,M,job_05,shopping_net,city_40,S13,54713,15,59,24,2025,7,11,31.932,48.0,85.91,7452.0,0
txn_0005302,card_0467,merchant_130,M,job_14,personal_care,city_43,S04,47914,15,0,44,2025,6,2,9.584,40.0,88.7,7403.0,0
txn_0007445,card_0814,merchant_061,M,job_20,shopping_pos,city_06,S03,54188,4,30,8,2025,2,4,15.577,58.0,43.61,2600.0,0
txn_0003682,card_0017,merchant_197,F,job_25,travel,city_15,S10,46812,18,59,28,2025,5,10,34.227,43.0,219.58,20885.0,1
txn_0002960,card_0689,merchant_111,M,job_00,travel,city_21,S10,37761,14,7,11,2025,3,1,32.812,39.0,187.82,14870.0,0
txn_0003322,card_0263,merchant_158,M,job_17,grocery_pos,city_43,S01,64935,18,54,56,2025,5,10,10.69,27.0,175.05,9621.0,0
txn_0001024,card_0786,merchant_106,F,job_13,health_fitness,city_22,S05,33420,22,27,58,2025,12,26,51.883,47.0,86.92,9126.0,0
txn_0000516,card_0047,merchant_150,M,job_04,gas_transport,city_32,S12,64179,9,19,26,2025,3,17,4.493,34.0,203.64,21722.0,0
txn_0006633,card_0676,merchant_122,M,job_17,shopping_pos,city_31,S07,16120,12,34,14,2025,3,10,14.6,25.0,240.75,9834.0,0
txn_0007941,card_0567,merchant_086,F,job_12,entertainment,city_10,S10,26318,23,13,21,2025,2,5,24.602,69.0,27.87,8099.0,0
txn_0006652,card_0409,merchant_204,F,job_27,misc_net,city_08,S03,20430,9,33,59,2025,11,29,1.599,25.0,187.77,8633.0,0
txn_0007869,card_0477,merchant_145,F,job_24,health_fitness,city_03,S04,64122,0,28,37,2025,11,18,2.997,51.0,36.6,29321.0,0
txn_0006139,card_0760,merchant_093,F,job_19,personal_care,city_34,S06,10682,8,57,23,2025,2,16,16.224,26.0,16.0,7225.0,0
txn_0002161,card_0009,merchant_210,F,job_02,misc_net,city_57,S13,70726,11,26,35,2025,3,30,51.595,38.0,89.8,10797.0,0
txn_0007122,card_0306,merchant_212,F,job_16,gas_transport,city_45,S08,74371,4,33,50,2025,3,22,5.404,65.0,47.79,49497.0,0
txn_0002518,card_0603,merchant_088,F,job_10,grocery_pos,city_33,S04,21767,1,51,52,2025,5,7,26.563,30.0,80.95,11146.0,0
txn_0004038,card_0873,merchant_197,F,job_12,travel,city_11,S04,22282,18,42,20,2025,9,7,29.608,55.0,180.48,133358.0,0
txn_0006724,card_0476,merchant_211,M,job_30,misc_net,city_12,S09,98190,4,51,36,2025,7,29,22.57,66.0,223.88,34188.0,0
txn_0004363,card_0808,merchant_182,F,job_07,entertainment,city_31,S00,33457,8,51,12,2025,11,10,3.163,40.0,106.95,8599.0,0
txn_0000695,card_0537,merchant_147,F,job_20,misc_net,city_49,S14,33294,23,29,59,2025,2,9,29.736,41.0,141.37,92631.0,0
txn_0006617,card_0344,merchant_171,M,job_28,food_dining,city_21,S02,21738,8,36,21,2025,11,13,31.13,43.0,39.33,73571.0,0
txn_0005626,card_0367,merchant_076,F,job_11,entertainment,city_50,S10,31752,19,34,44,2025,12,18,15.677,50.0,32.81,3656.0,0
txn_0001271,card_0824,merchant_134,M,job_17,misc_net,city_55,S04,38302,12,53,35,2025,5,10,24.261,42.0,54.61,24650.0,0
txn_0003575,card_0263,merchant_118,M,job_17,grocery_pos,city_43,S01,64935,22,20,28,2025,5,31,73.344,27.0,116.32,9621.0,0
txn_0006268,card_0840,merchant_078,F,job_13,travel,city_14,S11,39359,17,52,53,2025,5,2,55.59,62.0,283.4,27315.0,0
txn_0000182,card_0074,merchant_191,M,job_04,shopping_pos,city_24,S08,68154,19,29,54,2025,2,26,29.52,46.0,310.7,52934.0,0
txn_0005539,card_0191,merchant_007,M,job_14,misc_net,city_26,S08,25929,21,25,48,2025,5,18,47.271,54.0,451.33,32124.0,0
txn_0001722,card_0218,merchant_046,F,job_23,entertainment,city_43,S12,66407,23,28,12,2025,9,29,22.372,53.0,23.66,75756.0,0
txn_0007739,card_0835,merchant_132,M,job_25,misc_net,city_01,S01,93665,13,2,45,2025,1,20,5.181,51.0,96.61,29991.0,0
txn_0001182,card_0648,merchant_011,M,job_15,gas_transport,city_46,S01,92119,6,54,15,2025,4,20,13.326,55.0,191.04,11767.0,0
txn_0007733,card_0117,merchant_113,F,job_15,grocery_pos,city_29,S13,32538,17,43,55,2025,5,5,10.606,50.0,128.6,81492.0,0
txn_0004380,card_0382,merchant_104,M,job_12,shopping_net,city_36,S04,70381,14,19,48,2025,2,9,5.865,43.0,178.36,64521.0,0
txn_0002787,card_0041,merchant_140,M,job_12,misc_net,city_05,S01,93516,18,18,16,2025,10,30,32.817,33.0,592.77,504722.0,0
txn_0003434,card_0297,merchant_078,F,job_31,travel,city_51,S05,11607,9,11,26,2025,2,4,30.582,18.0,70.93,18765.0,0
txn_0003422,card_0769,merchant_138,F,job_23,entertainment,city_55,S12,57380,11,9,18,2025,9,15,15.809,44.0,66.92,42739.0,0
txn_0003294,card_0743,merchant_160,F,job_19,travel,city_22,S03,33163,14,14,53,2025,1,2,5.611,40.0,1146.82,154889.0,0
txn_0000461,card_0761,merchant_183,M,job_19,food_dining,city_21,S14,80624,14,54,30,2025,10,10,32.362,44.0,30.83,49718.0,0
txn_0002430,card_0405,merchant_212,M,job_21,gas_transport,city_47,S04,95766,10,5,22,2025,1,3,10.57,31.0,51.73,126514.0,0
txn_0001731,card_0861,merchant_136,M,job_13,personal_care,city_46,S02,40511,10,56,26,2025,6,27,22.127,47.0,25.37,92991.0,0
txn_0005393,card_0687,merchant_047,M,job_02,personal_care,city_03,S11,82575,2,32,10,2025,10,7,54.615,46.0,51.72,25403.0,0
txn_0007056,card_0842,merchant_083,M,job_14,food_dining,city_12,S01,71451,1,51,11,2025,11,19,34.344,32.0,53.12,10532.0,0
txn_0005251,card_0244,merchant_018,M,job_10,personal_care,city_16,S12,92885,10,20,8,2025,8,16,32.877,55.0,151.88,5607.0,0
txn_0007697,card_0774,merchant_109,M,job_22,health_fitness,city_46,S04,37299,12,38,34,2025,8,28,45.881,46.0,57.49,6777.0,0
txn_0001896,card_0859,merchant_177,M,job_18,gas_transport,city_09,S07,68835,15,53,57,2025,5,18,1.774,40.0,30.06,10627.0,0
txn_0002560,card_0710,merchant_141,M,job_24,gas_transport,city_11,S01,56746,7,43,14,2025,7,11,28.153,37.0,151.36,31810.0,0
txn_0003125,card_0075,merchant_150,F,job_07,gas_transport,city_07,S04,48874,16,25,22,2025,5,16,18.506,18.0,106.6,4183.0,0
txn_0006484,card_0133,merchant_028,M,job_10,travel,city_57,S08,93963,22,8,44,2025,2,16,35.936,44.0,788.3,58091.0,0
txn_0002806,card_0256,merchant_100,M,job_03,health_fitness,city_44,S01,42314,1,36,24,2025,3,13,17.182,58.0,135.65,13076.0,0
txn_0002861,card_0763,merchant_018,M,job_17,personal_care,city_24,S00,97082,2,8,40,2025,10,31,20.903,34.0,39.02,125836.0,0
txn_0000515,card_0205,merchant_040,F,job_05,travel,city_07,S12,86390,7,16,49,2025,1,3,24.106,21.0,379.53,40780.0,0
txn_0006366,card_0038,merchant_072,F,job_14,entertainment,city_13,S07,17437,2,42,41,2025,1,4,20.672,31.0,89.6,41666.0,0
txn_0007499,card_0087,merchant_123,F,job_10,grocery_pos,city_24,S00,94695,1,25,52,2025,9,12,63.618,76.0,61.08,11811.0,0
txn_0005507,card_0820,merchant_094,F,job_02,gas_transport,city_50,S12,74936,1,43,42,2025,4,6,7.541,27.0,66.08,33627.0,0
txn_0006048,card_0000,merchant_097,F,job_00,entertainment,city_03,S13,50073,4,20,26,2025,11,7,59.613,36.0,102.59,8813.0,0
txn_0004890,card_0830,merchant_095,F,job_24,food_dining,city_56,S05,92885,19,11,59,2025,3,24,38.725,43.0,50.26,8465.0,0
txn_0000456,card_0712,merchant_219,M,job_21,misc_net,city_57,S03,41322,8,23,4,2025,9,9,1.469,44.0,402.29,14374.0,0
txn_0001811,card_0213,merchant_096,F,job_09,misc_net,city_55,S03,49856,13,20,55,2025,10,28,8.242,24.0,55.02,27951.0,0
txn_0002616,card_0162,merchant_100,F,job_04,health_fitness,city_08,S12,61812,6,2,43,2025,8,10,21.361,39.0,19.34,33878.0,0
txn_0003419,card_0722,merchant_030,M,job_29,health_fitness,city_12,S09,51633,14,14,16,2025,7,11,381.138,26.0,194.69,22839.0,0
txn_0004655,card_0281,merchant_136,F,job_29,personal_care,city_05,S00,30122,14,26,56,2025,3,14,3.95,32.0,273.27,33688.0,0
txn_0004774,card_0136,merchant_011,M,job_28,gas_transport,city_22,S14,44121,12,40,1,2025,11,9,14.236,83.0,48.08,72935.0,0
txn_0006876,card_0680,merchant_211,M,job_09,misc_net,city_39,S12,53102,13,36,2,2025,3,31,43.488,48.0,156.37,35423.0,0
txn_0005173,card_0307,merchant_088,M,job_23,grocery_pos,city_08,S06,97317,10,4,4,2025,10,19,4.365,49.0,31.56,129459.0,0
txn_0003266,card_0228,merchant_140,M,job_17,misc_net,city_31,S02,71351,18,20,31,2025,10,6,7.053,44.0,430.54,12409.0,0
txn_0000791,card_0854,merchant_068,F,job_20,shopping_pos,city_51,S06,65117,23,26,40,2025,12,29,12.121,38.0,164.2,24983.0,0
txn_0006307,card_0650,merchant_114,F,job_08,travel,city_50,S02,47638,14,15,43,2025,6,23,31.038,42.0,56.61,18361.0,0
txn_0006025,card_0230,merchant_040,F,job_13,travel,city_33,S02,90762,2,29,39,2025,9,21,12.354,23.0,468.53,24810.0,0
txn_0000043,card_0366,merchant_168,F,job_01,entertainment,city_18,S12,80676,3,24,4,2025,5,28,15.047,47.0,66.54,95079.0,0
txn_0006922,card_0851,merchant_048,M,job_28,food_dining,city_52,S07,32797,13,56,20,2025,9,20,14.327,31.0,40.04,264041.0,0
txn_0006972,card_0678,merchant_060,M,job_03,entertainment,city_04,S12,76006,4,35,55,2025,7,11,21.956,32.0,92.51,22671.0,0
txn_0006524,card_0645,merchant_003,F,job_18,health_fitness,city_53,S11,35141,4,34,32,2025,5,5,16.718,29.0,51.2,16870.0,1
txn_0003140,card_0504,merchant_119,F,job_05,health_fitness,city_54,S04,17005,16,44,53,2025,2,20,30.612,47.0,163.75,26112.0,0
txn_0003038,card_0014,merchant_049,M,job_18,gas_transport,city_53,S07,77614,3,29,58,2025,2,19,26.295,32.0,45.47,32445.0,0
txn_0007998,card_0543,merchant_104,F,job_13,shopping_net,city_44,S07,50342,12,18,13,2025,9,1,46.03,19.0,99.65,12741.0,0
txn_0000315,card_0328,merchant_023,F,job_04,food_dining,city_03,S03,69639,5,24,38,2025,10,14,16.544,59.0,83.21,159076.0,0
txn_0000498,card_0030,merchant_039,F,job_17,misc_net,city_21,S14,51746,0,18,52,2025,1,16,30.156,51.0,66.61,47497.0,0
txn_0002141,card_0428,merchant_138,F,job_21,entertainment,city_17,S07,72101,10,42,2,2025,4,12,15.807,33.0,214.61,5217.0,0
txn_0001995,card_0581,merchant_105,M,job_00,shopping_net,city_26,S11,42516,11,44,36,2025,2,13,36.033,35.0,219.97,42682.0,0
txn_0001786,card_0736,merchant_066,M,job_05,shopping_pos,city_19,S04,78126,13,30,22,2025,5,12,11.109,19.0,141.66,43397.0,0
txn_0006384,card_0245,merchant_183,F,job_15,food_dining,city_59,S01,52950,22,13,28,2025,5,29,23.873,80.0,55.14,19296.0,0
txn_0006662,card_0689,merchant_177,M,job_00,gas_transport,city_21,S10,37761,3,21,48,2025,2,13,13.703,39.0,39.54,14870.0,0
txn_0005825,card_0306,merchant_157,F,job_16,health_fitness,city_45,S08,74371,11,57,58,2025,6,29,8.128,65.0,138.73,49497.0,0
txn_0000568,card_0649,merchant_153,M,job_00,grocery_pos,city_10,S11,44075,14,3,49,2025,5,2,35.236,58.0,66.04,89263.0,0
txn_0005091,card_0118,merchant_174,F,job_01,entertainment,city_27,S01,71399,17,28,17,2025,5,11,13.471,75.0,39.55,227315.0,0
txn_0002615,card_0274,merchant_158,F,job_00,grocery_pos,city_41,S00,65875,10,28,8,2025,8,1,1.584,31.0,15.4,24142.0,0
txn_0006931,card_0786,merchant_004,F,job_13,travel,city_22,S05,33420,0,51,35,2025,12,15,21.71,47.0,80.4,9126.0,0
txn_0006660,card_0146,merchant_172,F,job_07,entertainment,city_09,S12,50406,15,36,51,2025,8,21,18.012,42.0,89.55,10469.0,0
txn_0002650,card_0681,merchant_051,F,job_06,misc_net,city_51,S11,90594,20,13,17,2025,10,17,24.647,57.0,107.85,3818.0,0
txn_0001499,card_0580,merchant_165,F,job_04,shopping_net,city_10,S01,68777,15,49,41,2025,10,1,24.219,65.0,43.44,12923.0,0
txn_0006815,card_0199,merchant_059,M,job_13,travel,city_16,S03,14944,1,42,33,2025,5,19,35.7,52.0,263.14,28326.0,1
txn_0007164,card_0239,merchant_168,M,job_17,entertainment,city_26,S02,95782,18,0,43,2025,10,27,26.187,42.0,85.35,4779.0,0
txn_0002803,card_0801,merchant_122,F,job_05,shopping_pos,city_12,S09,20680,3,59,46,2025,3,18,22.414,54.0,208.68,47218.0,0
txn_0002792,card_0209,merchant_041,M,job_01,shopping_net,city_37,S05,64590,15,45,6,2025,10,7,5.347,36.0,253.46,15617.0,0
txn_0004906,card_0460,merchant_013,M,job_02,food_dining,city_01,S01,23043,1,1,52,2025,7,22,6.993,30.0,187.06,49897.0,0
txn_0002577,card_0170,merchant_122,F,job_21,shopping_pos,city_49,S04,48166,1,11,28,2025,2,16,52.591,29.0,68.45,71786.0,0
txn_0005752,card_0830,merchant_061,F,job_24,shopping_pos,city_56,S05,92885,2,26,38,2025,8,24,16.924,43.0,333.66,8465.0,0
txn_0003275,card_0017,merchant_042,F,job_25,misc_net,city_15,S10,46812,17,35,54,2025,2,18,2.335,43.0,178.1,20885.0,0
txn_0006418,card_0316,merchant_107,M,job_16,personal_care,city_57,S07,16003,19,7,55,2025,6,4,923.07,44.0,2053.72,27313.0,0
txn_0006911,card_0403,merchant_117,M,job_28,entertainment,city_20,S06,50174,11,57,38,2025,10,14,8.712,47.0,419.19,7402.0,0
txn_0003087,card_0383,merchant_087,F,job_25,shopping_net,city_38,S03,70676,12,23,46,2025,8,29,18.982,49.0,176.61,90223.0,0
txn_0007111,card_0758,merchant_064,F,job_26,shopping_net,city_01,S12,70252,17,57,44,2025,5,5,19.219,47.0,57.97,16185.0,0
txn_0005931,card_0113,merchant_076,F,job_10,entertainment,city_46,S14,30154,23,34,43,2025,2,19,23.251,45.0,14.89,8733.0,0
txn_0000361,card_0542,merchant_000,F,job_29,health_fitness,city_32,S13,24699,7,9,59,2025,8,4,22.382,32.0,47.14,22241.0,0
txn_0004561,card_0529,merchant_042,M,job_25,misc_net,city_08,S12,48128,6,39,33,2025,2,8,26.759,26.0,126.46,45743.0,0
txn_0006626,card_0508,merchant_214,F,job_00,travel,city_18,S06,56119,7,36,39,2025,7,30,16.045,48.0,456.99,53451.0,0
txn_0001421,card_0436,merchant_102,M,job_20,shopping_pos,city_14,S08,71684,13,23,33,2025,12,15,37.362,39.0,52.2,62163.0,0
txn_0006554,card_0833,merchant_096,F,job_27,misc_net,city_33,S14,20261,16,46,21,2025,7,15,61.815,49.0,64.45,73071.0,0
txn_0007544,card_0101,merchant_113,F,job_23,grocery_pos,city_31,S06,30760,23,8,19,2025,1,11,17.015,32.0,97.32,77925.0,0
txn_0007702,card_0595,merchant_208,M,job_13,gas_transport,city_39,S11,54513,7,15,49,2025,6,21,41.674,53.0,14.95,11051.0,0
txn_0005280,card_0020,merchant_162,M,job_27,health_fitness,city_18,S09,99646,4,59,40,2025,2,18,33.239,45.0,70.22,33981.0,0
txn_0006454,card_0623,merchant_207,F,job_04,food_dining,city_49,S09,57991,3,59,30,2025,12,26,5.741,30.0,74.81,60550.0,0
txn_0000250,card_0622,merchant_180,F,job_06,health_fitness,city_06,S11,84285,12,15,23,2025,8,13,22.55,53.0,43.59,62014.0,0
txn_0002046,card_0455,merchant_219,M,job_15,misc_net,city_41,S12,44005,22,22,22,2025,11,28,71.122,36.0,62.71,18907.0,0
txn_0005862,card_0240,merchant_097,F,job_28,entertainment,city_17,S10,88410,3,43,49,2025,4,6,32.446,45.0,160.36,17186.0,0
txn_0007970,card_0481,merchant_146,M,job_09,grocery_pos,city_21,S02,35632,15,9,30,2025,7,19,15.842,41.0,76.6,189955.0,0
txn_0002369,card_0095,merchant_163,F,job_20,shopping_net,city_51,S13,67739,7,6,12,2025,10,7,28.618,57.0,210.21,70161.0,0
txn_0002234,card_0508,merchant_068,F,job_00,shopping_pos,city_18,S06,56119,7,40,29,2025,7,16,414.336,48.0,216.43,53451.0,0
txn_0001577,card_0480,merchant_043,F,job_31,health_fitness,city_45,S03,91349,17,53,20,2025,2,4,36.74,61.0,25.93,46398.0,0
txn_0005733,card_0103,merchant_172,F,job_28,entertainment,city_14,S00,91520,16,2,10,2025,2,4,13.946,38.0,35.49,73460.0,0
txn_0006450,card_0710,merchant_146,M,job_24,grocery_pos,city_11,S01,56746,4,20,40,2025,4,23,27.429,37.0,18.95,31810.0,0
txn_0004517,card_0023,merchant_098,M,job_04,grocery_pos,city_52,S05,49686,2,38,52,2025,1,28,7.096,33.0,36.07,42029.0,0
txn_0004389,card_0677,merchant_019,F,job_25,food_dining,city_10,S08,78827,6,26,5,2025,6,28,17.166,36.0,112.15,38557.0,0
txn_0007381,card_0361,merchant_070,M,job_29,misc_net,city_14,S04,87359,23,11,26,2025,11,6,229.821,45.0,312.45,5928.0,1
txn_0006677,card_0650,merchant_181,F,job_08,travel,city_50,S02,47638,8,15,49,2025,11,7,70.867,42.0,464.3,18361.0,0
txn_0005639,card_0106,merchant_138,M,job_27,entertainment,city_17,S04,24075,17,39,15,2025,5,29,9.135,71.0,101.19,39328.0,0
txn_0007567,card_0374,merchant_108,M,job_24,grocery_pos,city_13,S08,18552,9,35,57,2025,5,6,24.768,43.0,151.02,6574.0,0
txn_0004825,card_0788,merchant_043,M,job_30,health_fitness,city_58,S06,40323,13,31,4,2025,11,27,111.607,47.0,66.74,18730.0,0
txn_0002335,card_0621,merchant_209,F,job_22,shopping_pos,city_45,S02,56724,22,4,50,2025,8,11,6.35,48.0,350.54,48845.0,0
txn_0001153,card_0022,merchant_109,F,job_14,health_fitness,city_18,S01,39758,10,33,59,2025,8,5,9.055,45.0,411.86,48419.0,0
txn_0001179,card_0328,merchant_098,F,job_04,grocery_pos,city_03,S03,69639,13,5,51,2025,6,24,43.87,59.0,101.75,159076.0,0
txn_0003271,card_0815,merchant_069,M,job_28,shopping_pos,city_40,S14,49838,16,3,28,2025,9,24,8.539,36.0,255.79,19070.0,0
txn_0002520,card_0186,merchant_188,F,job_25,personal_care,city_49,S13,25916,12,4,0,2025,1,17,13.519,21.0,25.8,6255.0,0
txn_0004043,card_0609,merchant_143,M,job_21,travel,city_01,S14,64587,18,59,46,2025,5,6,69.774,25.0,348.37,18430.0,0
txn_0007144,card_0859,merchant_163,M,job_18,shopping_net,city_09,S07,68835,23,58,25,2025,11,19,23.714,40.0,41.67,10627.0,0
txn_0006779,card_0661,merchant_060,M,job_08,entertainment,city_12,S11,28190,5,13,1,2025,8,17,4.868,53.0,57.51,52020.0,0
txn_0004335,card_0784,merchant_113,F,job_11,grocery_pos,city_21,S06,44495,14,14,30,2025,1,18,27.812,26.0,70.35,11434.0,0
txn_0003007,card_0128,merchant_073,M,job_18,shopping_net,city_10,S09,40679,4,4,45,2025,5,8,23.827,46.0,271.1,45053.0,0
txn_0005661,card_0782,merchant_066,F,job_01,shopping_pos,city_17,S11,41792,16,36,16,2025,8,18,0.542,41.0,124.92,33648.0,0
txn_0004447,card_0385,merchant_102,F,job_01,shopping_pos,city_17,S05,40575,17,15,7,2025,4,27,33.401,58.0,24.72,71781.0,0
txn_0005435,card_0236,merchant_150,M,job_23,gas_transport,city_35,S11,27682,13,27,41,2025,10,2,607.825,30.0,336.47,19019.0,0
txn_0004666,card_0418,merchant_119,F,job_14,health_fitness,city_17,S00,26837,15,5,5,2025,3,29,28.812,33.0,116.51,24651.0,0
txn_0001678,card_0277,merchant_021,M,job_06,shopping_pos,city_26,S13,32100,5,27,29,2025,12,13,6.379,47.0,183.03,18412.0,0
txn_0007562,card_0199,merchant_102,M,job_13,shopping_pos,city_16,S03,14944,15,50,9,2025,7,16,44.191,52.0,82.05,28326.0,0
txn_0004017,card_0417,merchant_186,F,job_18,health_fitness,city_59,S09,23741,8,10,52,2025,1,31,60.407,57.0,82.38,22923.0,0
txn_0003752,card_0870,merchant_194,F,job_10,health_fitness,city_47,S11,46199,3,36,32,2025,6,20,920.758,56.0,614.11,5096.0,0
txn_0002505,card_0613,merchant_214,F,job_10,travel,city_36,S03,74222,16,4,31,2025,7,2,3.901,37.0,146.11,26386.0,0
txn_0004263,card_0465,merchant_083,M,job_00,food_dining,city_05,S06,41034,13,20,54,2025,2,16,10.489,46.0,23.13,130170.0,0
txn_0001140,card_0059,merchant_179,M,job_13,shopping_pos,city_44,S06,54415,6,28,45,2025,10,27,28.818,52.0,46.46,12110.0,0
txn_0007854,card_0413,merchant_179,F,job_27,shopping_pos,city_06,S13,54033,10,48,46,2025,8,4,303.22,39.0,419.87,71376.0,0
txn_0000195,card_0574,merchant_164,F,job_31,shopping_pos,city_41,S03,46045,18,10,6,2025,1,4,17.554,38.0,81.65,6242.0,0
txn_0003759,card_0572,merchant_045,F,job_14,gas_transport,city_03,S09,55585,9,42,56,2025,9,17,25.573,41.0,69.37,42923.0,0
txn_0003465,card_0609,merchant_156,M,job_21,health_fitness,city_01,S14,64587,11,10,45,2025,3,2,85.208,25.0,28.44,18430.0,0
txn_0001593,card_0025,merchant_032,M,job_30,travel,city_54,S09,76860,18,0,31,2025,5,21,30.499,47.0,363.37,42473.0,0
txn_0003147,card_0356,merchant_125,F,job_07,gas_transport,city_26,S12,56894,9,11,32,2025,12,12,67.161,18.0,53.68,30832.0,0
txn_0004029,card_0093,merchant_132,F,job_13,misc_net,city_42,S08,39361,13,48,7,2025,11,20,21.035,38.0,79.84,7476.0,0
txn_0001175,card_0017,merchant_011,F,job_25,gas_transport,city_15,S10,46812,14,53,53,2025,5,18,5.992,43.0,65.07,20885.0,0
txn_0002748,card_0700,merchant_158,M,job_09,grocery_pos,city_41,S12,34890,5,46,23,2025,9,25,7.092,36.0,15.08,17692.0,0
txn_0002010,card_0139,merchant_124,F,job_26,misc_net,city_12,S14,84954,11,8,40,2025,8,27,25.754,56.0,143.93,7696.0,0
txn_0003321,card_0758,merchant_121,F,job_26,entertainment,city_01,S12,70252,9,34,22,2025,9,8,6.199,47.0,165.45,16185.0,0
txn_0002924,card_0026,merchant_068,F,job_17,shopping_pos,city_06,S02,79385,22,45,4,2025,12,16,34.002,46.0,75.96,23326.0,0
txn_0003244,card_0823,merchant_099,M,job_23,shopping_net,city_55,S02,50981,17,49,56,2025,7,26,11.767,33.0,412.89,47374.0,0
txn_0006138,card_0234,merchant_045,F,job_19,gas_transport,city_59,S12,22686,10,42,26,2025,8,24,24.155,41.0,52.84,25750.0,0
txn_0003260,card_0419,merchant_028,M,job_12,travel,city_11,S13,71877,20,1,11,2025,9,22,40.892,67.0,263.35,46949.0,0
txn_0005147,card_0808,merchant_078,F,job_07,travel,city_31,S00,33457,2,44,18,2025,9,4,27.491,40.0,332.68,8599.0,0
txn_0007208,card_0759,merchant_102,M,job_08,shopping_pos,city_35,S05,97278,12,54,23,2025,1,5,9.599,71.0,334.99,36128.0,0
txn_0007142,card_0142,merchant_054,F,job_13,shopping_pos,city_52,S11,94480,7,24,32,2025,3,29,21.842,18.0,120.62,31557.0,0
txn_0007435,card_0827,merchant_028,M,job_18,travel,city_00,S01,53413,2,32,1,2025,12,6,800.189,25.0,6276.19,5874.0,1
txn_0002358,card_0253,merchant_124,F,job_29,misc_net,city_56,S06,41698,21,34,12,2025,4,14,23.179,32.0,498.91,10876.0,0
txn_0005508,card_0255,merchant_030,F,job_18,health_fitness,city_21,S14,74026,10,1,16,2025,1,29,19.959,45.0,123.44,1630.0,0
txn_0003684,card_0068,merchant_094,F,job_29,gas_transport,city_01,S07,48337,21,49,59,2025,9,2,20.425,18.0,228.5,9723.0,0
txn_0000644,card_0836,merchant_123,M,job_16,grocery_pos,city_20,S00,68931,18,32,41,2025,2,5,825.586,46.0,1642.42,80800.0,1
txn_0004717,card_0580,merchant_210,F,job_04,misc_net,city_10,S01,68777,10,37,6,2025,5,25,7.342,65.0,205.87,12923.0,0
txn_0003496,card_0216,merchant_151,F,job_31,shopping_net,city_24,S09,50668,6,59,46,2025,11,18,71.76,34.0,322.74,20708.0,0
txn_0001372,card_0020,merchant_012,M,job_27,personal_care,city_18,S09,99646,13,1,43,2025,3,31,12.18,45.0,26.24,33981.0,0
txn_0002742,card_0089,merchant_177,M,job_25,gas_transport,city_26,S12,25062,10,25,0,2025,8,7,75.846,22.0,72.86,6235.0,0
txn_0004243,card_0726,merchant_068,M,job_18,shopping_pos,city_28,S07,86542,14,48,52,2025,7,29,57.569,55.0,41.21,57196.0,0
txn_0000102,card_0846,merchant_076,F,job_31,entertainment,city_34,S06,37694,5,22,23,2025,1,12,1.359,51.0,144.68,90032.0,0
txn_0002713,card_0003,merchant_014,F,job_28,travel,city_15,S12,66118,9,28,38,2025,9,9,15.345,52.0,487.46,69748.0,0
txn_0006420,card_0184,merchant_129,F,job_06,travel,city_38,S05,98619,0,1,48,2025,6,30,34.204,54.0,86.19,11608.0,0
txn_0007620,card_0062,merchant_181,F,job_26,travel,city_50,S05,97129,17,42,52,2025,5,24,10.577,46.0,276.31,42395.0,0
txn_0004721,card_0416,merchant_211,M,job_22,misc_net,city_27,S09,34368,11,13,2,2025,8,26,12.28,44.0,135.11,38043.0,0
txn_0001467,card_0535,merchant_001,F,job_03,travel,city_32,S08,97401,22,19,41,2025,1,16,5.359,38.0,82.57,6696.0,0
txn_0002236,card_0422,merchant_212,M,job_17,gas_transport,city_01,S07,58810,7,50,8,2025,12,1,40.503,66.0,130.75,17814.0,0
txn_0002499,card_0501,merchant_158,M,job_07,grocery_pos,city_08,S13,98887,3,39,5,2025,11,14,28.151,28.0,43.94,273158.0,0
txn_0003405,card_0874,merchant_062,M,job_24,shopping_net,city_55,S14,86548,17,46,12,2025,10,20,7.336,62.0,112.75,12477.0,0
txn_0004693,card_0894,merchant_194,M,job_15,health_fitness,city_56,S03,37652,4,38,54,2025,3,8,30.618,70.0,39.79,44440.0,0
txn_0003602,card_0184,merchant_184,F,job_06,gas_transport,city_38,S05,98619,2,13,10,2025,1,16,38.874,54.0,94.99,11608.0,0
txn_0004308,card_0362,merchant_201,F,job_14,gas_transport,city_24,S05,69100,14,41,17,2025,5,8,38.906,63.0,27.73,6535.0,0
txn_0004084,card_0561,merchant_168,F,job_10,entertainment,city_45,S07,45265,22,21,57,2025,5,2,35.102,21.0,77.24,36404.0,0
txn_0006983,card_0069,merchant_036,F,job_01,entertainment,city_46,S14,29522,3,8,22,2025,1,17,9.371,38.0,92.94,7418.0,0
txn_0007957,card_0144,merchant_023,M,job_22,food_dining,city_22,S06,31741,17,43,46,2025,11,2,45.855,55.0,25.07,39542.0,0
txn_0005861,card_0651,merchant_170,M,job_27,grocery_pos,city_53,S14,44664,7,5,56,2025,1,5,370.009,64.0,513.18,12941.0,1
txn_0004935,card_0036,merchant_196,M,job_05,shopping_pos,city_56,S08,58644,0,43,6,2025,2,6,9.332,43.0,135.23,86316.0,0
txn_0003877,card_0387,merchant_200,M,job_07,shopping_pos,city_15,S02,16411,14,43,37,2025,11,16,10.469,64.0,132.41,31746.0,0
txn_0000921,card_0519,merchant_186,M,job_15,health_fitness,city_46,S06,14654,7,42,41,2025,5,21,29.389,29.0,65.78,18666.0,0
txn_0005760,card_0467,merchant_214,M,job_14,travel,city_43,S04,47914,18,1,46,2025,3,18,99.01,40.0,174.87,7403.0,0
txn_0007911,card_0509,merchant_067,F,job_09,health_fitness,city_32,S03,39150,8,48,58,2025,4,27,43.221,42.0,50.74,23414.0,0
txn_0001676,card_0043,merchant_146,F,job_15,grocery_pos,city_50,S14,54262,15,34,8,2025,5,23,11.808,57.0,35.18,31420.0,0
txn_0000446,card_0281,merchant_074,F,job_29,health_fitness,city_05,S00,30122,0,44,8,2025,7,29,2.987,32.0,86.34,33688.0,0
txn_0001106,card_0245,merchant_066,F,job_15,shopping_pos,city_59,S01,52950,17,16,28,2025,1,30,83.309,80.0,568.94,19296.0,0
txn_0005943,card_0200,merchant_167,F,job_15,health_fitness,city_52,S07,93080,14,58,15,2025,8,18,3.522,38.0,133.16,42203.0,0
txn_0000904,card_0723,merchant_200,F,job_00,shopping_pos,city_24,S05,33868,8,2,52,2025,6,19,51.022,35.0,51.9,19718.0,0
txn_0002409,card_0447,merchant_041,M,job_22,shopping_net,city_10,S12,32346,8,7,45,2025,7,15,35.568,37.0,102.89,69491.0,0
txn_0001112,card_0160,merchant_045,M,job_24,gas_transport,city_50,S02,25695,16,31,58,2025,7,30,43.727,66.0,13.11,27104.0,0
txn_0004160,card_0627,merchant_016,F,job_04,travel,city_23,S03,65179,1,22,59,2025,10,19,19.382,71.0,313.48,45815.0,0
txn_0004532,card_0309,merchant_059,F,job_30,travel,city_17,S12,91530,7,30,53,2025,4,13,17.201,40.0,128.91,23380.0,0
txn_0000354,card_0442,merchant_056,F,job_03,entertainment,city_27,S06,78374,15,24,30,2025,9,15,28.82,30.0,99.6,20868.0,0
txn_0007457,card_0632,merchant_145,F,job_29,health_fitness,city_09,S03,64461,20,13,19,2025,5,18,4.604,58.0,18.47,418861.0,0
txn_0006223,card_0053,merchant_210,F,job_13,misc_net,city_09,S09,56411,9,45,6,2025,1,19,22.901,18.0,161.57,21290.0,0
txn_0001455,card_0569,merchant_135,M,job_01,shopping_net,city_10,S14,70732,9,56,29,2025,9,12,45.24,55.0,61.01,27914.0,0
txn_0005332,card_0031,merchant_147,F,job_22,misc_net,city_57,S07,59121,6,52,8,2025,1,24,37.123,29.0,39.57,12460.0,0
txn_0003663,card_0456,merchant_116,F,job_11,personal_care,city_47,S11,86218,19,21,8,2025,1,9,56.677,48.0,27.8,19702.0,0
txn_0004338,card_0363,merchant_016,M,job_26,travel,city_54,S01,44037,4,46,41,2025,3,22,18.31,68.0,307.43,6117.0,0
txn_0006653,card_0049,merchant_110,M,job_08,health_fitness,city_09,S14,76375,20,50,1,2025,7,29,40.8,60.0,301.06,30920.0,0
txn_0007554,card_0588,merchant_060,M,job_03,entertainment,city_57,S02,13776,22,12,53,2025,3,22,52.542,36.0,35.94,336544.0,0
txn_0001736,card_0725,merchant_172,F,job_31,entertainment,city_19,S14,45345,15,45,23,2025,11,18,11.895,57.0,83.39,18848.0,0
txn_0007657,card_0461,merchant_120,F,job_02,health_fitness,city_59,S13,11964,9,31,29,2025,6,27,52.6,34.0,103.22,27265.0,0
txn_0001813,card_0108,merchant_189,F,job_23,shopping_pos,city_02,S11,54287,3,23,0,2025,2,26,31.906,62.0,260.63,67568.0,0
txn_0005019,card_0783,merchant_047,F,job_25,personal_care,city_39,S03,60747,19,33,37,2025,8,10,23.041,48.0,61.05,83766.0,0
txn_0004240,card_0302,merchant_191,F,job_31,shopping_pos,city_10,S13,55833,23,33,17,2025,1,13,7.681,58.0,312.23,11932.0,0
txn_0002503,card_0661,merchant_131,M,job_08,grocery_pos,city_12,S11,28190,17,23,21,2025,10,26,19.26,53.0,75.86,52020.0,0
txn_0004399,card_0280,merchant_069,F,job_19,shopping_pos,city_49,S10,87828,17,4,41,2025,10,4,91.548,69.0,125.87,30512.0,0
txn_0004730,card_0517,merchant_052,F,job_14,entertainment,city_26,S06,21782,13,37,0,2025,11,16,40.846,46.0,118.12,12072.0,0
txn_0007027,card_0084,merchant_120,M,job_18,health_fitness,city_37,S13,97798,2,31,39,2025,3,2,41.308,50.0,335.73,48537.0,0
txn_0004032,card_0484,merchant_215,F,job_12,entertainment,city_40,S09,55151,12,45,44,2025,8,11,2.81,23.0,75.34,33157.0,0
txn_0003903,card_0310,merchant_130,M,job_19,personal_care,city_16,S05,30935,0,45,11,2025,4,6,26.895,36.0,122.61,2710.0,0
txn_0000901,card_0745,merchant_083,F,job_09,food_dining,city_23,S10,55240,2,46,11,2025,3,14,41.107,47.0,164.09,2359.0,0
txn_0006037,card_0252,merchant_208,F,job_13,gas_transport,city_21,S14,19433,18,36,38,2025,10,14,4.891,52.0,147.38,55585.0,0
txn_0007590,card_0600,merchant_040,M,job_16,travel,city_00,S09,71059,5,57,22,2025,1,7,24.995,40.0,149.28,23145.0,0
txn_0006533,card_0807,merchant_025,F,job_29,travel,city_15,S12,26737,11,28,33,2025,1,13,14.576,59.0,275.66,8537.0,0
txn_0001927,card_0340,merchant_192,M,job_16,health_fitness,city_42,S05,59026,5,0,13,2025,8,31,15.558,51.0,83.46,176709.0,0
txn_0005891,card_0114,merchant_175,M,job_16,gas_transport,city_19,S02,75298,19,1,38,2025,4,9,11.933,51.0,107.68,67304.0,0
txn_0001779,card_0699,merchant_192,F,job_22,health_fitness,city_55,S10,18394,10,32,9,2025,4,15,3.232,55.0,98.66,23158.0,0
txn_0004236,card_0199,merchant_132,M,job_13,misc_net,city_16,S03,14944,5,59,5,2025,7,4,13.558,52.0,87.28,28326.0,0
txn_0006160,card_0367,merchant_062,F,job_11,shopping_net,city_50,S10,31752,9,51,45,2025,7,20,32.439,50.0,160.89,3656.0,0
txn_0003273,card_0674,merchant_066,M,job_04,shopping_pos,city_06,S10,12999,7,2,18,2025,2,25,14.492,46.0,475.34,72437.0,0
txn_0007270,card_0875,merchant_124,M,job_04,misc_net,city_35,S10,38814,22,17,43,2025,3,13,24.403,32.0,95.27,32732.0,0
txn_0001792,card_0680,merchant_056,M,job_09,entertainment,city_39,S12,53102,19,35,28,2025,6,3,39.574,48.0,65.22,35423.0,0
txn_0004434,card_0798,merchant_108,F,job_11,grocery_pos,city_58,S01,16283,3,17,19,2025,1,17,0.71,55.0,20.06,12881.0,0
txn_0006894,card_0317,merchant_055,M,job_23,grocery_pos,city_32,S03,86480,20,51,37,2025,3,3,16.141,64.0,61.73,62593.0,0
txn_0005300,card_0238,merchant_108,F,job_23,grocery_pos,city_59,S13,96370,22,9,15,2025,4,29,118.151,58.0,36.46,8275.0,0
txn_0000086,card_0743,merchant_213,F,job_19,gas_transport,city_22,S03,33163,6,8,34,2025,6,24,7.278,40.0,51.71,154889.0,0
txn_0000313,card_0125,merchant_103,M,job_01,gas_transport,city_07,S12,99124,13,12,13,2025,12,13,21.555,51.0,23.4,13467.0,0
txn_0002997,card_0735,merchant_022,M,job_17,grocery_pos,city_58,S09,48336,1,39,54,2025,5,7,279.203,18.0,62.27,32267.0,0
txn_0002889,card_0799,merchant_042,F,job_30,misc_net,city_23,S06,69662,21,13,46,2025,10,4,1.674,39.0,178.36,33559.0,0
txn_0005105,card_0214,merchant_111,M,job_06,travel,city_38,S06,44438,21,47,46,2025,1,16,18.795,60.0,557.27,72219.0,0
txn_0003400,card_0229,merchant_102,F,job_20,shopping_pos,city_20,S09,23503,0,17,35,2025,2,16,18.58,70.0,51.93,18746.0,0
txn_0001177,card_0074,merchant_027,M,job_04,misc_net,city_24,S08,68154,0,49,10,2025,12,22,67.222,46.0,158.88,52934.0,0
txn_0002114,card_0529,merchant_123,M,job_25,grocery_pos,city_08,S12,48128,8,33,16,2025,2,18,15.858,26.0,115.23,45743.0,0
txn_0006947,card_0829,merchant_114,F,job_03,travel,city_02,S01,93011,20,28,35,2025,6,17,14.039,48.0,213.93,11435.0,0
txn_0004282,card_0469,merchant_084,M,job_20,misc_net,city_58,S09,19025,21,28,24,2025,11,1,28.602,35.0,61.77,57003.0,0
txn_0001783,card_0106,merchant_095,M,job_27,food_dining,city_17,S04,24075,2,41,45,2025,7,31,16.973,71.0,77.26,39328.0,0
txn_0005129,card_0488,merchant_058,M,job_28,shopping_pos,city_56,S00,98478,22,29,31,2025,8,3,9.071,62.0,136.14,10942.0,0
txn_0003541,card_0241,merchant_024,M,job_10,shopping_pos,city_53,S14,54465,21,44,6,2025,2,20,9.204,52.0,1229.62,52267.0,0
txn_0001487,card_0854,merchant_196,F,job_20,shopping_pos,city_51,S06,65117,22,13,41,2025,2,12,4.926,38.0,85.72,24983.0,0
txn_0004843,card_0233,merchant_087,M,job_24,shopping_net,city_40,S06,69398,11,1,41,2025,11,24,428.57,45.0,1027.06,16359.0,1
txn_0007274,card_0455,merchant_051,M,job_15,misc_net,city_41,S12,44005,21,3,4,2025,9,3,11.376,36.0,59.11,18907.0,0
txn_0000524,card_0243,merchant_034,M,job_27,misc_net,city_44,S02,37024,15,15,2,2025,7,8,34.534,54.0,142.5,53217.0,1
txn_0004123,card_0864,merchant_002,M,job_18,food_dining,city_12,S11,50115,7,28,36,2025,10,10,45.81,40.0,33.5,19159.0,0
txn_0002823,card_0665,merchant_030,M,job_14,health_fitness,city_11,S11,99171,16,8,18,2025,10,9,123.846,26.0,50.58,78413.0,0
txn_0003522,card_0814,merchant_016,M,job_20,travel,city_06,S03,54188,20,43,22,2025,7,5,27.659,58.0,181.79,2600.0,0
txn_0000192,card_0770,merchant_027,M,job_24,misc_net,city_48,S03,60250,17,9,15,2025,12,24,21.323,58.0,12.46,24774.0,1
txn_0002561,card_0858,merchant_080,M,job_18,grocery_pos,city_40,S02,20484,14,58,48,2025,3,24,7.034,35.0,55.13,12979.0,0
txn_0007863,card_0857,merchant_192,F,job_19,health_fitness,city_16,S05,13487,5,13,54,2025,11,26,11.035,37.0,60.74,65071.0,0
txn_0005117,card_0045,merchant_058,M,job_03,shopping_pos,city_37,S06,57578,17,8,42,2025,1,6,12.169,35.0,141.66,35324.0,0
txn_0004397,card_0637,merchant_167,F,job_03,health_fitness,city_40,S00,19742,22,4,2,2025,7,3,6.924,47.0,129.63,114057.0,0
txn_0004915,card_0293,merchant_120,F,job_22,health_fitness,city_11,S12,28121,21,8,3,2025,7,1,18.295,33.0,78.82,8543.0,0
txn_0005020,card_0471,merchant_067,M,job_10,health_fitness,city_19,S14,80453,2,15,27,2025,7,13,34.376,64.0,627.32,53367.0,0
txn_0007881,card_0754,merchant_121,M,job_05,entertainment,city_58,S12,53497,7,26,36,2025,3,25,32.78,18.0,17.15,26676.0,0
txn_0007947,card_0706,merchant_005,F,job_04,shopping_pos,city_27,S05,76528,8,57,9,2025,10,14,21.529,60.0,110.44,10596.0,0
txn_0005058,card_0088,merchant_107,M,job_07,personal_care,city_03,S00,97011,6,56,21,2025,1,31,21.657,58.0,27.41,17029.0,0
txn_0004238,card_0718,merchant_123,F,job_03,grocery_pos,city_08,S01,86660,16,14,13,2025,3,30,0.748,30.0,54.9,115885.0,0
txn_0006747,card_0280,merchant_181,F,job_19,travel,city_49,S10,87828,23,13,36,2025,2,10,40.223,69.0,167.53,30512.0,0
txn_0007661,card_0232,merchant_033,F,job_25,food_dining,city_05,S02,82743,22,9,27,2025,1,14,16.493,30.0,29.57,3694.0,0
txn_0003933,card_0378,merchant_163,F,job_00,shopping_net,city_37,S03,58807,3,46,57,2025,10,5,47.594,62.0,68.79,75960.0,0
txn_0007184,card_0201,merchant_175,M,job_15,gas_transport,city_03,S12,62354,0,55,53,2025,11,14,42.118,58.0,38.58,191338.0,0
txn_0006422,card_0560,merchant_001,M,job_25,travel,city_38,S06,46288,21,5,16,2025,12,5,19.889,34.0,231.09,24708.0,0
txn_0001490,card_0883,merchant_215,F,job_30,entertainment,city_48,S04,15456,7,45,50,2025,10,31,15.196,37.0,62.08,6200.0,0
txn_0002249,card_0286,merchant_139,F,job_04,food_dining,city_43,S11,17488,2,55,40,2025,3,18,49.175,45.0,93.07,23779.0,0
txn_0004476,card_0767,merchant_060,F,job_21,entertainment,city_37,S03,22789,19,32,5,2025,12,10,242.521,34.0,82.8,128571.0,0
txn_0000156,card_0433,merchant_038,F,job_25,food_dining,city_08,S01,35166,15,45,36,2025,6,18,26.528,44.0,31.27,34611.0,0
txn_0000318,card_0013,merchant_088,M,job_31,grocery_pos,city_29,S07,16666,0,38,58,2025,10,8,14.191,69.0,49.66,53079.0,0
txn_0004200,card_0805,merchant_158,M,job_27,grocery_pos,city_45,S13,90524,12,1,42,2025,8,18,71.095,38.0,42.12,281058.0,0
txn_0002387,card_0646,merchant_094,F,job_21,gas_transport,city_46,S09,34565,23,8,41,2025,9,14,49.895,36.0,52.73,4597.0,0
txn_0003011,card_0614,merchant_149,M,job_07,misc_net,city_22,S06,71660,9,31,47,2025,11,3,36.067,44.0,178.55,11139.0,0
txn_0000699,card_0104,merchant_164,M,job_04,shopping_pos,city_19,S02,95001,7,1,52,2025,1,14,38.811,49.0,48.03,37383.0,0
txn_0000544,card_0145,merchant_099,M,job_04,shopping_net,city_07,S06,98704,0,27,30,2025,6,28,48.808,30.0,66.69,34097.0,0
txn_0007110,card_0706,merchant_170,F,job_04,grocery_pos,city_27,S05,76528,9,40,29,2025,9,1,29.869,60.0,10.6,10596.0,0
txn_0000170,card_0427,merchant_156,M,job_02,health_fitness,city_55,S13,49696,20,10,6,2025,1,18,24.838,65.0,183.39,6480.0,0
txn_0001623,card_0418,merchant_035,F,job_14,shopping_pos,city_17,S00,26837,5,19,11,2025,10,11,57.283,33.0,92.99,24651.0,0
txn_0000311,card_0099,merchant_214,F,job_16,travel,city_20,S05,78367,2,34,43,2025,8,5,22.621,40.0,339.18,16022.0,0
txn_0007488,card_0127,merchant_071,M,job_08,personal_care,city_07,S14,57409,23,51,5,2025,1,4,33.38,65.0,22.08,22863.0,0
txn_0003429,card_0808,merchant_163,F,job_07,shopping_net,city_31,S00,33457,19,17,37,2025,3,2,46.627,40.0,166.73,8599.0,0
txn_0004164,card_0509,merchant_032,F,job_09,travel,city_32,S03,39150,20,18,53,2025,7,14,5.811,42.0,62.34,23414.0,0
txn_0002077,card_0036,merchant_219,M,job_05,misc_net,city_56,S08,58644,7,25,17,2025,10,21,90.834,43.0,78.96,86316.0,0
txn_0007859,card_0186,merchant_202,F,job_25,shopping_pos,city_49,S13,25916,20,45,20,2025,3,6,45.078,21.0,82.34,6255.0,0
txn_0003927,card_0719,merchant_054,M,job_31,shopping_pos,city_59,S04,13821,20,8,38,2025,12,25,15.69,57.0,134.76,18028.0,0
txn_0000206,card_0063,merchant_041,M,job_06,shopping_net,city_22,S00,96597,17,9,18,2025,11,30,24.395,41.0,517.52,47888.0,0
txn_0001050,card_0597,merchant_203,M,job_24,travel,city_17,S13,21154,2,27,49,2025,9,13,7.942,40.0,333.06,20627.0,0
txn_0005316,card_0641,merchant_085,M,job_07,shopping_net,city_00,S04,34651,19,25,1,2025,2,9,44.841,59.0,106.88,11412.0,0
txn_0007175,card_0194,merchant_047,M,job_10,personal_care,city_45,S03,90259,14,55,27,2025,1,10,4.246,32.0,49.49,13589.0,0
txn_0007940,card_0238,merchant_176,F,job_23,travel,city_59,S13,96370,8,50,3,2025,11,5,12.419,58.0,412.86,8275.0,0
txn_0002491,card_0791,merchant_190,F,job_28,shopping_pos,city_22,S09,83430,22,39,32,2025,9,18,33.229,67.0,57.61,5922.0,0
txn_0006156,card_0701,merchant_138,M,job_23,entertainment,city_05,S13,69060,17,8,49,2025,11,14,44.051,24.0,32.82,11513.0,0
txn_0006081,card_0314,merchant_189,F,job_02,shopping_pos,city_44,S07,81040,1,8,45,2025,5,21,13.725,46.0,115.36,8056.0,0
txn_0007408,card_0717,merchant_184,F,job_16,gas_transport,city_31,S13,47275,17,28,17,2025,5,28,272.44,70.0,311.85,29241.0,0
txn_0005794,card_0860,merchant_003,M,job_12,health_fitness,city_26,S01,19229,6,45,39,2025,5,15,21.533,60.0,103.87,90177.0,0
txn_0002378,card_0475,merchant_171,M,job_30,food_dining,city_25,S08,12004,21,8,45,2025,11,28,63.245,49.0,130.77,3648.0,0
txn_0004372,card_0363,merchant_195,M,job_26,misc_net,city_54,S01,44037,18,10,31,2025,3,4,42.653,68.0,110.52,6117.0,0
txn_0002664,card_0466,merchant_024,F,job_09,shopping_pos,city_41,S11,86884,12,2,46,2025,12,21,40.397,38.0,268.48,49879.0,0
txn_0004499,card_0702,merchant_123,F,job_26,grocery_pos,city_45,S02,22007,8,48,37,2025,12,9,11.504,58.0,32.21,19523.0,0
txn_0005730,card_0005,merchant_086,M,job_22,entertainment,city_02,S04,22157,19,10,47,2025,1,8,9.767,40.0,29.48,25455.0,0
txn_0007103,card_0086,merchant_101,F,job_19,health_fitness,city_39,S04,19500,6,19,18,2025,5,22,0.857,54.0,149.45,9126.0,0
txn_0002919,card_0352,merchant_075,F,job_02,grocery_pos,city_51,S11,75539,18,25,24,2025,8,22,0.124,38.0,34.94,169544.0,0
txn_0004359,card_0199,merchant_110,M,job_13,health_fitness,city_16,S03,14944,13,44,56,2025,6,28,9.689,52.0,289.42,28326.0,0
txn_0007679,card_0086,merchant_177,F,job_19,gas_transport,city_39,S04,19500,13,17,28,2025,11,27,9.893,54.0,153.03,9126.0,0
txn_0007292,card_0513,merchant_151,M,job_25,shopping_net,city_03,S14,98023,14,22,4,2025,12,22,20.086,28.0,193.05,15315.0,0
txn_0005526,card_0306,merchant_071,F,job_16,personal_care,city_45,S08,74371,14,50,25,2025,8,19,86.174,65.0,38.38,49497.0,0
txn_0002019,card_0489,merchant_037,M,job_29,shopping_net,city_24,S12,98289,17,22,15,2025,4,16,500.928,18.0,1650.2,14087.0,1
txn_0004555,card_0225,merchant_163,F,job_26,shopping_net,city_28,S02,91350,13,45,14,2025,7,5,19.928,60.0,161.41,32335.0,0
txn_0000707,card_0708,merchant_051,F,job_07,misc_net,city_24,S09,82255,22,26,26,2025,1,16,8.771,27.0,246.25,22052.0,0
txn_0007313,card_0497,merchant_109,F,job_20,health_fitness,city_29,S12,23206,19,1,49,2025,1,5,9.371,46.0,101.13,13751.0,0
txn_0000660,card_0716,merchant_047,M,job_25,personal_care,city_41,S09,98095,5,31,10,2025,12,12,1.391,66.0,104.54,22861.0,0
txn_0002251,card_0652,merchant_196,F,job_17,shopping_pos,city_05,S01,98218,22,59,56,2025,7,15,29.549,63.0,99.43,20375.0,0
txn_0007217,card_0739,merchant_146,M,job_08,grocery_pos,city_29,S12,55225,1,59,14,2025,4,17,17.2,33.0,136.4,20546.0,0
txn_0003723,card_0447,merchant_078,M,job_22,travel,city_10,S12,32346,13,41,25,2025,4,13,670.566,37.0,2025.77,69491.0,1
txn_0002080,card_0139,merchant_002,F,job_26,food_dining,city_12,S14,84954,7,7,55,2025,9,9,3.074,56.0,19.65,7696.0,0
txn_0004818,card_0886,merchant_012,F,job_06,personal_care,city_14,S06,58904,4,58,32,2025,9,28,22.234,28.0,103.39,7911.0,0
txn_0007287,card_0590,merchant_016,M,job_08,travel,city_27,S06,48628,1,55,26,2025,7,18,35.945,65.0,935.02,49929.0,0
txn_0005506,card_0181,merchant_006,F,job_31,shopping_net,city_37,S03,30507,19,52,53,2025,1,7,6.994,55.0,109.53,52502.0,0
txn_0002279,card_0193,merchant_122,F,job_12,shopping_pos,city_38,S13,69027,16,48,3,2025,10,17,56.299,48.0,185.68,42360.0,0
txn_0003681,card_0898,merchant_163,F,job_15,shopping_net,city_07,S04,32002,2,36,35,2025,7,6,19.913,72.0,698.38,12713.0,1
txn_0006245,card_0817,merchant_053,F,job_12,travel,city_03,S13,24066,21,8,50,2025,9,20,18.723,59.0,369.25,12692.0,0
txn_0002352,card_0084,merchant_204,M,job_18,misc_net,city_37,S13,97798,22,18,38,2025,6,22,5.881,50.0,148.86,48537.0,0
txn_0006543,card_0760,merchant_055,F,job_19,grocery_pos,city_34,S06,10682,21,59,56,2025,8,13,70.026,26.0,79.5,7225.0,0
txn_0004994,card_0417,merchant_051,F,job_18,misc_net,city_59,S09,23741,8,26,44,2025,8,15,13.873,57.0,149.26,22923.0,0
txn_0003444,card_0858,merchant_058,M,job_18,shopping_pos,city_40,S02,20484,7,12,51,2025,7,14,47.043,35.0,117.16,12979.0,0
txn_0006592,card_0096,merchant_004,F,job_16,travel,city_34,S13,37725,4,1,18,2025,8,16,7.677,80.0,321.96,6622.0,0
txn_0003483,card_0213,merchant_167,F,job_09,health_fitness,city_55,S03,49856,10,3,16,2025,3,29,8.538,24.0,110.61,27951.0,0
txn_0000789,card_0833,merchant_124,F,job_27,misc_net,city_33,S14,20261,13,33,42,2025,6,2,21.728,49.0,79.39,73071.0,0
txn_0000986,card_0131,merchant_041,M,job_05,shopping_net,city_28,S11,87396,1,21,44,2025,7,16,7.198,22.0,112.6,110180.0,0
txn_0003520,card_0169,merchant_048,F,job_00,food_dining,city_09,S03,40019,10,35,32,2025,7,11,2.487,55.0,98.78,10738.0,0
txn_0003998,card_0336,merchant_166,M,job_00,shopping_net,city_32,S12,57145,22,52,40,2025,5,29,11.021,32.0,183.19,12691.0,0
txn_0005265,card_0387,merchant_125,M,job_07,gas_transport,city_15,S02,16411,7,20,39,2025,10,2,27.309,64.0,79.41,31746.0,0
txn_0000484,card_0319,merchant_188,M,job_14,personal_care,city_42,S11,65243,16,55,59,2025,3,17,34.627,20.0,39.03,83149.0,0
txn_0004766,card_0201,merchant_219,M,job_15,misc_net,city_03,S12,62354,6,18,28,2025,8,15,24.289,58.0,195.34,191338.0,0
txn_0007118,card_0107,merchant_141,M,job_16,gas_transport,city_09,S04,78047,11,57,18,2025,6,23,15.919,44.0,49.09,33539.0,0
txn_0004773,card_0287,merchant_165,M,job_19,shopping_net,city_39,S11,25899,10,29,55,2025,7,12,79.133,56.0,35.34,14756.0,0
txn_0006881,card_0162,merchant_109,F,job_04,health_fitness,city_08,S12,61812,17,47,16,2025,7,23,32.383,39.0,40.98,33878.0,0
txn_0006855,card_0169,merchant_197,F,job_00,travel,city_09,S03,40019,13,32,13,2025,8,17,69.204,55.0,262.67,10738.0,1
txn_0002906,card_0034,merchant_219,M,job_14,misc_net,city_24,S06,96482,7,7,40,2025,9,25,30.536,31.0,438.69,14379.0,0
txn_0001809,card_0812,merchant_138,M,job_28,entertainment,city_10,S01,40010,4,26,54,2025,7,7,50.666,38.0,183.64,15127.0,0
txn_0006480,card_0166,merchant_175,F,job_29,gas_transport,city_22,S04,71070,3,25,38,2025,12,6,2.039,60.0,39.78,1557.0,0
txn_0006771,card_0782,merchant_215,F,job_01,entertainment,city_17,S11,41792,12,4,22,2025,1,1,1.901,41.0,24.38,33648.0,0
txn_0000659,card_0005,merchant_182,M,job_22,entertainment,city_02,S04,22157,12,57,31,2025,9,4,26.404,40.0,113.03,25455.0,0
txn_0001626,card_0061,merchant_115,M,job_13,gas_transport,city_17,S06,52148,10,49,59,2025,6,17,16.343,33.0,202.0,42052.0,0
txn_0007049,card_0532,merchant_104,F,job_05,shopping_net,city_16,S10,75729,11,10,12,2025,10,1,5.689,68.0,114.05,12673.0,0
txn_0000996,card_0422,merchant_155,M,job_17,shopping_pos,city_01,S07,58810,1,41,41,2025,7,30,365.451,66.0,1149.31,17814.0,1
txn_0000316,card_0634,merchant_192,F,job_26,health_fitness,city_27,S01,33293,20,53,42,2025,11,28,8.643,51.0,114.74,26134.0,0
txn_0007346,card_0627,merchant_172,F,job_04,entertainment,city_23,S03,65179,10,38,5,2025,3,19,30.317,71.0,56.34,45815.0,0
txn_0007016,card_0166,merchant_198,F,job_29,food_dining,city_22,S04,71070,6,32,59,2025,7,21,21.621,60.0,107.07,1557.0,0
txn_0004074,card_0122,merchant_037,M,job_27,shopping_net,city_49,S01,77571,2,23,38,2025,9,12,18.989,60.0,51.09,4622.0,0
txn_0007729,card_0305,merchant_122,F,job_28,shopping_pos,city_16,S05,78670,1,13,20,2025,12,12,28.446,57.0,68.47,6991.0,0
txn_0001642,card_0381,merchant_081,M,job_23,shopping_net,city_14,S12,17956,3,52,56,2025,10,9,10.708,58.0,171.32,59240.0,0
txn_0001667,card_0761,merchant_134,M,job_19,misc_net,city_21,S14,80624,23,55,33,2025,2,8,25.075,44.0,121.75,49718.0,0
txn_0003758,card_0040,merchant_148,F,job_22,food_dining,city_25,S02,74929,5,30,17,2025,2,26,5.762,61.0,57.83,20146.0,0
txn_0006216,card_0601,merchant_086,M,job_08,entertainment,city_33,S03,77239,19,35,23,2025,11,10,57.476,58.0,114.62,9981.0,0
txn_0003810,card_0005,merchant_009,M,job_22,grocery_pos,city_02,S04,22157,2,1,53,2025,4,3,4.832,40.0,58.52,25455.0,0
txn_0007394,card_0084,merchant_079,M,job_18,gas_transport,city_37,S13,97798,16,4,18,2025,4,7,33.742,50.0,75.45,48537.0,0
txn_0006846,card_0839,merchant_203,M,job_06,travel,city_51,S12,38324,11,15,10,2025,3,17,45.147,43.0,89.14,106986.0,0
txn_0002936,card_0775,merchant_194,M,job_31,health_fitness,city_19,S03,62574,1,31,17,2025,3,14,24.434,48.0,45.66,36379.0,0
txn_0007550,card_0183,merchant_024,M,job_17,shopping_pos,city_45,S00,78339,11,45,21,2025,5,19,76.4,37.0,259.1,89726.0,0
txn_0001492,card_0674,merchant_055,M,job_04,grocery_pos,city_06,S10,12999,0,39,20,2025,7,19,2.332,46.0,52.2,72437.0,0
txn_0007388,card_0062,merchant_078,F,job_26,travel,city_50,S05,97129,14,43,10,2025,7,12,56.478,46.0,632.32,42395.0,0
txn_0006230,card_0829,merchant_153,F,job_03,grocery_pos,city_02,S01,93011,14,50,10,2025,10,8,57.193,48.0,209.28,11435.0,0
txn_0005339,card_0633,merchant_149,F,job_06,misc_net,city_18,S12,33811,15,29,48,2025,4,10,24.794,30.0,244.14,16734.0,0
txn_0006068,card_0518,merchant_034,F,job_27,misc_net,city_51,S14,28673,21,7,27,2025,1,17,13.833,59.0,59.76,34482.0,0
txn_0002605,card_0313,merchant_096,F,job_27,misc_net,city_54,S11,59528,15,11,58,2025,6,9,48.642,55.0,277.78,17016.0,0
txn_0000877,card_0610,merchant_216,M,job_10,entertainment,city_31,S07,23593,19,50,2,2025,7,29,16.473,35.0,56.66,38966.0,0
txn_0003128,card_0826,merchant_000,M,job_30,health_fitness,city_58,S01,33146,5,36,30,2025,4,19,80.852,54.0,213.08,53641.0,0
txn_0002994,card_0728,merchant_166,F,job_12,shopping_net,city_05,S11,14344,22,55,54,2025,2,12,18.435,25.0,212.94,30801.0,0
txn_0001129,card_0313,merchant_013,F,job_27,food_dining,city_54,S11,59528,4,39,43,2025,3,11,92.207,55.0,102.44,17016.0,0
txn_0000816,card_0075,merchant_058,F,job_07,shopping_pos,city_07,S04,48874,2,16,38,2025,7,28,27.789,18.0,130.31,4183.0,0
txn_0005064,card_0566,merchant_171,F,job_20,food_dining,city_20,S11,51610,2,30,18,2025,12,13,20.55,19.0,129.2,24577.0,0
txn_0002094,card_0363,merchant_011,M,job_26,gas_transport,city_54,S01,44037,13,12,54,2025,3,21,12.956,68.0,73.84,6117.0,0
txn_0004707,card_0665,merchant_161,M,job_14,shopping_pos,city_11,S11,99171,4,16,34,2025,8,9,30.939,26.0,458.18,78413.0,0
txn_0003117,card_0556,merchant_037,M,job_31,shopping_net,city_24,S02,73609,21,34,47,2025,5,12,25.504,53.0,163.83,19286.0,0
txn_0007693,card_0089,merchant_116,M,job_25,personal_care,city_26,S12,25062,5,12,41,2025,11,24,24.409,22.0,67.12,6235.0,0
txn_0002685,card_0066,merchant_071,M,job_19,personal_care,city_06,S05,63006,13,45,34,2025,1,29,60.753,53.0,67.85,10137.0,0
txn_0002749,card_0822,merchant_185,F,job_20,grocery_pos,city_06,S12,78759,23,46,48,2025,1,23,15.649,50.0,47.06,8090.0,0
txn_0004993,card_0173,merchant_060,M,job_16,entertainment,city_20,S03,21450,5,58,23,2025,11,3,19.962,66.0,40.87,16694.0,0
txn_0000095,card_0127,merchant_104,M,job_08,shopping_net,city_07,S14,57409,15,29,54,2025,6,25,22.571,65.0,155.52,22863.0,0
txn_0003323,card_0528,merchant_110,M,job_08,health_fitness,city_01,S11,59300,3,48,29,2025,5,15,46.932,70.0,138.42,83029.0,0
txn_0000322,card_0425,merchant_099,F,job_06,shopping_net,city_37,S13,22580,17,35,58,2025,1,4,30.561,42.0,301.71,116799.0,0
txn_0007357,card_0846,merchant_111,F,job_31,travel,city_34,S06,37694,22,21,37,2025,11,4,67.63,51.0,80.8,90032.0,0
txn_0003605,card_0785,merchant_128,M,job_16,travel,city_33,S00,74892,20,23,53,2025,9,9,14.566,38.0,465.76,25749.0,0
txn_0005533,card_0474,merchant_166,M,job_28,shopping_net,city_10,S14,39215,23,11,33,2025,12,30,67.454,41.0,288.04,13248.0,0
txn_0003666,card_0002,merchant_200,M,job_07,shopping_pos,city_27,S03,23960,9,50,43,2025,6,9,7.516,45.0,55.01,53166.0,0
txn_0004884,card_0445,merchant_181,M,job_31,travel,city_49,S08,11239,21,56,2,2025,11,21,12.635,42.0,547.83,12720.0,0
txn_0002887,card_0333,merchant_212,M,job_23,gas_transport,city_23,S01,75679,2,11,12,2025,3,6,7.91,46.0,24.87,27096.0,0
txn_0002641,card_0511,merchant_025,M,job_17,travel,city_04,S04,53181,3,16,57,2025,7,24,35.484,54.0,1329.9,11322.0,0
txn_0004593,card_0015,merchant_176,M,job_14,travel,city_06,S06,50215,6,17,50,2025,7,31,16.442,44.0,349.24,51473.0,0
txn_0004969,card_0731,merchant_065,F,job_28,health_fitness,city_48,S11,34330,22,33,59,2025,9,15,2.908,56.0,43.68,207616.0,0
txn_0002463,card_0848,merchant_188,M,job_25,personal_care,city_56,S04,59594,5,33,52,2025,6,9,52.273,56.0,96.19,23030.0,0
txn_0005930,card_0769,merchant_150,F,job_23,gas_transport,city_55,S12,57380,11,53,26,2025,7,11,53.602,44.0,114.84,42739.0,0
txn_0005927,card_0158,merchant_218,M,job_13,misc_net,city_39,S10,17252,14,35,26,2025,9,7,4.291,61.0,485.38,10132.0,0
txn_0002995,card_0019,merchant_155,F,job_20,shopping_pos,city_17,S02,17803,11,23,29,2025,2,7,51.9,23.0,70.89,6983.0,0
txn_0007478,card_0272,merchant_076,F,job_12,entertainment,city_24,S08,87824,9,34,39,2025,5,12,14.119,49.0,64.32,5557.0,0
txn_0000509,card_0131,merchant_181,M,job_05,travel,city_28,S11,87396,23,28,5,2025,4,20,56.786,22.0,177.29,110180.0,0
txn_0000860,card_0196,merchant_001,F,job_26,travel,city_33,S09,71851,5,8,37,2025,1,4,53.623,38.0,61.34,37882.0,0
txn_0002975,card_0100,merchant_203,M,job_25,travel,city_32,S11,23772,21,3,18,2025,10,27,7.73,37.0,475.94,13716.0,0
txn_0004456,card_0675,merchant_134,M,job_10,misc_net,city_25,S07,79653,21,28,21,2025,6,27,11.236,18.0,109.8,9544.0,0
txn_0006354,card_0201,merchant_160,M,job_15,travel,city_03,S12,62354,14,56,34,2025,10,4,35.251,58.0,297.34,191338.0,0
txn_0003225,card_0626,merchant_053,F,job_10,travel,city_09,S02,50444,4,6,43,2025,10,2,8.608,70.0,952.23,30591.0,0
txn_0006282,card_0672,merchant_062,M,job_23,shopping_net,city_24,S04,93996,15,45,49,2025,7,22,12.859,29.0,244.6,37063.0,0
txn_0005768,card_0556,merchant_030,M,job_31,health_fitness,city_24,S02,73609,8,55,44,2025,12,31,11.115,53.0,88.42,19286.0,0
txn_0007946,card_0762,merchant_111,M,job_05,travel,city_40,S13,54713,3,1,51,2025,9,27,24.113,48.0,305.68,7452.0,0
txn_0000800,card_0170,merchant_146,F,job_21,grocery_pos,city_49,S04,48166,15,38,58,2025,9,21,45.871,29.0,22.82,71786.0,0
txn_0004980,card_0735,merchant_062,M,job_17,shopping_net,city_58,S09,48336,15,25,52,2025,2,9,21.819,18.0,32.54,32267.0,0
txn_0007785,card_0014,merchant_095,M,job_18,food_dining,city_53,S07,77614,22,6,8,2025,12,25,4.73,32.0,99.53,32445.0,0
txn_0006848,card_0571,merchant_046,F,job_22,entertainment,city_49,S06,33712,10,41,52,2025,7,20,14.916,52.0,137.67,41221.0,0
txn_0007477,card_0525,merchant_145,F,job_26,health_fitness,city_49,S11,55365,10,46,28,2025,2,5,25.739,39.0,106.25,183893.0,0
txn_0000242,card_0733,merchant_109,M,job_28,health_fitness,city_10,S05,90435,13,25,0,2025,3,6,26.355,59.0,64.28,11217.0,0
txn_0007232,card_0373,merchant_156,F,job_21,health_fitness,city_45,S11,33210,7,49,1,2025,9,26,18.903,47.0,188.0,42211.0,0
txn_0001740,card_0569,merchant_036,M,job_01,entertainment,city_10,S14,70732,16,36,48,2025,8,9,28.937,55.0,70.44,27914.0,0
txn_0000527,card_0330,merchant_112,M,job_26,personal_care,city_43,S10,73796,0,55,34,2025,10,16,12.986,60.0,153.36,4890.0,0
txn_0007689,card_0584,merchant_179,F,job_13,shopping_pos,city_11,S06,15013,11,20,33,2025,7,5,18.849,49.0,90.27,8517.0,0
txn_0001521,card_0448,merchant_174,M,job_23,entertainment,city_09,S14,40221,8,14,5,2025,1,13,20.126,48.0,43.25,11375.0,0
txn_0007758,card_0795,merchant_168,F,job_21,entertainment,city_09,S07,56101,12,14,59,2025,5,2,7.823,33.0,11.51,4922.0,0
txn_0005325,card_0312,merchant_078,F,job_14,travel,city_54,S00,27228,10,27,38,2025,11,28,19.417,47.0,320.03,27706.0,0
txn_0006052,card_0157,merchant_149,M,job_24,misc_net,city_31,S11,59254,15,17,18,2025,8,23,8.985,49.0,44.47,126033.0,0
txn_0007927,card_0037,merchant_035,M,job_04,shopping_pos,city_18,S02,54926,0,36,17,2025,2,9,7.014,43.0,403.49,70664.0,0
txn_0006897,card_0271,merchant_171,F,job_20,food_dining,city_38,S00,19251,2,0,36,2025,1,1,16.013,38.0,39.1,5238.0,0
txn_0006935,card_0415,merchant_060,M,job_09,entertainment,city_23,S07,22747,17,55,19,2025,4,29,40.769,34.0,164.65,17953.0,0
txn_0003359,card_0566,merchant_160,F,job_20,travel,city_20,S11,51610,22,48,7,2025,8,19,54.622,19.0,226.7,24577.0,0
txn_0005871,card_0708,merchant_169,F,job_07,travel,city_24,S09,82255,20,56,9,2025,12,31,64.282,27.0,198.9,22052.0,0
txn_0001997,card_0311,merchant_077,M,job_25,food_dining,city_40,S07,97362,17,40,41,2025,11,20,49.942,68.0,10.59,3221.0,0
txn_0004136,card_0468,merchant_011,F,job_30,gas_transport,city_07,S12,76421,7,58,29,2025,10,1,15.147,44.0,160.35,39760.0,0
txn_0000822,card_0688,merchant_175,F,job_27,gas_transport,city_31,S04,78790,12,25,8,2025,9,6,17.109,38.0,36.96,144528.0,0
txn_0005565,card_0800,merchant_215,F,job_08,entertainment,city_51,S00,44111,19,59,33,2025,8,18,2.556,61.0,150.7,46273.0,0
txn_0002738,card_0374,merchant_009,M,job_24,grocery_pos,city_13,S08,18552,2,58,30,2025,1,24,42.58,43.0,30.59,6574.0,0
txn_0004414,card_0853,merchant_177,F,job_12,gas_transport,city_22,S10,73473,12,41,18,2025,3,19,32.15,43.0,73.28,16192.0,0
txn_0004227,card_0488,merchant_066,M,job_28,shopping_pos,city_56,S00,98478,18,30,41,2025,11,10,44.094,62.0,22.56,10942.0,0
txn_0007468,card_0464,merchant_028,F,job_17,travel,city_06,S01,78084,10,6,24,2025,1,3,7.873,38.0,465.59,96885.0,0
txn_0004255,card_0603,merchant_179,F,job_10,shopping_pos,city_33,S04,21767,5,19,2,2025,11,7,24.81,30.0,145.39,11146.0,0
txn_0007235,card_0218,merchant_028,F,job_23,travel,city_43,S12,66407,22,57,5,2025,2,16,10.646,53.0,58.37,75756.0,0
txn_0004888,card_0816,merchant_212,F,job_20,gas_transport,city_59,S02,52389,17,24,56,2025,7,21,39.856,35.0,27.24,17741.0,0
txn_0007124,card_0429,merchant_016,M,job_10,travel,city_58,S11,47291,12,23,43,2025,2,17,53.523,43.0,376.91,21760.0,0
txn_0002351,card_0795,merchant_033,F,job_21,food_dining,city_09,S07,56101,15,28,4,2025,1,22,51.389,33.0,42.93,4922.0,0
txn_0002018,card_0309,merchant_047,F,job_30,personal_care,city_17,S12,91530,8,56,5,2025,10,27,102.795,40.0,25.17,23380.0,0
txn_0005136,card_0295,merchant_055,M,job_20,grocery_pos,city_46,S09,93660,5,40,49,2025,9,5,21.381,75.0,15.32,44404.0,0
txn_0000230,card_0654,merchant_051,M,job_14,misc_net,city_49,S14,40751,8,57,13,2025,8,16,26.278,32.0,209.28,19391.0,0
txn_0002017,card_0807,merchant_105,F,job_29,shopping_net,city_15,S12,26737,6,33,9,2025,1,22,20.867,59.0,130.12,8537.0,0
txn_0004573,card_0637,merchant_147,F,job_03,misc_net,city_40,S00,19742,12,35,14,2025,3,21,859.776,47.0,541.78,114057.0,1
txn_0004501,card_0836,merchant_124,M,job_16,misc_net,city_20,S00,68931,18,15,0,2025,7,8,37.613,46.0,350.34,80800.0,1
txn_0006618,card_0368,merchant_131,F,job_30,grocery_pos,city_56,S02,63084,17,52,47,2025,8,28,31.098,19.0,24.06,100818.0,0
txn_0002361,card_0831,merchant_131,F,job_28,grocery_pos,city_40,S01,17898,5,55,48,2025,2,4,26.653,52.0,81.91,51806.0,0
txn_0002574,card_0748,merchant_188,F,job_31,personal_care,city_28,S09,79009,3,10,14,2025,12,2,34.018,54.0,56.0,57894.0,0
txn_0001279,card_0077,merchant_057,F,job_18,travel,city_53,S13,79231,13,8,40,2025,11,30,14.329,70.0,448.86,29060.0,0
txn_0004651,card_0554,merchant_165,M,job_18,shopping_net,city_18,S03,30408,1,43,34,2025,1,6,62.893,59.0,253.97,45401.0,1
txn_0006806,card_0098,merchant_071,M,job_30,personal_care,city_44,S10,36062,23,38,48,2025,5,5,52.332,37.0,79.6,67830.0,0
txn_0001360,card_0895,merchant_209,M,job_06,shopping_pos,city_22,S04,66425,15,29,45,2025,9,21,325.414,28.0,120.67,12348.0,0
txn_0007615,card_0840,merchant_128,F,job_13,travel,city_14,S11,39359,9,14,10,2025,7,11,223.695,62.0,824.32,27315.0,0
txn_0003686,card_0293,merchant_172,F,job_22,entertainment,city_11,S12,28121,16,13,10,2025,1,26,6.285,33.0,43.09,8543.0,0
txn_0004208,card_0359,merchant_003,M,job_25,health_fitness,city_20,S04,29371,7,23,31,2025,2,10,92.325,65.0,25.47,52692.0,0
txn_0003814,card_0864,merchant_124,M,job_18,misc_net,city_12,S11,50115,3,5,39,2025,4,20,15.312,40.0,190.98,19159.0,0
txn_0002225,card_0148,merchant_100,M,job_21,health_fitness,city_00,S04,92737,20,52,13,2025,9,13,4.397,65.0,56.16,58241.0,0
txn_0005132,card_0568,merchant_122,M,job_24,shopping_pos,city_09,S02,55625,16,46,12,2025,6,23,43.294,56.0,79.34,4297.0,0
txn_0001758,card_0841,merchant_064,M,job_23,shopping_net,city_29,S08,41964,1,59,3,2025,11,28,84.414,42.0,198.47,17956.0,0
txn_0005174,card_0727,merchant_143,F,job_18,travel,city_56,S13,48258,0,25,3,2025,4,19,8.725,48.0,207.18,30669.0,0
txn_0004922,card_0059,merchant_021,M,job_13,shopping_pos,city_44,S06,54415,8,50,22,2025,5,4,12.279,52.0,85.65,12110.0,0
txn_0007845,card_0828,merchant_010,M,job_14,health_fitness,city_36,S02,79377,17,23,36,2025,6,6,3.213,32.0,62.6,5801.0,0
txn_0004452,card_0663,merchant_173,F,job_29,misc_net,city_35,S12,78097,15,17,46,2025,3,21,1.676,87.0,303.88,43929.0,0
txn_0004500,card_0206,merchant_050,M,job_07,gas_transport,city_26,S09,19234,6,37,24,2025,5,30,270.403,48.0,751.56,39523.0,0
txn_0003015,card_0518,merchant_097,F,job_27,entertainment,city_51,S14,28673,17,29,52,2025,8,7,2.525,59.0,82.92,34482.0,0
txn_0007066,card_0796,merchant_147,M,job_15,misc_net,city_30,S01,36539,11,26,5,2025,4,30,31.09,27.0,86.37,6197.0,0
txn_0002850,card_0051,merchant_148,F,job_09,food_dining,city_15,S01,16466,0,56,12,2025,7,20,7.497,43.0,118.82,9808.0,0
txn_0004451,card_0347,merchant_045,M,job_14,gas_transport,city_56,S11,43208,18,22,36,2025,12,26,17.953,72.0,48.91,64770.0,0
txn_0001070,card_0059,merchant_132,M,job_13,misc_net,city_44,S06,54415,19,4,16,2025,10,17,10.652,52.0,112.68,12110.0,0
txn_0007277,card_0215,merchant_013,F,job_15,food_dining,city_19,S06,16461,20,43,35,2025,1,18,86.148,63.0,38.51,57708.0,0
txn_0004630,card_0798,merchant_060,F,job_11,entertainment,city_58,S01,16283,0,33,17,2025,1,2,21.004,55.0,104.52,12881.0,0
txn_0006183,card_0066,merchant_103,M,job_19,gas_transport,city_06,S05,63006,4,7,50,2025,5,29,38.468,53.0,49.49,10137.0,0
txn_0002671,card_0722,merchant_094,M,job_29,gas_transport,city_12,S09,51633,1,9,44,2025,1,23,32.358,26.0,16.28,22839.0,0
txn_0002290,card_0481,merchant_021,M,job_09,shopping_pos,city_21,S02,35632,19,7,13,2025,5,6,24.347,41.0,46.99,189955.0,0
txn_0004918,card_0244,merchant_217,M,job_10,personal_care,city_16,S12,92885,5,25,46,2025,9,24,62.868,55.0,60.84,5607.0,0
txn_0006731,card_0076,merchant_038,F,job_03,food_dining,city_13,S07,42983,15,58,35,2025,12,22,23.509,26.0,67.55,57704.0,0
txn_0004035,card_0362,merchant_019,F,job_14,food_dining,city_24,S05,69100,19,55,15,2025,7,28,733.441,63.0,35.11,6535.0,0
txn_0004867,card_0623,merchant_100,F,job_04,health_fitness,city_49,S09,57991,21,19,3,2025,7,3,117.841,30.0,16.65,60550.0,0
txn_0006898,card_0091,merchant_197,M,job_17,travel,city_14,S02,66396,11,54,49,2025,9,7,29.14,60.0,150.66,10702.0,0
txn_0002044,card_0899,merchant_118,M,job_16,grocery_pos,city_07,S09,41084,17,44,56,2025,3,23,12.79,52.0,259.41,6951.0,0
txn_0007319,card_0388,merchant_204,M,job_03,misc_net,city_27,S03,47363,21,30,28,2025,2,14,87.092,48.0,52.81,26622.0,0
txn_0006085,card_0673,merchant_150,F,job_26,gas_transport,city_12,S07,38312,9,44,35,2025,6,30,365.592,18.0,382.3,42028.0,0
txn_0000723,card_0423,merchant_211,M,job_28,misc_net,city_25,S09,35793,5,43,17,2025,7,20,21.706,47.0,173.59,4986.0,0
txn_0000919,card_0567,merchant_034,F,job_12,misc_net,city_10,S10,26318,12,49,12,2025,10,26,55.565,69.0,520.97,8099.0,0
txn_0005424,card_0307,merchant_143,M,job_23,travel,city_08,S06,97317,23,9,7,2025,4,2,64.439,49.0,389.34,129459.0,0
txn_0001003,card_0798,merchant_054,F,job_11,shopping_pos,city_58,S01,16283,6,12,49,2025,10,29,14.321,55.0,139.91,12881.0,0
txn_0000922,card_0000,merchant_138,F,job_00,entertainment,city_03,S13,50073,21,42,53,2025,3,15,29.842,36.0,56.84,8813.0,0
txn_0000014,card_0633,merchant_042,F,job_06,misc_net,city_18,S12,33811,22,11,59,2025,12,12,18.947,30.0,276.83,16734.0,1
txn_0006945,card_0214,merchant_075,M,job_06,grocery_pos,city_38,S06,44438,7,14,13,2025,10,2,24.272,60.0,21.36,72219.0,0
txn_0003907,card_0109,merchant_115,M,job_16,gas_transport,city_56,S02,86474,21,28,45,2025,1,31,9.051,48.0,93.4,14068.0,0
txn_0007129,card_0404,merchant_061,F,job_19,shopping_pos,city_27,S10,82085,3,13,14,2025,12,20,65.811,61.0,92.55,28610.0,0
txn_0005056,card_0164,merchant_080,F,job_24,grocery_pos,city_49,S01,47129,19,26,1,2025,9,29,6.07,79.0,81.77,14906.0,0
txn_0004833,card_0888,merchant_044,F,job_15,entertainment,city_38,S09,69812,17,35,0,2025,1,10,19.507,46.0,53.58,80550.0,0
txn_0001476,card_0799,merchant_056,F,job_30,entertainment,city_23,S06,69662,8,35,58,2025,12,10,23.641,39.0,88.47,33559.0,0
txn_0005976,card_0363,merchant_151,M,job_26,shopping_net,city_54,S01,44037,9,35,23,2025,11,20,9.622,68.0,279.74,6117.0,0
txn_0001004,card_0302,merchant_212,F,job_31,gas_transport,city_10,S13,55833,6,9,47,2025,7,4,12.968,58.0,61.39,11932.0,0
txn_0006000,card_0798,merchant_070,F,job_11,misc_net,city_58,S01,16283,19,29,16,2025,7,12,19.7,55.0,358.06,12881.0,0
txn_0004004,card_0682,merchant_059,M,job_16,travel,city_10,S14,25284,4,37,43,2025,5,11,35.647,55.0,958.52,9459.0,0
txn_0006049,card_0546,merchant_094,F,job_30,gas_transport,city_19,S11,47216,2,23,18,2025,2,7,33.536,59.0,50.85,101022.0,0
txn_0000880,card_0672,merchant_029,M,job_23,entertainment,city_24,S04,93996,11,13,49,2025,6,20,7.218,29.0,122.4,37063.0,0
txn_0002636,card_0456,merchant_101,F,job_11,health_fitness,city_47,S11,86218,14,49,44,2025,1,15,6.355,48.0,90.77,19702.0,0
txn_0004054,card_0299,merchant_029,F,job_19,entertainment,city_14,S09,93245,22,27,22,2025,10,21,52.581,61.0,35.99,14849.0,0
txn_0005130,card_0307,merchant_071,M,job_23,personal_care,city_08,S06,97317,1,45,18,2025,4,29,5.996,49.0,35.88,129459.0,0
txn_0000402,card_0493,merchant_098,M,job_23,grocery_pos,city_44,S02,50043,20,12,55,2025,3,5,5.688,39.0,36.21,38107.0,0
txn_0005045,card_0335,merchant_037,M,job_11,shopping_net,city_41,S14,86407,1,27,5,2025,6,30,29.103,59.0,34.79,41200.0,0
txn_0005509,card_0873,merchant_085,F,job_12,shopping_net,city_11,S04,22282,15,12,18,2025,4,12,16.565,55.0,38.15,133358.0,0
txn_0005896,card_0079,merchant_218,M,job_18,misc_net,city_06,S00,76011,3,34,6,2025,7,13,14.471,18.0,178.46,35597.0,0
txn_0003962,card_0194,merchant_126,M,job_10,personal_care,city_45,S03,90259,0,5,51,2025,3,26,25.469,32.0,47.44,13589.0,0
txn_0007131,card_0250,merchant_168,F,job_11,entertainment,city_10,S00,76040,17,16,6,2025,6,18,9.757,37.0,302.97,25976.0,0
txn_0007475,card_0691,merchant_151,M,job_11,shopping_net,city_15,S07,93630,21,46,27,2025,11,30,2.922,50.0,193.25,114545.0,0
txn_0004098,card_0786,merchant_134,F,job_13,misc_net,city_22,S05,33420,19,42,33,2025,1,14,22.116,47.0,318.48,9126.0,0
txn_0005587,card_0456,merchant_164,F,job_11,shopping_pos,city_47,S11,86218,17,4,26,2025,8,23,31.313,48.0,118.09,19702.0,0
txn_0004670,card_0471,merchant_126,M,job_10,personal_care,city_19,S14,80453,14,16,13,2025,5,27,6.145,64.0,24.77,53367.0,0
txn_0005052,card_0178,merchant_149,M,job_13,misc_net,city_03,S13,98684,5,16,59,2025,12,8,17.656,45.0,83.81,11313.0,0
txn_0001154,card_0099,merchant_093,F,job_16,personal_care,city_20,S05,78367,21,58,42,2025,6,2,96.316,40.0,303.92,16022.0,0
txn_0002184,card_0314,merchant_100,F,job_02,health_fitness,city_44,S07,81040,4,8,45,2025,11,13,45.574,46.0,100.31,8056.0,0
txn_0007723,card_0765,merchant_022,M,job_12,grocery_pos,city_25,S11,85431,8,37,3,2025,2,20,65.683,22.0,30.59,8164.0,0
txn_0002733,card_0883,merchant_051,F,job_30,misc_net,city_48,S04,15456,7,57,34,2025,8,23,30.732,37.0,282.24,6200.0,0
txn_0006625,card_0230,merchant_055,F,job_13,grocery_pos,city_33,S02,90762,20,17,35,2025,3,23,52.597,23.0,84.43,24810.0,0
txn_0004700,card_0166,merchant_053,F,job_29,travel,city_22,S04,71070,21,20,19,2025,8,29,7.149,60.0,177.37,1557.0,0
txn_0002690,card_0417,merchant_180,F,job_18,health_fitness,city_59,S09,23741,0,12,27,2025,10,15,46.819,57.0,80.82,22923.0,1
txn_0004364,card_0803,merchant_185,M,job_06,grocery_pos,city_33,S03,94333,10,58,40,2025,2,21,21.763,22.0,35.65,19321.0,0
txn_0004870,card_0580,merchant_203,F,job_04,travel,city_10,S01,68777,8,4,25,2025,3,21,101.122,65.0,937.22,12923.0,0
txn_0002314,card_0305,merchant_164,F,job_28,shopping_pos,city_16,S05,78670,0,50,56,2025,7,1,9.269,57.0,85.41,6991.0,0
txn_0006469,card_0308,merchant_176,F,job_09,travel,city_16,S09,27657,19,16,22,2025,7,31,50.157,57.0,148.18,39872.0,0
txn_0003367,card_0292,merchant_059,M,job_05,travel,city_48,S02,49238,5,18,54,2025,11,26,4.375,55.0,278.16,10985.0,0
txn_0005829,card_0260,merchant_201,M,job_18,gas_transport,city_53,S13,58934,15,5,17,2025,7,17,36.363,26.0,48.06,23019.0,0
txn_0005634,card_0705,merchant_176,M,job_28,travel,city_06,S05,79316,4,34,4,2025,10,7,16.677,45.0,255.47,1763.0,0
txn_0000754,card_0657,merchant_189,M,job_24,shopping_pos,city_56,S13,18075,16,24,22,2025,6,18,51.409,46.0,52.84,6824.0,0
txn_0001782,card_0369,merchant_054,M,job_01,shopping_pos,city_58,S01,65678,12,9,31,2025,7,11,13.273,51.0,179.03,62094.0,0
txn_0006598,card_0504,merchant_207,F,job_05,food_dining,city_54,S04,17005,12,20,56,2025,3,22,596.697,47.0,564.64,26112.0,1
txn_0003045,card_0604,merchant_139,M,job_19,food_dining,city_23,S01,36700,18,6,34,2025,3,19,17.037,32.0,14.77,41042.0,0
txn_0002455,card_0293,merchant_109,F,job_22,health_fitness,city_11,S12,28121,6,12,55,2025,10,3,45.704,33.0,168.06,8543.0,0
txn_0005599,card_0759,merchant_027,M,job_08,misc_net,city_35,S05,97278,20,33,40,2025,7,26,28.802,71.0,64.24,36128.0,0
txn_0001937,card_0142,merchant_079,F,job_13,gas_transport,city_52,S11,94480,23,49,13,2025,9,2,29.108,18.0,96.84,31557.0,0
txn_0001356,card_0408,merchant_109,M,job_13,health_fitness,city_14,S13,27071,6,3,16,2025,8,28,4.069,56.0,27.42,42019.0,0
txn_0003157,card_0634,merchant_055,F,job_26,grocery_pos,city_27,S01,33293,2,48,41,2025,2,24,38.369,51.0,61.99,26134.0,0
txn_0002397,card_0861,merchant_082,M,job_13,gas_transport,city_46,S02,40511,9,36,53,2025,12,9,46.586,47.0,20.14,92991.0,0
txn_0003661,card_0266,merchant_010,F,job_00,health_fitness,city_43,S03,56983,20,8,22,2025,1,30,32.778,38.0,68.84,25085.0,0
txn_0004798,card_0625,merchant_077,F,job_01,food_dining,city_33,S11,26011,6,28,22,2025,3,16,10.848,42.0,10.86,97440.0,0
txn_0001113,card_0853,merchant_023,F,job_12,food_dining,city_22,S10,73473,21,45,37,2025,4,6,9.614,43.0,45.02,16192.0,0
txn_0002146,card_0060,merchant_079,M,job_04,gas_transport,city_44,S02,60164,0,33,0,2025,6,19,12.466,18.0,152.72,23120.0,0
txn_0006783,card_0849,merchant_032,M,job_23,travel,city_19,S09,90852,1,21,36,2025,6,28,10.768,64.0,652.64,23386.0,1
txn_0000264,card_0081,merchant_114,F,job_22,travel,city_15,S14,12893,11,32,9,2025,4,26,17.648,44.0,1672.42,5442.0,0
txn_0005717,card_0261,merchant_134,F,job_15,misc_net,city_33,S06,67960,17,32,2,2025,8,27,16.337,26.0,226.31,2542.0,0
txn_0002741,card_0275,merchant_209,F,job_10,shopping_pos,city_24,S07,64305,16,0,17,2025,4,13,76.654,45.0,111.0,13250.0,0
txn_0003624,card_0003,merchant_146,F,job_28,grocery_pos,city_15,S12,66118,17,28,8,2025,2,7,6.343,52.0,247.01,69748.0,0
txn_0005080,card_0322,merchant_175,M,job_30,gas_transport,city_34,S05,53289,16,4,7,2025,7,4,8.283,41.0,31.56,70567.0,0
txn_0006227,card_0737,merchant_164,F,job_19,shopping_pos,city_29,S09,39502,18,58,56,2025,3,22,44.334,64.0,36.97,21204.0,0
txn_0007527,card_0173,merchant_183,M,job_16,food_dining,city_20,S03,21450,7,10,53,2025,3,12,12.263,66.0,21.45,16694.0,0
txn_0000614,card_0844,merchant_160,F,job_06,travel,city_27,S00,76367,21,28,33,2025,3,15,14.699,47.0,289.24,83872.0,0
txn_0003959,card_0491,merchant_033,M,job_16,food_dining,city_19,S10,13811,7,11,3,2025,5,8,23.321,30.0,126.95,93650.0,0
txn_0007563,card_0061,merchant_162,M,job_13,health_fitness,city_17,S06,52148,7,51,49,2025,9,16,117.953,33.0,79.57,42052.0,0
txn_0000105,card_0016,merchant_071,M,job_17,personal_care,city_14,S06,14630,8,21,39,2025,4,8,27.186,44.0,28.74,12497.0,0
txn_0004018,card_0181,merchant_197,F,job_31,travel,city_37,S03,30507,3,10,3,2025,10,24,51.143,55.0,66.48,52502.0,0
txn_0001161,card_0212,merchant_016,M,job_06,travel,city_09,S07,70737,21,13,11,2025,3,2,9.951,20.0,99.12,20452.0,0
txn_0003050,card_0679,merchant_011,M,job_19,gas_transport,city_08,S05,85983,23,38,36,2025,11,12,10.216,50.0,95.81,3693.0,0
txn_0000949,card_0062,merchant_020,F,job_26,food_dining,city_50,S05,97129,17,36,29,2025,6,30,26.116,46.0,41.97,42395.0,0
txn_0007644,card_0384,merchant_209,F,job_12,shopping_pos,city_38,S05,87187,7,46,37,2025,12,2,7.322,50.0,14.25,58357.0,0
txn_0000790,card_0502,merchant_064,M,job_09,shopping_net,city_34,S11,27106,17,12,25,2025,12,8,17.655,56.0,398.05,6066.0,0
txn_0000772,card_0652,merchant_131,F,job_17,grocery_pos,city_05,S01,98218,4,3,28,2025,9,18,66.798,63.0,70.95,20375.0,0
txn_0004977,card_0864,merchant_071,M,job_18,personal_care,city_12,S11,50115,22,39,25,2025,3,14,15.261,40.0,28.85,19159.0,0
txn_0000902,card_0378,merchant_216,F,job_00,entertainment,city_37,S03,58807,12,21,32,2025,7,27,68.958,62.0,61.18,75960.0,0
txn_0001379,card_0046,merchant_118,F,job_31,grocery_pos,city_24,S03,67783,10,50,45,2025,4,27,16.573,22.0,12.13,56141.0,0
txn_0004623,card_0015,merchant_206,M,job_14,grocery_pos,city_06,S06,50215,21,46,31,2025,7,18,13.773,44.0,20.98,51473.0,0
txn_0002569,card_0132,merchant_171,F,job_23,food_dining,city_50,S04,46177,12,39,5,2025,11,19,17.463,48.0,68.37,8306.0,0
txn_0000028,card_0784,merchant_089,F,job_11,health_fitness,city_21,S06,44495,5,29,47,2025,10,9,3.365,26.0,69.04,11434.0,0
txn_0007202,card_0761,merchant_078,M,job_19,travel,city_21,S14,80624,7,35,31,2025,4,1,12.686,44.0,217.84,49718.0,0
txn_0005037,card_0155,merchant_151,M,job_31,shopping_net,city_24,S01,38876,23,40,8,2025,6,2,9.891,18.0,344.27,34269.0,0
txn_0003906,card_0782,merchant_219,F,job_01,misc_net,city_17,S11,41792,7,56,41,2025,10,26,30.038,41.0,30.12,33648.0,0
txn_0006264,card_0041,merchant_190,M,job_12,shopping_pos,city_05,S01,93516,21,39,54,2025,4,8,1.294,33.0,56.93,504722.0,0
txn_0002181,card_0099,merchant_180,F,job_16,health_fitness,city_20,S05,78367,0,11,17,2025,3,23,34.209,40.0,83.93,16022.0,0
txn_0002047,card_0286,merchant_100,F,job_04,health_fitness,city_43,S11,17488,11,32,38,2025,2,20,562.95,45.0,497.49,23779.0,1
txn_0005402,card_0546,merchant_127,F,job_30,food_dining,city_19,S11,47216,21,20,19,2025,8,6,22.663,59.0,8.94,101022.0,0
txn_0006562,card_0102,merchant_082,M,job_17,gas_transport,city_43,S14,32498,10,12,18,2025,4,5,7.068,18.0,136.4,17922.0,0
txn_0006772,card_0448,merchant_046,M,job_23,entertainment,city_09,S14,40221,12,26,12,2025,1,10,12.351,48.0,71.69,11375.0,0
txn_0003450,card_0534,merchant_173,M,job_10,misc_net,city_33,S08,98828,4,48,2,2025,12,25,866.828,44.0,2172.09,20508.0,0
txn_0004900,card_0510,merchant_209,M,job_01,shopping_pos,city_16,S14,10283,23,57,10,2025,1,2,1.997,43.0,51.99,46403.0,0
txn_0001171,card_0603,merchant_143,F,job_10,travel,city_33,S04,21767,11,16,16,2025,8,7,13.417,30.0,321.86,11146.0,0
txn_0004350,card_0042,merchant_072,M,job_29,entertainment,city_48,S07,93679,20,3,14,2025,8,5,35.096,24.0,125.78,19389.0,0
txn_0002478,card_0339,merchant_071,M,job_01,personal_care,city_24,S02,55884,9,31,31,2025,8,24,518.435,53.0,490.04,166877.0,0
txn_0006370,card_0827,merchant_123,M,job_18,grocery_pos,city_00,S01,53413,22,14,17,2025,9,18,35.531,25.0,39.25,5874.0,0
txn_0001897,card_0639,merchant_184,M,job_19,gas_transport,city_03,S13,31622,20,12,7,2025,3,4,31.922,45.0,20.55,15152.0,0
txn_0004852,card_0042,merchant_173,M,job_29,misc_net,city_48,S07,93679,0,29,42,2025,6,22,8.265,24.0,62.11,19389.0,0
txn_0006152,card_0358,merchant_076,F,job_17,entertainment,city_48,S05,18811,19,55,56,2025,11,18,2.649,64.0,89.48,19385.0,0
txn_0004525,card_0043,merchant_211,F,job_15,misc_net,city_50,S14,54262,0,0,23,2025,10,23,23.877,57.0,114.98,31420.0,0
txn_0001309,card_0079,merchant_198,M,job_18,food_dining,city_06,S00,76011,10,12,36,2025,6,19,16.299,18.0,67.08,35597.0,0
txn_0001594,card_0841,merchant_028,M,job_23,travel,city_29,S08,41964,13,1,48,2025,10,12,43.339,42.0,559.44,17956.0,0
txn_0004264,card_0871,merchant_066,F,job_12,shopping_pos,city_51,S12,88863,4,30,26,2025,2,21,28.306,47.0,154.57,30315.0,0
txn_0007655,card_0590,merchant_101,M,job_08,health_fitness,city_27,S06,48628,0,46,35,2025,6,28,8.71,65.0,177.17,49929.0,0
txn_0004312,card_0266,merchant_070,F,job_00,misc_net,city_43,S03,56983,0,5,56,2025,8,16,14.41,38.0,85.28,25085.0,0
txn_0003786,card_0356,merchant_061,F,job_07,shopping_pos,city_26,S12,56894,23,32,45,2025,5,14,6.896,18.0,68.85,30832.0,0
txn_0005640,card_0654,merchant_215,M,job_14,entertainment,city_49,S14,40751,3,10,57,2025,12,15,15.754,32.0,95.59,19391.0,0
txn_0003358,card_0609,merchant_091,M,job_21,food_dining,city_01,S14,64587,10,18,3,2025,2,13,7.442,25.0,80.21,18430.0,0
txn_0006350,card_0050,merchant_154,M,job_02,gas_transport,city_04,S03,20800,0,49,2,2025,9,9,18.758,29.0,21.6,31904.0,0
txn_0005038,card_0843,merchant_059,F,job_00,travel,city_27,S11,50720,11,49,23,2025,4,18,21.306,37.0,311.85,49169.0,0
txn_0002618,card_0708,merchant_111,F,job_07,travel,city_24,S09,82255,12,50,57,2025,10,25,4.268,27.0,164.31,22052.0,0
txn_0000503,card_0446,merchant_024,F,job_27,shopping_pos,city_34,S09,50702,21,11,50,2025,3,9,52.211,67.0,54.06,121235.0,0
txn_0004178,card_0385,merchant_179,F,job_01,shopping_pos,city_17,S05,40575,14,33,3,2025,3,13,28.212,58.0,140.31,71781.0,0
txn_0004831,card_0450,merchant_027,M,job_01,misc_net,city_30,S10,39134,5,22,5,2025,12,3,7.945,29.0,221.19,11583.0,0
txn_0006667,card_0886,merchant_140,F,job_06,misc_net,city_14,S06,58904,6,27,37,2025,9,19,51.166,28.0,92.5,7911.0,0
txn_0007044,card_0869,merchant_002,F,job_06,food_dining,city_57,S03,77365,7,38,2,2025,11,1,37.102,32.0,28.64,8650.0,0
txn_0004290,card_0207,merchant_079,M,job_29,gas_transport,city_09,S14,23985,21,36,11,2025,5,25,6.247,39.0,130.87,49218.0,0
txn_0007459,card_0142,merchant_078,F,job_13,travel,city_52,S11,94480,5,58,49,2025,9,17,29.263,18.0,260.67,31557.0,1
txn_0002743,card_0799,merchant_000,F,job_30,health_fitness,city_23,S06,69662,11,32,22,2025,2,27,61.759,39.0,40.55,33559.0,0
txn_0004957,card_0275,merchant_194,F,job_10,health_fitness,city_24,S07,64305,21,54,3,2025,6,21,37.724,45.0,172.11,13250.0,0
txn_0005707,card_0325,merchant_026,F,job_31,shopping_pos,city_15,S09,61465,17,14,26,2025,4,7,43.978,54.0,140.91,35428.0,0
txn_0006953,card_0478,merchant_068,M,job_16,shopping_pos,city_22,S03,32240,19,37,3,2025,4,24,838.399,19.0,520.68,42513.0,0
txn_0005645,card_0071,merchant_214,F,job_13,travel,city_12,S00,18566,14,45,36,2025,11,20,45.836,29.0,241.44,48466.0,0
txn_0002360,card_0577,merchant_063,M,job_12,shopping_net,city_08,S03,74506,13,27,4,2025,12,12,9.151,38.0,211.15,44839.0,0
txn_0002310,card_0866,merchant_024,M,job_16,shopping_pos,city_14,S06,81918,10,42,29,2025,3,10,21.019,48.0,57.19,9002.0,0
txn_0001046,card_0347,merchant_103,M,job_14,gas_transport,city_56,S11,43208,9,18,53,2025,8,1,5.221,72.0,32.11,64770.0,0
txn_0007794,card_0575,merchant_139,F,job_09,food_dining,city_59,S13,41397,5,33,40,2025,5,29,23.433,81.0,138.9,175172.0,0
txn_0005893,card_0189,merchant_074,F,job_04,health_fitness,city_55,S02,38472,12,44,45,2025,9,30,6.472,43.0,75.21,8704.0,0
txn_0005692,card_0738,merchant_055,M,job_05,grocery_pos,city_31,S14,76634,7,3,37,2025,9,17,8.497,38.0,32.94,17700.0,0
txn_0000661,card_0669,merchant_041,F,job_31,shopping_net,city_12,S01,55379,19,12,13,2025,4,7,26.044,52.0,44.31,51556.0,0
txn_0006726,card_0424,merchant_121,F,job_27,entertainment,city_24,S06,50924,9,4,37,2025,8,29,30.474,36.0,319.5,9697.0,0
txn_0000381,card_0113,merchant_190,F,job_10,shopping_pos,city_46,S14,30154,20,21,10,2025,10,13,10.426,45.0,22.15,8733.0,0
txn_0002411,card_0600,merchant_108,M,job_16,grocery_pos,city_00,S09,71059,12,57,33,2025,9,1,13.831,40.0,53.16,23145.0,0
txn_0001220,card_0133,merchant_139,M,job_10,food_dining,city_57,S08,93963,11,57,56,2025,11,22,9.212,44.0,228.43,58091.0,0
txn_0007329,card_0351,merchant_105,F,job_13,shopping_net,city_19,S02,29761,16,7,36,2025,12,26,22.679,42.0,161.26,49227.0,0
txn_0006057,card_0242,merchant_141,F,job_29,gas_transport,city_44,S11,60357,7,23,57,2025,10,17,12.683,30.0,140.35,131604.0,0
txn_0007795,card_0525,merchant_000,F,job_26,health_fitness,city_49,S11,55365,20,5,17,2025,3,29,21.834,39.0,89.08,183893.0,0
txn_0004535,card_0207,merchant_183,M,job_29,food_dining,city_09,S14,23985,23,28,11,2025,1,16,15.609,39.0,20.94,49218.0,0
txn_0004179,card_0547,merchant_019,M,job_30,food_dining,city_45,S01,86991,4,18,0,2025,3,24,74.372,37.0,51.1,16431.0,0
txn_0000303,card_0810,merchant_204,F,job_10,misc_net,city_58,S14,20854,6,9,25,2025,10,12,3.567,77.0,207.28,94145.0,0
txn_0005284,card_0207,merchant_010,M,job_29,health_fitness,city_09,S14,23985,5,25,15,2025,11,3,12.541,39.0,85.7,49218.0,0
txn_0001530,card_0043,merchant_119,F,job_15,health_fitness,city_50,S14,54262,5,46,58,2025,9,3,282.601,57.0,629.44,31420.0,0
txn_0000725,card_0328,merchant_050,F,job_04,gas_transport,city_03,S03,69639,15,28,53,2025,2,16,12.106,59.0,121.4,159076.0,0
txn_0004821,card_0765,merchant_041,M,job_12,shopping_net,city_25,S11,85431,10,32,44,2025,3,24,23.575,22.0,19.02,8164.0,0
txn_0003067,card_0016,merchant_090,M,job_17,shopping_net,city_14,S06,14630,8,49,7,2025,4,4,72.296,44.0,52.23,12497.0,0
txn_0007363,card_0378,merchant_034,F,job_00,misc_net,city_37,S03,58807,4,59,22,2025,9,16,26.289,62.0,132.26,75960.0,0
txn_0001797,card_0201,merchant_002,M,job_15,food_dining,city_03,S12,62354,14,48,48,2025,9,11,26.32,58.0,50.91,191338.0,0
txn_0007140,card_0841,merchant_186,M,job_23,health_fitness,city_29,S08,41964,4,32,56,2025,4,16,38.697,42.0,97.23,17956.0,0
txn_0007916,card_0659,merchant_103,F,job_27,gas_transport,city_03,S07,12268,2,26,16,2025,5,4,858.986,32.0,339.58,4078.0,1
txn_0006753,card_0421,merchant_195,M,job_08,misc_net,city_09,S14,14263,19,13,40,2025,7,14,9.209,34.0,121.72,25345.0,0
txn_0002057,card_0227,merchant_022,M,job_20,grocery_pos,city_57,S04,59453,22,11,7,2025,8,6,55.829,36.0,54.76,25955.0,0
txn_0002444,card_0155,merchant_112,M,job_31,personal_care,city_24,S01,38876,20,45,39,2025,4,15,38.343,18.0,61.27,34269.0,0
txn_0003840,card_0474,merchant_073,M,job_28,shopping_net,city_10,S14,39215,17,16,58,2025,6,9,19.426,41.0,112.25,13248.0,0
txn_0005269,card_0512,merchant_165,M,job_08,shopping_net,city_30,S05,23617,13,16,20,2025,3,5,10.33,43.0,319.62,13637.0,0
txn_0001910,card_0418,merchant_191,F,job_14,shopping_pos,city_17,S00,26837,16,53,55,2025,7,11,134.768,33.0,225.63,24651.0,0
txn_0006315,card_0830,merchant_041,F,job_24,shopping_net,city_56,S05,92885,10,16,30,2025,9,10,13.704,43.0,126.07,8465.0,0
txn_0002497,card_0760,merchant_125,F,job_19,gas_transport,city_34,S06,10682,20,48,34,2025,9,12,17.3,26.0,37.01,7225.0,0
txn_0007529,card_0384,merchant_212,F,job_12,gas_transport,city_38,S05,87187,21,28,40,2025,9,16,0.386,50.0,195.29,58357.0,0
txn_0002893,card_0760,merchant_136,F,job_19,personal_care,city_34,S06,10682,11,11,42,2025,4,1,8.324,26.0,43.49,7225.0,0
txn_0003297,card_0645,merchant_062,F,job_18,shopping_net,city_53,S11,35141,4,1,10,2025,8,14,56.094,29.0,47.13,16870.0,0
txn_0002920,card_0873,merchant_201,F,job_12,gas_transport,city_11,S04,22282,10,11,39,2025,6,21,57.105,55.0,70.23,133358.0,0
txn_0001390,card_0207,merchant_038,M,job_29,food_dining,city_09,S14,23985,10,40,1,2025,4,1,92.074,39.0,55.49,49218.0,0
txn_0005535,card_0506,merchant_188,M,job_11,personal_care,city_19,S14,19261,17,35,26,2025,5,23,7.08,50.0,77.63,4685.0,0
txn_0005119,card_0252,merchant_199,F,job_13,misc_net,city_21,S14,19433,16,59,25,2025,3,26,12.023,52.0,223.69,55585.0,0
txn_0007218,card_0699,merchant_095,F,job_22,food_dining,city_55,S10,18394,12,21,28,2025,7,3,14.629,55.0,20.38,23158.0,0
txn_0000025,card_0272,merchant_128,F,job_12,travel,city_24,S08,87824,1,40,23,2025,4,1,692.839,49.0,722.68,5557.0,0
txn_0001061,card_0504,merchant_065,F,job_05,health_fitness,city_54,S04,17005,1,17,50,2025,3,5,22.011,47.0,120.38,26112.0,0
txn_0006120,card_0338,merchant_054,F,job_09,shopping_pos,city_32,S04,75045,12,28,45,2025,9,18,7.805,53.0,88.21,18323.0,0
txn_0000566,card_0815,merchant_017,M,job_28,shopping_net,city_40,S14,49838,8,22,57,2025,5,4,55.426,36.0,470.73,19070.0,0
txn_0003864,card_0013,merchant_024,M,job_31,shopping_pos,city_29,S07,16666,19,48,42,2025,11,18,90.914,69.0,68.33,53079.0,0
txn_0004629,card_0088,merchant_129,M,job_07,travel,city_03,S00,97011,15,37,22,2025,3,19,31.023,58.0,386.14,17029.0,0
txn_0002259,card_0841,merchant_175,M,job_23,gas_transport,city_29,S08,41964,14,9,37,2025,3,28,20.349,42.0,53.32,17956.0,0
txn_0004898,card_0149,merchant_004,F,job_03,travel,city_19,S05,91548,16,15,31,2025,5,17,87.633,54.0,209.45,29314.0,0
txn_0005741,card_0603,merchant_058,F,job_10,shopping_pos,city_33,S04,21767,21,1,58,2025,10,13,54.754,30.0,136.61,11146.0,0
txn_0003088,card_0819,merchant_058,M,job_16,shopping_pos,city_56,S13,19373,2,10,7,2025,1,29,66.215,18.0,30.84,36141.0,0
txn_0006887,card_0201,merchant_031,M,job_15,travel,city_03,S12,62354,3,20,12,2025,12,18,58.895,58.0,315.93,191338.0,0
txn_0000693,card_0713,merchant_121,M,job_22,entertainment,city_45,S01,18809,13,49,25,2025,1,12,20.031,18.0,24.39,19044.0,0
txn_0005849,card_0758,merchant_043,F,job_26,health_fitness,city_01,S12,70252,21,0,8,2025,8,22,16.203,47.0,90.36,16185.0,0
txn_0003919,card_0192,merchant_008,M,job_26,misc_net,city_17,S05,32972,1,59,59,2025,6,19,74.504,21.0,126.48,14843.0,0
txn_0005268,card_0500,merchant_123,F,job_27,grocery_pos,city_16,S13,18268,1,20,31,2025,12,20,19.044,56.0,71.94,64103.0,0
txn_0004571,card_0064,merchant_088,F,job_30,grocery_pos,city_50,S03,56180,9,32,39,2025,1,11,77.996,51.0,14.3,12774.0,0
txn_0004252,card_0515,merchant_038,F,job_25,food_dining,city_00,S03,52738,2,8,31,2025,6,8,70.996,45.0,21.98,57628.0,0
txn_0000983,card_0898,merchant_045,F,job_15,gas_transport,city_07,S04,32002,3,47,42,2025,9,12,2.047,72.0,73.93,12713.0,0
txn_0005924,card_0312,merchant_025,F,job_14,travel,city_54,S00,27228,11,47,27,2025,8,21,328.637,47.0,3959.97,27706.0,1
txn_0000238,card_0595,merchant_210,M,job_13,misc_net,city_39,S11,54513,16,14,40,2025,9,3,18.849,53.0,219.27,11051.0,0
txn_0006457,card_0150,merchant_203,M,job_16,travel,city_54,S02,62364,8,58,48,2025,11,10,9.66,53.0,90.58,76832.0,0
txn_0003455,card_0791,merchant_075,F,job_28,grocery_pos,city_22,S09,83430,7,14,11,2025,4,9,19.391,67.0,56.67,5922.0,1
txn_0003182,card_0442,merchant_127,F,job_03,food_dining,city_27,S06,78374,9,40,37,2025,6,16,18.993,30.0,31.63,20868.0,0
txn_0000428,card_0242,merchant_047,F,job_29,personal_care,city_44,S11,60357,12,33,16,2025,4,6,100.413,30.0,78.47,131604.0,0
txn_0002079,card_0086,merchant_146,F,job_19,grocery_pos,city_39,S04,19500,17,58,27,2025,5,19,7.82,54.0,119.47,9126.0,0
txn_0006105,card_0899,merchant_126,M,job_16,personal_care,city_07,S09,41084,0,41,17,2025,4,24,12.522,52.0,125.14,6951.0,0
txn_0006166,card_0785,merchant_048,M,job_16,food_dining,city_33,S00,74892,3,29,35,2025,7,11,23.317,38.0,94.67,25749.0,0
txn_0004128,card_0231,merchant_021,M,job_21,shopping_pos,city_10,S10,28250,11,49,41,2025,11,19,8.236,58.0,149.43,23513.0,0
txn_0004924,card_0136,merchant_019,M,job_28,food_dining,city_22,S14,44121,16,53,10,2025,5,2,37.571,83.0,29.37,72935.0,0
txn_0002595,card_0191,merchant_125,M,job_14,gas_transport,city_26,S08,25929,22,34,36,2025,2,20,20.303,54.0,36.51,32124.0,0
txn_0000930,card_0057,merchant_059,F,job_20,travel,city_35,S09,92950,22,28,32,2025,5,8,18.372,47.0,797.6,18705.0,0
txn_0007928,card_0666,merchant_083,M,job_30,food_dining,city_18,S09,41607,13,27,0,2025,10,23,20.963,51.0,48.3,61371.0,0
txn_0007668,card_0536,merchant_032,F,job_13,travel,city_27,S05,97654,16,14,13,2025,4,6,41.873,31.0,383.88,18702.0,1
txn_0005098,card_0227,merchant_132,M,job_20,misc_net,city_57,S04,59453,19,2,50,2025,3,17,18.289,36.0,247.78,25955.0,0
txn_0005854,card_0795,merchant_161,F,job_21,shopping_pos,city_09,S07,56101,0,44,2,2025,10,25,33.574,33.0,31.88,4922.0,0
txn_0000420,card_0740,merchant_101,M,job_23,health_fitness,city_17,S14,14676,6,58,57,2025,6,19,22.427,67.0,80.93,6107.0,0
txn_0007125,card_0545,merchant_023,F,job_01,food_dining,city_15,S12,35153,1,20,1,2025,5,29,8.032,60.0,109.1,5556.0,0
txn_0004023,card_0269,merchant_013,M,job_29,food_dining,city_25,S09,74052,0,57,29,2025,5,2,31.428,44.0,105.2,27576.0,0
txn_0002674,card_0553,merchant_055,F,job_07,grocery_pos,city_27,S05,97886,3,1,28,2025,3,1,37.968,46.0,46.15,49966.0,0
txn_0004988,card_0051,merchant_117,F,job_09,entertainment,city_15,S01,16466,17,15,2,2025,5,8,307.081,43.0,567.8,9808.0,0
txn_0002613,card_0106,merchant_174,M,job_27,entertainment,city_17,S04,24075,4,38,20,2025,2,14,8.74,71.0,47.44,39328.0,0
txn_0007659,card_0137,merchant_024,F,job_00,shopping_pos,city_33,S13,57568,11,29,17,2025,3,15,6.236,56.0,324.55,51087.0,0
txn_0005960,card_0653,merchant_035,M,job_19,shopping_pos,city_28,S10,40510,12,5,56,2025,7,26,3.789,47.0,77.35,51936.0,0
txn_0005885,card_0163,merchant_193,F,job_22,travel,city_49,S09,67299,6,18,56,2025,3,6,1.318,51.0,164.96,122016.0,0
txn_0002658,card_0161,merchant_136,M,job_22,personal_care,city_59,S13,55494,17,14,15,2025,5,6,2.029,30.0,176.1,8167.0,0
txn_0000523,card_0214,merchant_212,M,job_06,gas_transport,city_38,S06,44438,10,6,40,2025,10,5,44.753,60.0,53.64,72219.0,0
txn_0005158,card_0613,merchant_042,F,job_10,misc_net,city_36,S03,74222,6,26,0,2025,2,20,35.401,37.0,583.22,26386.0,0
txn_0002765,card_0262,merchant_185,F,job_27,grocery_pos,city_08,S14,32289,7,7,32,2025,12,13,12.591,42.0,105.62,30197.0,0
txn_0002771,card_0626,merchant_201,F,job_10,gas_transport,city_09,S02,50444,11,30,15,2025,10,19,76.308,70.0,68.56,30591.0,0
txn_0006033,card_0380,merchant_070,F,job_23,misc_net,city_41,S06,50578,5,20,29,2025,9,29,2.732,30.0,213.59,14780.0,0
txn_0000394,card_0767,merchant_209,F,job_21,shopping_pos,city_37,S03,22789,5,38,25,2025,1,1,4.786,34.0,64.41,128571.0,0
txn_0007272,card_0791,merchant_101,F,job_28,health_fitness,city_22,S09,83430,9,37,9,2025,2,10,24.826,67.0,119.33,5922.0,0
txn_0000114,card_0273,merchant_048,M,job_05,food_dining,city_20,S14,52751,14,18,39,2025,11,16,31.863,52.0,51.11,13577.0,0
txn_0001752,card_0443,merchant_046,F,job_18,entertainment,city_06,S08,19779,7,55,11,2025,5,3,411.147,31.0,464.17,36481.0,0
txn_0006499,card_0783,merchant_090,F,job_25,shopping_net,city_39,S03,60747,3,18,13,2025,11,15,563.121,48.0,1130.41,83766.0,0
txn_0004070,card_0221,merchant_186,F,job_02,health_fitness,city_39,S11,10991,2,46,1,2025,10,3,78.689,40.0,25.38,17798.0,0
txn_0006474,card_0264,merchant_101,M,job_16,health_fitness,city_35,S11,66842,21,24,59,2025,8,8,0.712,34.0,55.22,39565.0,0
txn_0007109,card_0372,merchant_083,F,job_29,food_dining,city_59,S03,21168,5,51,37,2025,2,6,21.986,65.0,31.23,72804.0,0
txn_0006401,card_0690,merchant_117,M,job_23,entertainment,city_20,S03,16125,22,37,42,2025,11,1,0.546,33.0,37.35,15110.0,0
txn_0003714,card_0525,merchant_187,F,job_26,misc_net,city_49,S11,55365,2,28,19,2025,2,19,23.19,39.0,49.28,183893.0,0
txn_0006150,card_0040,merchant_027,F,job_22,misc_net,city_25,S02,74929,12,39,55,2025,10,22,580.956,61.0,2577.85,20146.0,1
txn_0000100,card_0422,merchant_021,M,job_17,shopping_pos,city_01,S07,58810,16,27,54,2025,1,13,37.037,66.0,150.71,17814.0,1
txn_0002855,card_0515,merchant_178,F,job_25,misc_net,city_00,S03,52738,9,13,10,2025,5,30,53.886,45.0,154.32,57628.0,0
txn_0000744,card_0182,merchant_099,F,job_30,shopping_net,city_03,S08,19433,15,22,52,2025,6,29,42.631,23.0,98.94,13944.0,0
txn_0004396,card_0573,merchant_084,F,job_06,misc_net,city_23,S06,41969,3,55,5,2025,6,15,18.954,42.0,91.06,3524.0,0
txn_0000760,card_0155,merchant_021,M,job_31,shopping_pos,city_24,S01,38876,16,7,23,2025,10,8,4.641,18.0,80.55,34269.0,0
txn_0003199,card_0235,merchant_110,M,job_01,health_fitness,city_50,S03,75232,9,39,33,2025,11,24,38.513,31.0,128.75,18373.0,0
txn_0003662,card_0105,merchant_138,M,job_29,entertainment,city_14,S14,55018,7,48,5,2025,10,21,24.557,37.0,33.04,17277.0,0
txn_0006186,card_0712,merchant_073,M,job_21,shopping_net,city_57,S03,41322,5,10,0,2025,12,31,2.946,44.0,68.11,14374.0,0
txn_0001879,card_0347,merchant_020,M,job_14,food_dining,city_56,S11,43208,10,18,1,2025,2,19,10.76,72.0,29.89,64770.0,0
txn_0006082,card_0717,merchant_017,F,job_16,shopping_net,city_31,S13,47275,19,41,36,2025,3,29,70.771,70.0,101.71,29241.0,0
txn_0007213,card_0231,merchant_010,M,job_21,health_fitness,city_10,S10,28250,21,14,39,2025,2,2,19.802,58.0,50.82,23513.0,0
txn_0004416,card_0864,merchant_146,M,job_18,grocery_pos,city_12,S11,50115,17,51,30,2025,6,24,12.163,40.0,37.99,19159.0,0
txn_0001396,card_0463,merchant_049,F,job_06,gas_transport,city_30,S04,56361,23,33,43,2025,6,4,4.929,24.0,87.61,20540.0,0
txn_0005647,card_0416,merchant_067,M,job_22,health_fitness,city_27,S09,34368,5,22,43,2025,7,20,6.24,44.0,45.84,38043.0,0
txn_0002609,card_0197,merchant_183,F,job_24,food_dining,city_59,S09,15845,23,29,30,2025,3,20,6.404,41.0,49.84,22904.0,0
txn_0004659,card_0140,merchant_060,M,job_22,entertainment,city_09,S06,30236,17,23,15,2025,11,4,9.581,65.0,90.46,74136.0,0
txn_0006853,card_0448,merchant_167,M,job_23,health_fitness,city_09,S14,40221,12,3,56,2025,1,16,89.182,48.0,117.14,11375.0,0
txn_0003409,card_0516,merchant_099,M,job_20,shopping_net,city_05,S00,11675,5,41,14,2025,10,24,16.323,46.0,155.5,80145.0,0
txn_0001454,card_0791,merchant_051,F,job_28,misc_net,city_22,S09,83430,8,2,19,2025,11,21,32.682,67.0,74.4,5922.0,0
txn_0004981,card_0058,merchant_072,M,job_31,entertainment,city_31,S05,40138,23,47,26,2025,11,28,33.068,59.0,146.42,5670.0,0
txn_0002898,card_0426,merchant_185,M,job_21,grocery_pos,city_52,S12,28897,6,43,56,2025,10,28,27.412,63.0,115.23,35765.0,0
txn_0007022,card_0003,merchant_061,F,job_28,shopping_pos,city_15,S12,66118,13,16,25,2025,5,8,1.218,52.0,38.52,69748.0,1
txn_0007439,card_0183,merchant_137,M,job_17,grocery_pos,city_45,S00,78339,18,22,54,2025,7,16,12.135,37.0,139.48,89726.0,0
txn_0000879,card_0422,merchant_145,M,job_17,health_fitness,city_01,S07,58810,0,33,54,2025,3,13,23.158,66.0,32.84,17814.0,0
txn_0004068,card_0092,merchant_139,M,job_06,food_dining,city_52,S10,27570,13,7,46,2025,4,22,4.419,61.0,30.79,26536.0,0
txn_0006096,card_0426,merchant_190,M,job_21,shopping_pos,city_52,S12,28897,16,28,29,2025,11,5,4.721,63.0,167.37,35765.0,0
txn_0004406,card_0459,merchant_026,F,job_11,shopping_pos,city_59,S13,63415,17,54,55,2025,6,5,47.979,50.0,94.88,10654.0,0
txn_0004808,card_0116,merchant_101,F,job_12,health_fitness,city_16,S10,41480,12,27,42,2025,5,2,4.922,40.0,359.42,6523.0,0
txn_0002260,card_0815,merchant_125,M,job_28,gas_transport,city_40,S14,49838,8,23,7,2025,4,14,61.852,36.0,39.94,19070.0,0
txn_0003161,card_0775,merchant_146,M,job_31,grocery_pos,city_19,S03,62574,10,33,16,2025,1,7,5.637,48.0,97.25,36379.0,0
txn_0000087,card_0341,merchant_016,F,job_24,travel,city_52,S04,38098,0,42,1,2025,8,15,6.888,50.0,328.53,25502.0,0
txn_0002187,card_0094,merchant_213,M,job_16,gas_transport,city_08,S01,45575,21,42,39,2025,5,28,14.325,60.0,77.43,21681.0,0
txn_0004859,card_0094,merchant_091,M,job_16,food_dining,city_08,S01,45575,3,5,53,2025,12,30,14.808,60.0,60.71,21681.0,0
txn_0002443,card_0294,merchant_169,M,job_16,travel,city_09,S11,64772,0,16,16,2025,12,15,56.337,59.0,406.17,43642.0,0
txn_0004291,card_0339,merchant_194,M,job_01,health_fitness,city_24,S02,55884,16,7,27,2025,11,11,57.857,53.0,52.62,166877.0,0
txn_0001300,card_0750,merchant_001,M,job_06,travel,city_39,S07,64754,16,11,56,2025,3,27,44.708,28.0,202.03,43963.0,0
txn_0001020,card_0182,merchant_141,F,job_30,gas_transport,city_03,S08,19433,18,57,18,2025,5,12,35.031,23.0,201.92,13944.0,0
txn_0006683,card_0011,merchant_216,M,job_05,entertainment,city_39,S00,71432,14,40,47,2025,10,30,38.737,58.0,53.49,82083.0,0
txn_0005122,card_0376,merchant_101,M,job_21,health_fitness,city_06,S01,67960,7,31,29,2025,8,20,33.631,33.0,353.58,2871.0,0
txn_0003243,card_0525,merchant_170,F,job_26,grocery_pos,city_49,S11,55365,20,51,6,2025,10,6,31.067,39.0,18.53,183893.0,0
txn_0000174,card_0867,merchant_019,M,job_14,food_dining,city_57,S02,95485,23,24,9,2025,10,7,18.716,50.0,21.77,8566.0,0
txn_0001221,card_0144,merchant_095,M,job_22,food_dining,city_22,S06,31741,21,8,3,2025,2,7,33.585,55.0,25.27,39542.0,0
txn_0006035,card_0411,merchant_184,F,job_11,gas_transport,city_46,S11,89657,1,42,46,2025,5,14,17.914,56.0,37.23,6040.0,0
txn_0007165,card_0104,merchant_217,M,job_04,personal_care,city_19,S02,95001,1,11,9,2025,1,23,3.954,49.0,224.96,37383.0,0
txn_0003436,card_0333,merchant_043,M,job_23,health_fitness,city_23,S01,75679,16,26,4,2025,3,25,26.959,46.0,156.54,27096.0,1
txn_0005277,card_0014,merchant_027,M,job_18,misc_net,city_53,S07,77614,22,45,33,2025,4,2,16.408,32.0,292.95,32445.0,0
txn_0004848,card_0164,merchant_022,F,job_24,grocery_pos,city_49,S01,47129,17,9,46,2025,10,1,40.497,79.0,46.43,14906.0,0
txn_0004047,card_0728,merchant_092,F,job_12,travel,city_05,S11,14344,2,8,17,2025,7,8,28.632,25.0,163.32,30801.0,0
txn_0005615,card_0179,merchant_096,M,job_26,misc_net,city_47,S14,50164,8,26,34,2025,12,19,18.138,43.0,54.59,16322.0,0
txn_0004976,card_0244,merchant_145,M,job_10,health_fitness,city_16,S12,92885,14,14,56,2025,7,7,40.465,55.0,41.39,5607.0,0
txn_0000978,card_0486,merchant_081,F,job_17,shopping_net,city_54,S11,34256,10,22,33,2025,4,28,30.235,19.0,281.78,8746.0,0
txn_0001795,card_0594,merchant_158,F,job_13,grocery_pos,city_28,S02,60809,21,56,13,2025,9,8,48.943,59.0,57.55,87798.0,0
txn_0003934,card_0120,merchant_195,F,job_01,misc_net,city_23,S08,67491,6,23,17,2025,8,20,41.791,50.0,64.94,101416.0,0
txn_0003823,card_0164,merchant_106,F,job_24,health_fitness,city_49,S01,47129,16,4,38,2025,9,26,2.074,79.0,49.04,14906.0,0
txn_0001533,card_0720,merchant_058,F,job_08,shopping_pos,city_26,S07,69330,11,37,1,2025,5,21,13.975,34.0,77.68,63501.0,0
txn_0007743,card_0210,merchant_055,F,job_20,grocery_pos,city_29,S01,30599,18,16,1,2025,10,23,35.229,31.0,16.25,14674.0,0
txn_0007618,card_0623,merchant_163,F,job_04,shopping_net,city_49,S09,57991,11,21,19,2025,11,2,22.726,30.0,75.89,60550.0,0
txn_0000243,card_0106,merchant_128,M,job_27,travel,city_17,S04,24075,9,59,5,2025,5,9,20.63,71.0,107.03,39328.0,0
txn_0000838,card_0387,merchant_042,M,job_07,misc_net,city_15,S02,16411,22,56,5,2025,8,14,38.245,64.0,328.56,31746.0,0
txn_0003735,card_0612,merchant_080,M,job_23,grocery_pos,city_55,S13,47427,22,44,21,2025,12,10,1.781,38.0,30.65,21014.0,0
txn_0006118,card_0270,merchant_163,F,job_20,shopping_net,city_11,S09,14125,8,3,29,2025,4,27,14.255,38.0,13.77,18861.0,0
txn_0000802,card_0544,merchant_041,M,job_04,shopping_net,city_35,S10,21600,2,8,19,2025,10,31,20.401,58.0,387.81,18509.0,0
txn_0003073,card_0169,merchant_124,F,job_00,misc_net,city_09,S03,40019,1,14,45,2025,12,9,30.955,55.0,126.86,10738.0,0
txn_0003406,card_0576,merchant_068,M,job_15,shopping_pos,city_51,S01,37311,20,31,35,2025,11,16,38.107,52.0,53.86,8542.0,0
txn_0007625,card_0676,merchant_042,M,job_17,misc_net,city_31,S07,16120,15,26,47,2025,10,22,6.674,25.0,82.04,9834.0,0
txn_0001252,card_0214,merchant_170,M,job_06,grocery_pos,city_38,S06,44438,18,8,58,2025,12,28,13.824,60.0,32.7,72219.0,0
txn_0003886,card_0835,merchant_082,M,job_25,gas_transport,city_01,S01,93665,21,37,25,2025,5,9,103.407,51.0,121.62,29991.0,0
txn_0005942,card_0719,merchant_200,M,job_31,shopping_pos,city_59,S04,13821,6,2,59,2025,7,5,9.254,57.0,137.09,18028.0,0
txn_0001540,card_0394,merchant_131,M,job_30,grocery_pos,city_39,S13,56031,0,46,25,2025,9,1,8.272,21.0,57.09,102828.0,0
txn_0002177,card_0303,merchant_094,M,job_24,gas_transport,city_07,S14,11084,23,1,26,2025,11,19,10.476,51.0,26.92,69693.0,0
txn_0004536,card_0666,merchant_204,M,job_30,misc_net,city_18,S09,41607,17,18,10,2025,12,15,15.541,51.0,523.58,61371.0,0
txn_0004764,card_0580,merchant_077,F,job_04,food_dining,city_10,S01,68777,16,12,41,2025,4,3,6.603,65.0,52.25,12923.0,0
txn_0000083,card_0673,merchant_139,F,job_26,food_dining,city_12,S07,38312,15,0,56,2025,2,23,68.244,18.0,44.12,42028.0,0
txn_0007851,card_0645,merchant_204,F,job_18,misc_net,city_53,S11,35141,15,53,38,2025,10,7,10.767,29.0,147.03,16870.0,0
txn_0005196,card_0838,merchant_213,F,job_00,gas_transport,city_09,S07,40989,6,50,12,2025,11,5,20.948,32.0,177.58,26059.0,0
txn_0001249,card_0065,merchant_180,F,job_18,health_fitness,city_24,S08,50551,17,37,21,2025,6,2,14.032,55.0,25.33,34216.0,0
txn_0005610,card_0606,merchant_148,F,job_29,food_dining,city_22,S04,91583,3,35,28,2025,12,15,60.889,68.0,47.12,20362.0,0
txn_0002937,card_0668,merchant_020,M,job_29,food_dining,city_01,S06,14042,21,24,37,2025,6,5,8.55,45.0,218.35,61546.0,0
txn_0001653,card_0363,merchant_132,M,job_26,misc_net,city_54,S01,44037,9,31,54,2025,11,28,14.385,68.0,136.11,6117.0,0
txn_0002877,card_0522,merchant_073,F,job_18,shopping_net,city_20,S11,98681,11,25,47,2025,5,7,2.471,20.0,55.91,10063.0,0
txn_0001734,card_0345,merchant_122,F,job_31,shopping_pos,city_26,S13,75980,3,8,33,2025,1,22,13.52,37.0,175.43,17520.0,0
txn_0001902,card_0521,merchant_210,F,job_31,misc_net,city_02,S03,95086,23,19,2,2025,2,16,9.029,62.0,200.31,12996.0,0
txn_0003799,card_0890,merchant_024,F,job_18,shopping_pos,city_43,S01,26931,20,13,51,2025,6,11,23.752,61.0,43.0,32320.0,0
txn_0007952,card_0806,merchant_140,M,job_31,misc_net,city_31,S12,33286,10,7,7,2025,6,23,11.707,18.0,84.15,4940.0,0
txn_0006866,card_0035,merchant_013,F,job_30,food_dining,city_08,S02,52529,16,44,25,2025,5,30,13.145,29.0,54.76,7904.0,0
txn_0006098,card_0752,merchant_053,F,job_01,travel,city_13,S06,59609,0,52,34,2025,4,15,19.477,40.0,1295.18,6287.0,0
txn_0007944,card_0207,merchant_173,M,job_29,misc_net,city_09,S14,23985,22,51,9,2025,1,20,400.303,39.0,595.24,49218.0,0
txn_0006679,card_0059,merchant_095,M,job_13,food_dining,city_44,S06,54415,2,57,57,2025,12,17,30.913,52.0,58.0,12110.0,0
txn_0000736,card_0808,merchant_000,F,job_07,health_fitness,city_31,S00,33457,22,18,45,2025,7,14,439.305,40.0,798.98,8599.0,0
txn_0002773,card_0766,merchant_176,M,job_24,travel,city_48,S08,24941,3,47,38,2025,12,30,342.79,64.0,1287.21,36952.0,0
txn_0002418,card_0103,merchant_122,F,job_28,shopping_pos,city_14,S00,91520,4,3,53,2025,3,18,531.008,38.0,166.21,73460.0,1
txn_0005340,card_0576,merchant_089,M,job_15,health_fitness,city_51,S01,37311,21,47,52,2025,8,19,22.859,52.0,43.89,8542.0,0
txn_0006253,card_0047,merchant_096,M,job_04,misc_net,city_32,S12,64179,9,6,36,2025,11,2,11.374,34.0,137.47,21722.0,0
txn_0003700,card_0429,merchant_059,M,job_10,travel,city_58,S11,47291,12,7,50,2025,7,30,1.624,43.0,356.21,21760.0,0
txn_0001680,card_0818,merchant_046,M,job_13,entertainment,city_39,S10,74158,7,1,46,2025,10,11,19.389,49.0,65.67,30375.0,0
txn_0003270,card_0258,merchant_193,F,job_12,travel,city_23,S07,39285,18,42,8,2025,6,25,11.663,18.0,89.3,8782.0,0
txn_0003046,card_0899,merchant_147,M,job_16,misc_net,city_07,S09,41084,23,45,7,2025,3,6,10.887,52.0,565.35,6951.0,0
txn_0003205,card_0062,merchant_179,F,job_26,shopping_pos,city_50,S05,97129,18,56,57,2025,8,9,20.782,46.0,212.57,42395.0,0
txn_0004806,card_0822,merchant_207,F,job_20,food_dining,city_06,S12,78759,10,46,57,2025,7,27,3.783,50.0,9.85,8090.0,0
txn_0002683,card_0664,merchant_003,M,job_17,health_fitness,city_27,S02,63954,14,42,17,2025,8,20,11.096,29.0,53.43,22810.0,0
txn_0000851,card_0204,merchant_126,F,job_09,personal_care,city_47,S09,12000,16,17,11,2025,10,12,7.703,32.0,78.95,534193.0,0
txn_0004802,card_0315,merchant_105,M,job_03,shopping_net,city_12,S06,17033,7,23,31,2025,9,21,22.828,36.0,202.04,25992.0,0
txn_0005183,card_0137,merchant_070,F,job_00,misc_net,city_33,S13,57568,1,19,21,2025,10,28,10.926,56.0,173.16,51087.0,0
txn_0002015,card_0009,merchant_195,F,job_02,misc_net,city_57,S13,70726,12,5,52,2025,10,7,22.939,38.0,83.13,10797.0,0
txn_0004390,card_0176,merchant_175,M,job_22,gas_transport,city_55,S09,57916,6,12,14,2025,1,15,3.973,51.0,268.3,63646.0,0
txn_0006243,card_0212,merchant_173,M,job_06,misc_net,city_09,S07,70737,10,2,47,2025,6,10,18.36,20.0,326.69,20452.0,0
txn_0001276,card_0735,merchant_120,M,job_17,health_fitness,city_58,S09,48336,17,27,14,2025,3,26,43.778,18.0,75.87,32267.0,0
txn_0003800,card_0460,merchant_020,M,job_02,food_dining,city_01,S01,23043,5,7,27,2025,7,20,26.097,30.0,42.81,49897.0,0
txn_0005755,card_0062,merchant_084,F,job_26,misc_net,city_50,S05,97129,14,10,46,2025,2,3,10.55,46.0,120.48,42395.0,0
txn_0000390,card_0714,merchant_204,M,job_01,misc_net,city_06,S08,77675,10,17,46,2025,3,23,1.495,49.0,243.07,76783.0,0
txn_0002247,card_0162,merchant_211,F,job_04,misc_net,city_08,S12,61812,14,26,14,2025,9,11,49.853,39.0,149.42,33878.0,0
txn_0003527,card_0238,merchant_196,F,job_23,shopping_pos,city_59,S13,96370,12,11,48,2025,5,13,14.082,58.0,41.83,8275.0,0
txn_0005439,card_0171,merchant_122,F,job_06,shopping_pos,city_55,S14,39760,8,20,28,2025,1,24,48.239,41.0,374.74,17567.0,0
txn_0006374,card_0460,merchant_048,M,job_02,food_dining,city_01,S01,23043,23,8,34,2025,7,28,45.649,30.0,72.73,49897.0,0
txn_0007750,card_0399,merchant_163,F,job_00,shopping_net,city_10,S04,56805,9,56,23,2025,1,9,47.96,59.0,48.56,44121.0,0
txn_0006200,card_0498,merchant_189,M,job_00,shopping_pos,city_13,S14,81434,4,41,40,2025,2,9,13.797,50.0,61.72,4126.0,0
txn_0007079,card_0212,merchant_156,M,job_06,health_fitness,city_09,S07,70737,17,39,10,2025,12,29,51.481,20.0,202.38,20452.0,0
txn_0000843,card_0759,merchant_207,M,job_08,food_dining,city_35,S05,97278,4,36,1,2025,5,5,20.449,71.0,53.51,36128.0,0
txn_0005540,card_0181,merchant_073,F,job_31,shopping_net,city_37,S03,30507,12,49,1,2025,4,30,11.089,55.0,135.61,52502.0,0
txn_0005689,card_0162,merchant_218,F,job_04,misc_net,city_08,S12,61812,6,50,26,2025,10,29,26.182,39.0,495.33,33878.0,0
txn_0004677,card_0432,merchant_110,M,job_13,health_fitness,city_56,S11,34197,12,50,52,2025,6,20,41.735,43.0,161.43,89949.0,0
txn_0005215,card_0025,merchant_197,M,job_30,travel,city_54,S09,76860,15,44,54,2025,4,24,11.526,47.0,407.47,42473.0,1
txn_0003969,card_0875,merchant_065,M,job_04,health_fitness,city_35,S10,38814,2,11,49,2025,8,10,31.414,32.0,62.49,32732.0,0
txn_0000369,card_0312,merchant_137,F,job_14,grocery_pos,city_54,S00,27228,15,36,18,2025,3,9,9.705,47.0,15.29,27706.0,0
txn_0001790,card_0365,merchant_051,M,job_01,misc_net,city_55,S08,86654,13,53,19,2025,11,8,34.589,31.0,162.44,191740.0,0
txn_0004520,card_0377,merchant_040,M,job_24,travel,city_28,S12,98857,17,21,11,2025,3,28,9.469,31.0,162.91,19481.0,0
txn_0003747,card_0836,merchant_007,M,job_16,misc_net,city_20,S00,68931,22,56,29,2025,5,1,42.727,46.0,181.01,80800.0,0
txn_0000504,card_0729,merchant_082,M,job_04,gas_transport,city_34,S04,89146,8,17,27,2025,10,23,31.774,40.0,71.89,7901.0,0
txn_0005434,card_0813,merchant_178,F,job_23,misc_net,city_35,S02,74624,23,1,17,2025,8,21,723.874,46.0,1342.69,6500.0,1
txn_0007858,card_0786,merchant_081,F,job_13,shopping_net,city_22,S05,33420,8,35,40,2025,9,3,40.525,47.0,124.55,9126.0,0
txn_0005243,card_0438,merchant_204,F,job_24,misc_net,city_28,S07,37551,4,13,37,2025,12,26,48.343,53.0,80.62,57705.0,0
txn_0005786,card_0647,merchant_024,M,job_27,shopping_pos,city_38,S01,27364,16,51,15,2025,6,27,64.915,35.0,28.84,59874.0,0
txn_0004077,card_0331,merchant_052,F,job_23,entertainment,city_58,S04,16751,12,8,7,2025,3,9,19.668,52.0,197.14,99059.0,0
txn_0007560,card_0641,merchant_046,M,job_07,entertainment,city_00,S04,34651,21,41,41,2025,3,5,14.432,59.0,98.08,11412.0,0
txn_0007535,card_0093,merchant_178,F,job_13,misc_net,city_42,S08,39361,7,22,8,2025,10,9,35.015,38.0,125.18,7476.0,0
txn_0002862,card_0326,merchant_063,F,job_03,shopping_net,city_18,S01,55158,6,26,15,2025,11,10,35.306,43.0,118.22,35626.0,0
txn_0007608,card_0671,merchant_172,M,job_11,entertainment,city_05,S03,57863,7,35,3,2025,3,16,48.893,35.0,67.77,6349.0,0
txn_0002793,card_0759,merchant_039,M,job_08,misc_net,city_35,S05,97278,17,38,23,2025,8,22,10.688,71.0,207.0,36128.0,0
txn_0005244,card_0442,merchant_123,F,job_03,grocery_pos,city_27,S06,78374,1,55,21,2025,7,28,4.684,30.0,27.47,20868.0,0
txn_0007159,card_0758,merchant_069,F,job_26,shopping_pos,city_01,S12,70252,0,10,26,2025,11,4,36.417,47.0,159.88,16185.0,0
txn_0007505,card_0708,merchant_177,F,job_07,gas_transport,city_24,S09,82255,0,52,1,2025,4,18,45.579,27.0,104.96,22052.0,0
txn_0000849,card_0578,merchant_069,M,job_07,shopping_pos,city_59,S14,51421,16,35,28,2025,5,17,25.375,51.0,60.67,12247.0,0
txn_0006379,card_0500,merchant_147,F,job_27,misc_net,city_16,S13,18268,5,28,9,2025,7,26,18.752,56.0,787.22,64103.0,0
txn_0005188,card_0697,merchant_142,M,job_23,grocery_pos,city_53,S14,79307,12,11,44,2025,6,13,27.657,45.0,21.6,8472.0,0
txn_0002199,card_0546,merchant_214,F,job_30,travel,city_19,S11,47216,7,55,43,2025,5,30,24.958,59.0,310.39,101022.0,0
txn_0004824,card_0628,merchant_176,M,job_00,travel,city_45,S05,41290,10,37,6,2025,4,11,44.058,21.0,378.65,32276.0,0
txn_0001610,card_0051,merchant_196,F,job_09,shopping_pos,city_15,S01,16466,0,23,40,2025,11,9,15.584,43.0,95.43,9808.0,0
txn_0002626,card_0896,merchant_034,M,job_31,misc_net,city_07,S05,39680,17,21,41,2025,7,15,11.684,63.0,213.37,66947.0,0
txn_0001957,card_0833,merchant_096,F,job_27,misc_net,city_33,S14,20261,14,38,48,2025,4,19,77.808,49.0,172.79,73071.0,0
txn_0005583,card_0266,merchant_178,F,job_00,misc_net,city_43,S03,56983,10,25,50,2025,3,9,28.462,38.0,146.45,25085.0,0
txn_0005155,card_0587,merchant_170,F,job_00,grocery_pos,city_58,S03,29244,14,45,28,2025,2,28,10.02,43.0,132.56,37327.0,0
txn_0005837,card_0666,merchant_217,M,job_30,personal_care,city_18,S09,41607,20,29,8,2025,8,26,48.23,51.0,90.82,61371.0,0
txn_0001099,card_0694,merchant_182,F,job_22,entertainment,city_25,S05,93434,6,10,12,2025,10,24,31.015,35.0,87.13,5557.0,0
txn_0004168,card_0363,merchant_088,M,job_26,grocery_pos,city_54,S01,44037,14,34,57,2025,6,7,5.203,68.0,78.39,6117.0,0
txn_0003954,card_0751,merchant_037,F,job_00,shopping_net,city_19,S00,60920,3,34,29,2025,1,15,23.164,55.0,81.74,11591.0,0
txn_0000447,card_0730,merchant_176,M,job_18,travel,city_54,S03,26659,14,19,5,2025,3,20,42.18,34.0,252.18,9251.0,0
txn_0002174,card_0790,merchant_068,F,job_24,shopping_pos,city_04,S01,26257,6,39,54,2025,11,18,5.934,53.0,73.06,7219.0,0
txn_0005830,card_0441,merchant_137,F,job_04,grocery_pos,city_39,S06,68619,10,39,28,2025,8,2,64.493,43.0,14.2,34614.0,0
txn_0001183,card_0492,merchant_099,M,job_31,shopping_net,city_14,S10,42980,12,22,17,2025,11,1,29.823,43.0,50.13,147413.0,0
txn_0006999,card_0508,merchant_101,F,job_00,health_fitness,city_18,S06,56119,15,5,45,2025,11,23,10.794,48.0,181.37,53451.0,0
txn_0001591,card_0515,merchant_038,F,job_25,food_dining,city_00,S03,52738,17,20,48,2025,2,25,65.01,45.0,92.16,57628.0,0
txn_0004009,card_0054,merchant_100,F,job_25,health_fitness,city_06,S14,70175,5,54,43,2025,1,31,20.925,58.0,80.23,13250.0,0
txn_0001993,card_0110,merchant_042,F,job_08,misc_net,city_04,S07,42399,4,36,23,2025,9,5,23.634,56.0,125.77,25367.0,0
txn_0000137,card_0872,merchant_117,F,job_11,entertainment,city_51,S10,53935,11,35,37,2025,4,1,13.553,22.0,211.47,30779.0,0
txn_0000441,card_0656,merchant_163,M,job_28,shopping_net,city_50,S00,39426,4,43,56,2025,3,12,84.232,43.0,94.91,19954.0,0
txn_0003316,card_0834,merchant_156,M,job_27,health_fitness,city_04,S01,62602,21,29,10,2025,12,7,63.825,59.0,41.14,36188.0,0
txn_0002096,card_0066,merchant_194,M,job_19,health_fitness,city_06,S05,63006,20,23,56,2025,6,22,6.854,53.0,191.16,10137.0,0
txn_0007275,card_0844,merchant_179,F,job_06,shopping_pos,city_27,S00,76367,12,50,42,2025,2,21,13.208,47.0,92.81,83872.0,0
txn_0005542,card_0796,merchant_117,M,job_15,entertainment,city_30,S01,36539,2,4,34,2025,11,27,12.507,27.0,52.21,6197.0,0
txn_0004482,card_0137,merchant_109,F,job_00,health_fitness,city_33,S13,57568,3,10,3,2025,4,27,48.197,56.0,140.04,51087.0,0
txn_0006040,card_0412,merchant_105,F,job_24,shopping_net,city_36,S00,72052,5,45,52,2025,7,26,16.0,36.0,259.67,13022.0,0
txn_0007057,card_0854,merchant_208,F,job_20,gas_transport,city_51,S06,65117,23,0,27,2025,3,13,22.673,38.0,98.93,24983.0,0
txn_0005077,card_0108,merchant_003,F,job_23,health_fitness,city_02,S11,54287,11,58,7,2025,3,4,33.83,62.0,50.48,67568.0,0
txn_0004327,card_0332,merchant_145,F,job_31,health_fitness,city_31,S08,73258,3,7,37,2025,4,1,5.477,47.0,24.07,17311.0,0
txn_0005315,card_0385,merchant_050,F,job_01,gas_transport,city_17,S05,40575,16,7,45,2025,4,22,161.397,58.0,98.05,71781.0,0
txn_0004022,card_0319,merchant_044,M,job_14,entertainment,city_42,S11,65243,11,2,7,2025,5,10,31.248,20.0,186.09,83149.0,0
txn_0006514,card_0832,merchant_210,F,job_22,misc_net,city_54,S00,90842,20,49,2,2025,1,31,22.08,27.0,203.3,34590.0,0
txn_0005237,card_0551,merchant_219,F,job_01,misc_net,city_45,S11,57764,17,38,56,2025,7,8,57.502,38.0,145.37,31467.0,0
txn_0003107,card_0826,merchant_081,M,job_30,shopping_net,city_58,S01,33146,0,11,14,2025,1,31,14.716,54.0,183.93,53641.0,0
txn_0004860,card_0840,merchant_172,F,job_13,entertainment,city_14,S11,39359,9,54,18,2025,1,11,9.614,62.0,111.73,27315.0,1
txn_0005834,card_0744,merchant_056,M,job_04,entertainment,city_48,S13,43701,23,46,41,2025,8,5,46.043,42.0,32.28,26529.0,0
txn_0003364,card_0650,merchant_047,F,job_08,personal_care,city_50,S02,47638,0,56,52,2025,6,27,7.778,42.0,39.4,18361.0,0
txn_0007522,card_0569,merchant_134,M,job_01,misc_net,city_10,S14,70732,1,23,36,2025,9,8,4.31,55.0,167.86,27914.0,0
txn_0000781,card_0040,merchant_208,F,job_22,gas_transport,city_25,S02,74929,4,19,39,2025,1,31,4.96,61.0,164.19,20146.0,0
txn_0007002,card_0329,merchant_002,M,job_09,food_dining,city_19,S13,76578,22,30,47,2025,7,2,34.728,36.0,143.79,53772.0,0
txn_0003928,card_0398,merchant_093,F,job_16,personal_care,city_34,S02,75813,2,52,12,2025,7,20,39.388,18.0,45.86,19313.0,0
txn_0002795,card_0394,merchant_163,M,job_30,shopping_net,city_39,S13,56031,0,42,23,2025,7,6,4.608,21.0,164.87,102828.0,0
txn_0002368,card_0268,merchant_123,M,job_31,grocery_pos,city_19,S10,29944,7,33,17,2025,4,18,5.055,53.0,68.01,32962.0,0
txn_0001843,card_0621,merchant_007,F,job_22,misc_net,city_45,S02,56724,2,50,56,2025,11,3,44.388,48.0,64.48,48845.0,0
txn_0003470,card_0818,merchant_039,M,job_13,misc_net,city_39,S10,74158,14,10,46,2025,2,8,53.599,49.0,100.29,30375.0,0
txn_0000411,card_0595,merchant_077,M,job_13,food_dining,city_39,S11,54513,13,46,40,2025,11,22,396.137,53.0,109.78,11051.0,0
txn_0000841,card_0418,merchant_045,F,job_14,gas_transport,city_17,S00,26837,23,49,17,2025,7,18,20.75,33.0,45.71,24651.0,0
txn_0003426,card_0066,merchant_134,M,job_19,misc_net,city_06,S05,63006,17,29,54,2025,11,10,41.972,53.0,163.31,10137.0,0
txn_0006835,card_0790,merchant_095,F,job_24,food_dining,city_04,S01,26257,19,50,49,2025,6,21,33.449,53.0,32.5,7219.0,0
txn_0006225,card_0364,merchant_075,F,job_07,grocery_pos,city_57,S10,27982,2,15,40,2025,3,20,1.881,60.0,25.59,39793.0,0
txn_0006317,card_0047,merchant_059,M,job_04,travel,city_32,S12,64179,11,10,33,2025,1,2,18.947,34.0,289.49,21722.0,0
txn_0005124,card_0771,merchant_161,M,job_18,shopping_pos,city_55,S11,25297,14,11,50,2025,2,17,18.836,43.0,155.55,8722.0,0
txn_0004854,card_0855,merchant_114,M,job_10,travel,city_33,S06,16043,17,38,1,2025,2,15,21.341,28.0,382.05,3285.0,0
txn_0004341,card_0665,merchant_191,M,job_14,shopping_pos,city_11,S11,99171,22,35,40,2025,6,5,1.603,26.0,159.07,78413.0,0
txn_0006766,card_0292,merchant_214,M,job_05,travel,city_48,S02,49238,20,13,17,2025,1,7,45.753,55.0,565.97,10985.0,0
txn_0007708,card_0660,merchant_192,F,job_09,health_fitness,city_20,S14,30335,16,14,30,2025,12,23,9.846,23.0,142.52,15613.0,0
txn_0007904,card_0579,merchant_029,F,job_13,entertainment,city_39,S10,51985,10,11,27,2025,9,15,16.015,30.0,74.25,26362.0,0
txn_0002694,card_0380,merchant_085,F,job_23,shopping_net,city_41,S06,50578,19,57,42,2025,5,1,17.694,30.0,114.7,14780.0,0
txn_0006445,card_0093,merchant_153,F,job_13,grocery_pos,city_42,S08,39361,12,51,5,2025,9,6,71.723,38.0,90.54,7476.0,0
txn_0003098,card_0682,merchant_088,M,job_16,grocery_pos,city_10,S14,25284,17,42,45,2025,7,22,16.583,55.0,36.65,9459.0,0
txn_0000221,card_0840,merchant_083,F,job_13,food_dining,city_14,S11,39359,18,0,52,2025,4,6,21.065,62.0,38.28,27315.0,0
txn_0007692,card_0522,merchant_134,F,job_18,misc_net,city_20,S11,98681,6,51,1,2025,3,19,23.372,20.0,190.3,10063.0,0
txn_0004388,card_0611,merchant_154,F,job_07,gas_transport,city_02,S06,73931,12,21,17,2025,7,31,16.09,39.0,44.34,47486.0,0
txn_0001240,card_0775,merchant_038,M,job_31,food_dining,city_19,S03,62574,4,10,4,2025,5,13,6.663,48.0,29.24,36379.0,0
txn_0007001,card_0343,merchant_077,M,job_15,food_dining,city_36,S07,97250,12,6,29,2025,4,18,39.671,55.0,72.06,16757.0,0
txn_0003916,card_0696,merchant_060,M,job_21,entertainment,city_48,S06,50094,11,20,27,2025,9,1,12.659,58.0,69.58,4630.0,0
txn_0005096,card_0135,merchant_158,F,job_23,grocery_pos,city_09,S08,28347,10,18,59,2025,10,1,26.335,45.0,33.9,42015.0,0
txn_0007517,card_0253,merchant_147,F,job_29,misc_net,city_56,S06,41698,1,10,0,2025,1,2,70.204,32.0,31.51,10876.0,0
txn_0003389,card_0078,merchant_060,M,job_11,entertainment,city_43,S05,58486,5,58,43,2025,7,29,12.064,36.0,46.5,45575.0,0
txn_0001753,card_0033,merchant_114,M,job_20,travel,city_04,S03,78437,13,3,26,2025,3,6,10.954,66.0,146.36,13048.0,0
txn_0001000,card_0673,merchant_058,F,job_26,shopping_pos,city_12,S07,38312,23,36,19,2025,11,18,13.986,18.0,44.71,42028.0,0
txn_0000726,card_0357,merchant_111,M,job_17,travel,city_37,S02,76072,11,10,18,2025,4,6,39.347,56.0,221.99,9479.0,0
txn_0006580,card_0825,merchant_199,F,job_25,misc_net,city_34,S03,88526,22,13,56,2025,7,16,24.659,44.0,279.69,59181.0,1
txn_0003733,card_0238,merchant_060,F,job_23,entertainment,city_59,S13,96370,3,38,5,2025,9,6,858.235,58.0,161.36,8275.0,1
txn_0007206,card_0781,merchant_121,M,job_00,entertainment,city_27,S03,20366,11,58,53,2025,12,9,17.122,66.0,198.55,99371.0,0
txn_0004214,card_0538,merchant_112,M,job_10,personal_care,city_02,S13,89279,17,40,15,2025,2,23,62.905,78.0,64.37,30864.0,0
txn_0001452,card_0214,merchant_049,M,job_06,gas_transport,city_38,S06,44438,18,1,49,2025,12,3,360.2,60.0,170.23,72219.0,0
txn_0004007,card_0339,merchant_187,M,job_01,misc_net,city_24,S02,55884,12,0,44,2025,10,24,81.916,53.0,304.86,166877.0,0
txn_0007236,card_0365,merchant_060,M,job_01,entertainment,city_55,S08,86654,23,3,24,2025,3,23,31.21,31.0,161.61,191740.0,0
txn_0005324,card_0582,merchant_212,F,job_09,gas_transport,city_55,S14,19092,12,34,18,2025,12,21,24.739,51.0,31.65,27911.0,0
txn_0007136,card_0376,merchant_208,M,job_21,gas_transport,city_06,S01,67960,5,26,8,2025,4,22,44.122,33.0,13.46,2871.0,0
txn_0001717,card_0579,merchant_156,F,job_13,health_fitness,city_39,S10,51985,0,51,1,2025,9,6,597.09,30.0,159.61,26362.0,0
txn_0006763,card_0456,merchant_146,F,job_11,grocery_pos,city_47,S11,86218,23,54,46,2025,8,22,19.693,48.0,54.75,19702.0,0
txn_0000867,card_0698,merchant_167,F,job_27,health_fitness,city_01,S00,13266,10,34,49,2025,3,10,445.694,32.0,1754.34,56342.0,0
txn_0007586,card_0741,merchant_009,M,job_01,grocery_pos,city_58,S00,47596,10,48,9,2025,8,26,33.133,62.0,62.85,22294.0,0
txn_0007331,card_0480,merchant_050,F,job_31,gas_transport,city_45,S03,91349,14,27,16,2025,5,8,37.422,61.0,114.54,46398.0,0
txn_0006054,card_0308,merchant_190,F,job_09,shopping_pos,city_16,S09,27657,19,37,36,2025,10,28,13.45,57.0,355.28,39872.0,0
txn_0005787,card_0325,merchant_127,F,job_31,food_dining,city_15,S09,61465,18,28,1,2025,3,2,1.827,54.0,21.97,35428.0,0
txn_0002100,card_0101,merchant_096,F,job_23,misc_net,city_31,S06,30760,13,43,3,2025,1,13,15.904,32.0,178.11,77925.0,0
txn_0000813,card_0779,merchant_115,M,job_16,gas_transport,city_34,S11,93662,1,18,10,2025,8,10,6.561,76.0,51.35,32741.0,0
txn_0005623,card_0658,merchant_214,F,job_31,travel,city_28,S02,64384,18,12,17,2025,3,24,37.081,39.0,979.31,36208.0,0
txn_0000326,card_0406,merchant_149,F,job_08,misc_net,city_08,S12,32627,11,51,43,2025,2,14,29.554,30.0,110.78,20308.0,0
txn_0007185,card_0511,merchant_105,M,job_17,shopping_net,city_04,S04,53181,13,16,17,2025,8,13,543.966,54.0,192.97,11322.0,0
txn_0002266,card_0435,merchant_106,F,job_31,health_fitness,city_47,S00,12883,2,50,13,2025,1,23,50.699,61.0,29.1,6401.0,0
txn_0006688,card_0580,merchant_082,F,job_04,gas_transport,city_10,S01,68777,4,48,26,2025,5,21,5.526,65.0,341.82,12923.0,0
txn_0006986,card_0271,merchant_076,F,job_20,entertainment,city_38,S00,19251,11,10,46,2025,12,13,27.967,38.0,108.95,5238.0,0
txn_0006032,card_0631,merchant_134,F,job_00,misc_net,city_31,S12,93489,0,23,53,2025,9,1,49.735,58.0,161.65,49087.0,0
txn_0006463,card_0343,merchant_044,M,job_15,entertainment,city_36,S07,97250,5,33,43,2025,10,7,12.405,55.0,86.07,16757.0,0
txn_0002063,card_0507,merchant_014,F,job_27,travel,city_09,S12,85838,15,43,1,2025,9,4,9.763,18.0,191.51,105671.0,0
txn_0007991,card_0093,merchant_047,F,job_13,personal_care,city_42,S08,39361,12,36,43,2025,6,21,46.129,38.0,41.73,7476.0,0
txn_0000649,card_0670,merchant_198,M,job_02,food_dining,city_53,S14,81895,22,29,48,2025,11,18,23.055,18.0,63.33,15686.0,0
txn_0005246,card_0805,merchant_040,M,job_27,travel,city_45,S13,90524,23,20,2,2025,6,2,5.22,38.0,191.76,281058.0,0
txn_0000872,card_0128,merchant_191,M,job_18,shopping_pos,city_10,S09,40679,11,2,8,2025,4,12,36.991,46.0,179.19,45053.0,0
txn_0002592,card_0282,merchant_164,M,job_22,shopping_pos,city_19,S12,61764,20,15,11,2025,9,9,26.545,47.0,74.47,159274.0,0
txn_0000240,card_0713,merchant_184,M,job_22,gas_transport,city_45,S01,18809,3,53,8,2025,8,24,21.889,18.0,84.5,19044.0,0
txn_0006051,card_0804,merchant_207,M,job_29,food_dining,city_45,S00,33511,7,47,50,2025,7,19,17.033,40.0,260.03,4826.0,0
txn_0007728,card_0144,merchant_088,M,job_22,grocery_pos,city_22,S06,31741,17,13,0,2025,8,31,25.37,55.0,28.75,39542.0,1
txn_0005047,card_0461,merchant_078,F,job_02,travel,city_59,S13,11964,15,55,37,2025,10,31,21.113,34.0,584.48,27265.0,0
txn_0005737,card_0510,merchant_118,M,job_01,grocery_pos,city_16,S14,10283,20,50,34,2025,8,16,6.945,43.0,15.75,46403.0,0
txn_0000119,card_0707,merchant_113,M,job_19,grocery_pos,city_37,S09,81929,12,41,20,2025,3,1,8.675,44.0,68.28,28541.0,0
txn_0005305,card_0147,merchant_007,F,job_19,misc_net,city_55,S05,98653,16,46,4,2025,9,16,19.478,34.0,201.78,6312.0,0
txn_0005782,card_0796,merchant_041,M,job_15,shopping_net,city_30,S01,36539,6,10,21,2025,1,5,31.951,27.0,176.28,6197.0,0
txn_0000967,card_0688,merchant_148,F,job_27,food_dining,city_31,S04,78790,13,0,29,2025,7,14,24.372,38.0,52.91,144528.0,0
txn_0003280,card_0293,merchant_116,F,job_22,personal_care,city_11,S12,28121,5,17,2,2025,1,1,16.364,33.0,128.61,8543.0,0
txn_0001054,card_0046,merchant_029,F,job_31,entertainment,city_24,S03,67783,4,33,22,2025,5,28,57.345,22.0,27.16,56141.0,0
txn_0007397,card_0675,merchant_178,M,job_10,misc_net,city_25,S07,79653,2,16,39,2025,5,18,31.571,18.0,75.34,9544.0,0
txn_0006502,card_0654,merchant_016,M,job_14,travel,city_49,S14,40751,9,54,9,2025,1,9,17.463,32.0,309.34,19391.0,0
txn_0006816,card_0807,merchant_217,F,job_29,personal_care,city_15,S12,26737,7,12,10,2025,1,15,19.22,59.0,62.7,8537.0,0
txn_0006389,card_0353,merchant_013,F,job_25,food_dining,city_32,S05,51752,13,23,32,2025,8,26,6.492,18.0,26.34,50072.0,0
txn_0000141,card_0334,merchant_066,F,job_20,shopping_pos,city_26,S01,26507,8,36,25,2025,12,31,5.572,42.0,293.17,6773.0,0
txn_0004775,card_0862,merchant_014,F,job_00,travel,city_08,S06,62957,12,34,23,2025,12,16,67.944,79.0,550.91,40823.0,0
txn_0003616,card_0636,merchant_066,F,job_04,shopping_pos,city_38,S07,95029,17,42,17,2025,11,1,33.87,52.0,52.23,14943.0,0
txn_0000393,card_0324,merchant_094,M,job_13,gas_transport,city_44,S05,67434,8,34,46,2025,2,5,10.53,71.0,63.99,406138.0,0
txn_0003617,card_0202,merchant_044,F,job_29,entertainment,city_23,S12,82464,8,1,54,2025,9,10,15.924,48.0,115.06,62282.0,0
txn_0003005,card_0541,merchant_089,F,job_16,health_fitness,city_23,S03,87356,6,19,59,2025,3,30,43.6,53.0,373.22,128640.0,0
txn_0001573,card_0869,merchant_203,F,job_06,travel,city_57,S03,77365,21,33,1,2025,4,30,19.365,32.0,765.81,8650.0,1
txn_0003468,card_0007,merchant_110,M,job_05,health_fitness,city_28,S04,72417,15,14,16,2025,3,12,15.696,50.0,106.42,27772.0,0
txn_0001480,card_0133,merchant_065,M,job_10,health_fitness,city_57,S08,93963,14,9,40,2025,11,10,26.665,44.0,94.67,58091.0,0
txn_0004650,card_0225,merchant_081,F,job_26,shopping_net,city_28,S02,91350,6,41,15,2025,2,26,12.705,60.0,211.0,32335.0,0
txn_0002797,card_0859,merchant_153,M,job_18,grocery_pos,city_09,S07,68835,13,55,33,2025,4,16,23.851,40.0,204.63,10627.0,0
txn_0004115,card_0426,merchant_142,M,job_21,grocery_pos,city_52,S12,28897,15,10,43,2025,12,8,14.024,63.0,27.23,35765.0,0
txn_0001308,card_0189,merchant_194,F,job_04,health_fitness,city_55,S02,38472,1,10,26,2025,5,11,3.904,43.0,38.47,8704.0,0
txn_0000459,card_0390,merchant_023,M,job_07,food_dining,city_21,S05,77902,9,15,52,2025,5,21,2.999,32.0,53.9,7242.0,0
txn_0005420,card_0811,merchant_170,M,job_15,grocery_pos,city_55,S08,62886,0,56,48,2025,8,25,31.291,39.0,107.04,274429.0,0
txn_0003831,card_0091,merchant_012,M,job_17,personal_care,city_14,S02,66396,19,19,17,2025,8,4,32.252,60.0,81.66,10702.0,0
txn_0007694,card_0353,merchant_062,F,job_25,shopping_net,city_32,S05,51752,3,49,0,2025,4,1,32.405,18.0,66.14,50072.0,0
txn_0006637,card_0816,merchant_160,F,job_20,travel,city_59,S02,52389,15,5,43,2025,10,23,14.758,35.0,207.67,17741.0,0
txn_0003249,card_0703,merchant_203,F,job_10,travel,city_06,S14,13076,11,32,48,2025,11,29,9.008,36.0,198.32,32896.0,0
txn_0002943,card_0436,merchant_031,M,job_20,travel,city_14,S08,71684,6,35,37,2025,8,30,20.39,39.0,649.77,62163.0,0
txn_0004003,card_0468,merchant_123,F,job_30,grocery_pos,city_07,S12,76421,23,32,7,2025,3,14,8.689,44.0,59.83,39760.0,0
txn_0004481,card_0283,merchant_124,F,job_14,misc_net,city_40,S12,50940,8,46,5,2025,12,14,31.819,43.0,30.88,12470.0,0
txn_0000085,card_0866,merchant_013,M,job_16,food_dining,city_14,S06,81918,9,39,46,2025,8,13,8.135,48.0,55.54,9002.0,0
txn_0002944,card_0283,merchant_114,F,job_14,travel,city_40,S12,50940,0,28,12,2025,3,28,55.659,43.0,259.06,12470.0,0
txn_0006196,card_0041,merchant_073,M,job_12,shopping_net,city_05,S01,93516,19,59,37,2025,3,24,24.614,33.0,41.23,504722.0,0
txn_0003795,card_0233,merchant_127,M,job_24,food_dining,city_40,S06,69398,23,3,46,2025,11,22,33.529,45.0,103.69,16359.0,0
txn_0000897,card_0551,merchant_070,F,job_01,misc_net,city_45,S11,57764,23,34,47,2025,3,11,13.428,38.0,973.98,31467.0,0
txn_0001597,card_0260,merchant_158,M,job_18,grocery_pos,city_53,S13,58934,2,56,28,2025,5,17,1.44,26.0,240.6,23019.0,0
txn_0007999,card_0827,merchant_117,M,job_18,entertainment,city_00,S01,53413,21,33,51,2025,2,19,2.193,25.0,99.82,5874.0,0
txn_0006489,card_0784,merchant_100,F,job_11,health_fitness,city_21,S06,44495,11,33,32,2025,3,3,37.057,26.0,121.94,11434.0,0
txn_0007060,card_0840,merchant_139,F,job_13,food_dining,city_14,S11,39359,1,54,7,2025,3,28,74.018,62.0,36.64,27315.0,0
txn_0001866,card_0536,merchant_192,F,job_13,health_fitness,city_27,S05,97654,7,15,47,2025,11,18,30.532,31.0,95.5,18702.0,0
txn_0005034,card_0681,merchant_013,F,job_06,food_dining,city_51,S11,90594,16,52,58,2025,12,16,5.476,57.0,96.72,3818.0,0
txn_0005828,card_0433,merchant_048,F,job_25,food_dining,city_08,S01,35166,18,41,51,2025,12,11,140.354,44.0,35.02,34611.0,0
txn_0001859,card_0870,merchant_113,F,job_10,grocery_pos,city_47,S11,46199,6,11,21,2025,12,6,92.978,56.0,22.24,5096.0,0
txn_0000039,card_0852,merchant_032,M,job_20,travel,city_59,S14,52986,10,32,10,2025,5,16,46.576,31.0,1335.4,22784.0,0
txn_0006632,card_0233,merchant_125,M,job_24,gas_transport,city_40,S06,69398,8,55,5,2025,10,12,93.251,45.0,48.81,16359.0,0
txn_0006458,card_0863,merchant_068,M,job_19,shopping_pos,city_29,S11,68990,15,17,55,2025,12,8,7.044,46.0,85.11,15443.0,0
txn_0003836,card_0132,merchant_041,F,job_23,shopping_net,city_50,S04,46177,2,27,13,2025,10,3,0.805,48.0,89.08,8306.0,0
txn_0007721,card_0071,merchant_128,F,job_13,travel,city_12,S00,18566,4,1,38,2025,6,12,22.735,29.0,116.64,48466.0,0
txn_0002731,card_0711,merchant_162,M,job_04,health_fitness,city_51,S14,87116,14,31,55,2025,6,25,42.354,70.0,54.9,17946.0,0
txn_0002173,card_0084,merchant_064,M,job_18,shopping_net,city_37,S13,97798,6,6,1,2025,5,11,6.88,50.0,71.72,48537.0,0
txn_0007170,card_0149,merchant_177,F,job_03,gas_transport,city_19,S05,91548,16,23,37,2025,8,15,63.441,54.0,10.51,29314.0,0
txn_0000045,card_0732,merchant_154,M,job_02,gas_transport,city_55,S03,87498,8,2,55,2025,8,13,7.381,60.0,45.81,20377.0,0
txn_0000547,card_0207,merchant_195,M,job_29,misc_net,city_09,S14,23985,13,29,52,2025,2,5,14.855,39.0,288.8,49218.0,0
txn_0001987,card_0157,merchant_171,M,job_24,food_dining,city_31,S11,59254,12,2,29,2025,8,9,14.156,49.0,14.88,126033.0,0
txn_0004907,card_0456,merchant_197,F,job_11,travel,city_47,S11,86218,3,9,30,2025,9,16,28.405,48.0,211.62,19702.0,0
txn_0004905,card_0430,merchant_045,F,job_14,gas_transport,city_37,S05,58753,21,47,4,2025,8,28,15.239,45.0,96.06,115982.0,0
txn_0006262,card_0285,merchant_156,M,job_09,health_fitness,city_39,S09,47253,4,31,50,2025,3,17,4.418,42.0,58.26,37277.0,0
txn_0004663,card_0798,merchant_095,F,job_11,food_dining,city_58,S01,16283,6,42,46,2025,8,31,19.619,55.0,130.87,12881.0,0
txn_0007800,card_0537,merchant_106,F,job_20,health_fitness,city_49,S14,33294,12,40,59,2025,9,27,83.479,41.0,47.19,92631.0,0
txn_0006181,card_0216,merchant_137,F,job_31,grocery_pos,city_24,S09,50668,3,43,30,2025,1,3,50.857,34.0,31.45,20708.0,0
txn_0004589,card_0539,merchant_049,F,job_30,gas_transport,city_05,S00,55408,6,26,20,2025,6,22,31.826,63.0,181.18,6336.0,0
txn_0007152,card_0688,merchant_104,F,job_27,shopping_net,city_31,S04,78790,2,28,9,2025,9,16,51.496,38.0,134.47,144528.0,0
txn_0003669,card_0507,merchant_073,F,job_27,shopping_net,city_09,S12,85838,0,36,19,2025,2,24,5.985,18.0,80.2,105671.0,0
txn_0001803,card_0193,merchant_123,F,job_12,grocery_pos,city_38,S13,69027,3,12,21,2025,12,8,14.514,48.0,50.17,42360.0,0
txn_0007036,card_0264,merchant_028,M,job_16,travel,city_35,S11,66842,21,40,51,2025,11,18,31.006,34.0,54.91,39565.0,0
txn_0003166,card_0285,merchant_136,M,job_09,personal_care,city_39,S09,47253,22,51,13,2025,7,29,6.663,42.0,60.51,37277.0,0
txn_0005833,card_0368,merchant_124,F,job_30,misc_net,city_56,S02,63084,7,28,12,2025,4,16,33.916,19.0,47.61,100818.0,0
txn_0007158,card_0572,merchant_135,F,job_14,shopping_net,city_03,S09,55585,17,27,30,2025,12,2,2.826,41.0,214.24,42923.0,0
txn_0002938,card_0208,merchant_018,F,job_30,personal_care,city_47,S01,56704,8,21,26,2025,6,11,3.617,18.0,11.97,8875.0,0
txn_0005488,card_0333,merchant_109,M,job_23,health_fitness,city_23,S01,75679,22,11,32,2025,6,16,32.471,46.0,129.44,27096.0,0
txn_0001244,card_0622,merchant_087,F,job_06,shopping_net,city_06,S11,84285,12,14,10,2025,11,10,685.657,53.0,1409.6,62014.0,1
txn_0001366,card_0288,merchant_059,M,job_18,travel,city_18,S13,22572,15,28,35,2025,9,20,8.229,63.0,247.63,5171.0,0
txn_0004484,card_0004,merchant_160,F,job_14,travel,city_07,S01,93225,7,12,1,2025,3,22,24.014,59.0,93.6,22681.0,0
txn_0006984,card_0499,merchant_093,F,job_09,personal_care,city_53,S03,40265,10,18,57,2025,6,13,43.428,32.0,85.32,98331.0,0
txn_0001314,card_0249,merchant_107,F,job_27,personal_care,city_39,S07,30197,8,6,41,2025,5,14,9.918,55.0,29.72,9730.0,0
txn_0006654,card_0056,merchant_113,M,job_12,grocery_pos,city_22,S13,56317,19,45,28,2025,5,4,14.85,49.0,19.98,352133.0,0
txn_0002084,card_0628,merchant_120,M,job_00,health_fitness,city_45,S05,41290,2,30,12,2025,7,9,51.075,21.0,79.29,32276.0,0
txn_0004204,card_0394,merchant_022,M,job_30,grocery_pos,city_39,S13,56031,20,6,1,2025,4,7,6.447,21.0,26.27,102828.0,0
txn_0002038,card_0559,merchant_208,M,job_16,gas_transport,city_12,S06,12796,11,24,34,2025,5,4,35.253,56.0,95.65,24448.0,0
txn_0006520,card_0522,merchant_197,F,job_18,travel,city_20,S11,98681,8,39,48,2025,6,21,8.01,20.0,477.38,10063.0,0
txn_0007358,card_0592,merchant_074,F,job_00,health_fitness,city_37,S03,76709,23,33,6,2025,1,19,84.032,33.0,157.76,3503.0,1
txn_0002067,card_0097,merchant_072,M,job_11,entertainment,city_52,S08,47102,11,43,47,2025,8,21,13.192,33.0,78.83,19802.0,0
txn_0000626,card_0242,merchant_098,F,job_29,grocery_pos,city_44,S11,60357,16,37,9,2025,1,15,5.411,30.0,23.09,131604.0,0
txn_0001168,card_0534,merchant_187,M,job_10,misc_net,city_33,S08,98828,2,20,4,2025,7,30,22.703,44.0,47.03,20508.0,0
txn_0003387,card_0235,merchant_022,M,job_01,grocery_pos,city_50,S03,75232,12,45,6,2025,5,12,20.608,31.0,129.41,18373.0,0
txn_0000455,card_0447,merchant_011,M,job_22,gas_transport,city_10,S12,32346,20,59,38,2025,5,30,31.747,37.0,66.38,69491.0,0
txn_0002107,card_0690,merchant_152,M,job_23,entertainment,city_20,S03,16125,11,3,28,2025,12,31,2.195,33.0,133.47,15110.0,0
txn_0000214,card_0746,merchant_099,M,job_10,shopping_net,city_47,S04,14473,23,14,17,2025,4,8,14.266,66.0,571.32,22159.0,0
txn_0003718,card_0760,merchant_136,F,job_19,personal_care,city_34,S06,10682,21,6,58,2025,11,1,0.928,26.0,67.47,7225.0,0
txn_0004788,card_0776,merchant_111,F,job_04,travel,city_16,S08,38487,11,26,26,2025,12,4,5.489,33.0,219.05,7917.0,0
txn_0001887,card_0409,merchant_090,F,job_27,shopping_net,city_08,S03,20430,7,4,49,2025,4,11,20.665,25.0,192.45,8633.0,0
txn_0000907,card_0520,merchant_154,F,job_30,gas_transport,city_05,S10,75338,11,52,29,2025,7,16,10.717,46.0,31.28,33802.0,0
txn_0006929,card_0210,merchant_081,F,job_20,shopping_net,city_29,S01,30599,0,30,8,2025,1,1,18.144,31.0,443.11,14674.0,0
txn_0003002,card_0096,merchant_169,F,job_16,travel,city_34,S13,37725,7,1,6,2025,8,5,52.953,80.0,500.18,6622.0,0
txn_0002651,card_0008,merchant_174,F,job_11,entertainment,city_05,S10,65565,21,50,58,2025,5,27,15.582,53.0,28.0,6677.0,0
txn_0000225,card_0417,merchant_078,F,job_18,travel,city_59,S09,23741,18,12,4,2025,12,14,31.034,57.0,231.88,22923.0,0
txn_0003501,card_0064,merchant_141,F,job_30,gas_transport,city_50,S03,56180,1,53,51,2025,4,28,214.546,51.0,382.73,12774.0,0
txn_0005909,card_0014,merchant_152,M,job_18,entertainment,city_53,S07,77614,7,32,43,2025,2,6,40.228,32.0,97.11,32445.0,0
txn_0006296,card_0123,merchant_167,F,job_26,health_fitness,city_26,S14,99416,17,34,9,2025,4,1,16.574,44.0,92.96,3850.0,0
txn_0003901,card_0070,merchant_087,M,job_09,shopping_net,city_02,S09,22964,18,36,35,2025,8,15,19.629,50.0,122.48,70559.0,0
txn_0001209,card_0814,merchant_218,M,job_20,misc_net,city_06,S03,54188,16,30,48,2025,1,10,8.399,58.0,223.11,2600.0,0
txn_0004497,card_0877,merchant_110,M,job_05,health_fitness,city_52,S12,43150,12,26,44,2025,10,20,24.704,20.0,118.84,18886.0,0
txn_0000252,card_0764,merchant_209,F,job_16,shopping_pos,city_26,S05,62043,1,50,23,2025,2,23,61.377,44.0,126.29,4378.0,1
txn_0007392,card_0220,merchant_055,F,job_00,grocery_pos,city_18,S04,21355,5,12,31,2025,9,14,34.309,18.0,133.8,4884.0,0
txn_0003310,card_0469,merchant_173,M,job_20,misc_net,city_58,S09,19025,19,28,48,2025,11,8,58.689,35.0,95.69,57003.0,0
txn_0000591,card_0384,merchant_101,F,job_12,health_fitness,city_38,S05,87187,16,30,34,2025,7,8,21.467,50.0,97.84,58357.0,0
txn_0006247,card_0687,merchant_116,M,job_02,personal_care,city_03,S11,82575,17,31,9,2025,2,7,11.541,46.0,100.26,25403.0,0
txn_0007978,card_0363,merchant_104,M,job_26,shopping_net,city_54,S01,44037,16,27,39,2025,7,18,20.785,68.0,133.34,6117.0,0
txn_0005973,card_0548,merchant_209,M,job_23,shopping_pos,city_12,S02,87639,22,48,45,2025,4,8,24.74,42.0,87.25,95550.0,0
txn_0003937,card_0652,merchant_060,F,job_17,entertainment,city_05,S01,98218,13,1,25,2025,2,15,82.793,63.0,55.2,20375.0,0
txn_0001690,card_0632,merchant_171,F,job_29,food_dining,city_09,S03,64461,23,19,57,2025,2,22,20.286,58.0,41.28,418861.0,0
txn_0003210,card_0879,merchant_216,M,job_21,entertainment,city_22,S01,58345,13,10,8,2025,7,18,13.378,59.0,84.48,52851.0,0
txn_0000377,card_0609,merchant_053,M,job_21,travel,city_01,S14,64587,1,51,16,2025,5,24,24.906,25.0,762.5,18430.0,0
txn_0001042,card_0680,merchant_130,M,job_09,personal_care,city_39,S12,53102,10,37,32,2025,11,27,2.985,48.0,69.17,35423.0,0
txn_0007351,card_0242,merchant_166,F,job_29,shopping_net,city_44,S11,60357,14,5,59,2025,6,25,13.745,30.0,123.13,131604.0,1
txn_0007443,card_0567,merchant_211,F,job_12,misc_net,city_10,S10,26318,12,6,53,2025,5,5,39.108,69.0,255.98,8099.0,0
txn_0000909,card_0280,merchant_009,F,job_19,grocery_pos,city_49,S10,87828,19,3,37,2025,7,1,34.537,69.0,34.64,30512.0,0
txn_0006154,card_0020,merchant_142,M,job_27,grocery_pos,city_18,S09,99646,8,52,11,2025,1,28,36.488,45.0,81.42,33981.0,0
txn_0007518,card_0442,merchant_022,F,job_03,grocery_pos,city_27,S06,78374,5,51,6,2025,4,12,96.367,30.0,76.6,20868.0,0
txn_0007523,card_0121,merchant_155,M,job_02,shopping_pos,city_32,S12,62419,6,0,26,2025,4,23,43.552,62.0,86.8,26512.0,0
txn_0000007,card_0699,merchant_196,F,job_22,shopping_pos,city_55,S10,18394,13,16,38,2025,9,5,29.452,55.0,211.42,23158.0,0
txn_0002415,card_0134,merchant_205,M,job_02,personal_care,city_08,S05,39018,8,28,55,2025,11,26,28.437,37.0,114.18,14992.0,0
txn_0007476,card_0295,merchant_106,M,job_20,health_fitness,city_46,S09,93660,13,51,37,2025,1,3,19.187,75.0,175.21,44404.0,0
txn_0002515,card_0289,merchant_141,F,job_00,gas_transport,city_01,S06,84196,13,9,26,2025,7,29,19.324,44.0,127.64,14606.0,0
txn_0001005,card_0735,merchant_186,M,job_17,health_fitness,city_58,S09,48336,1,22,30,2025,4,6,66.514,18.0,73.2,32267.0,0
txn_0000477,card_0313,merchant_204,F,job_27,misc_net,city_54,S11,59528,23,0,49,2025,7,7,31.72,55.0,202.61,17016.0,0
txn_0000782,card_0603,merchant_134,F,job_10,misc_net,city_33,S04,21767,20,21,27,2025,5,12,34.12,30.0,96.35,11146.0,0
txn_0006286,card_0505,merchant_168,F,job_04,entertainment,city_05,S10,50725,20,36,34,2025,1,1,14.939,42.0,14.88,54508.0,0
txn_0001348,card_0435,merchant_056,F,job_31,entertainment,city_47,S00,12883,14,10,4,2025,11,25,47.52,61.0,142.33,6401.0,0
txn_0001543,card_0383,merchant_209,F,job_25,shopping_pos,city_38,S03,70676,3,6,35,2025,8,26,43.697,49.0,11.98,90223.0,0
txn_0006808,card_0608,merchant_079,M,job_27,gas_transport,city_27,S00,30367,7,42,46,2025,2,22,14.688,48.0,81.27,21120.0,0
txn_0005937,card_0803,merchant_092,M,job_06,travel,city_33,S03,94333,20,39,6,2025,3,20,30.927,22.0,368.88,19321.0,0
txn_0000115,card_0062,merchant_133,F,job_26,grocery_pos,city_50,S05,97129,9,54,10,2025,9,21,23.69,46.0,54.72,42395.0,0
txn_0003452,card_0733,merchant_074,M,job_28,health_fitness,city_10,S05,90435,1,11,57,2025,7,8,11.91,59.0,71.31,11217.0,0
txn_0001547,card_0838,merchant_133,F,job_00,grocery_pos,city_09,S07,40989,11,44,55,2025,11,6,2.332,32.0,130.11,26059.0,0
txn_0007649,card_0228,merchant_119,M,job_17,health_fitness,city_31,S02,71351,18,3,1,2025,4,20,0.647,44.0,109.41,12409.0,0
txn_0003437,card_0712,merchant_203,M,job_21,travel,city_57,S03,41322,9,30,45,2025,9,7,16.363,44.0,136.72,14374.0,0
txn_0001810,card_0556,merchant_204,M,job_31,misc_net,city_24,S02,73609,21,0,23,2025,1,20,45.399,53.0,38.2,19286.0,0
txn_0004548,card_0281,merchant_042,F,job_29,misc_net,city_05,S00,30122,7,4,15,2025,4,24,26.774,32.0,108.39,33688.0,0
txn_0003362,card_0755,merchant_006,F,job_07,shopping_net,city_06,S12,84151,1,44,27,2025,5,5,15.369,30.0,155.55,3744.0,0
txn_0001638,card_0450,merchant_174,M,job_01,entertainment,city_30,S10,39134,10,41,17,2025,7,9,3.348,29.0,102.07,11583.0,0
txn_0006311,card_0062,merchant_211,F,job_26,misc_net,city_50,S05,97129,2,52,7,2025,2,5,16.962,46.0,305.25,42395.0,0
txn_0000421,card_0539,merchant_117,F,job_30,entertainment,city_05,S00,55408,6,49,9,2025,8,16,26.305,63.0,311.29,6336.0,0
txn_0005421,card_0246,merchant_007,M,job_17,misc_net,city_27,S08,79445,6,37,47,2025,7,18,41.994,39.0,160.57,31465.0,1
txn_0005344,card_0271,merchant_056,F,job_20,entertainment,city_38,S00,19251,5,52,57,2025,5,29,8.789,38.0,78.82,5238.0,0
txn_0004518,card_0651,merchant_103,M,job_27,gas_transport,city_53,S14,44664,12,53,15,2025,8,11,17.314,64.0,66.21,12941.0,0
txn_0001310,card_0148,merchant_021,M,job_21,shopping_pos,city_00,S04,92737,18,54,41,2025,6,4,5.87,65.0,178.99,58241.0,0
txn_0001389,card_0066,merchant_061,M,job_19,shopping_pos,city_06,S05,63006,15,39,11,2025,4,13,21.975,53.0,101.89,10137.0,0
txn_0004736,card_0703,merchant_190,F,job_10,shopping_pos,city_06,S14,13076,7,5,32,2025,10,14,34.326,36.0,340.5,32896.0,0
txn_0007428,card_0770,merchant_104,M,job_24,shopping_net,city_48,S03,60250,16,39,29,2025,7,3,7.363,58.0,144.64,24774.0,0
txn_0000688,card_0238,merchant_020,F,job_23,food_dining,city_59,S13,96370,21,25,43,2025,12,30,25.766,58.0,42.74,8275.0,0
txn_0003331,card_0832,merchant_064,F,job_22,shopping_net,city_54,S00,90842,5,34,20,2025,5,19,10.315,27.0,112.44,34590.0,0
txn_0005500,card_0662,merchant_162,F,job_07,health_fitness,city_28,S00,36233,22,37,17,2025,5,22,14.583,33.0,65.66,32960.0,0
txn_0003021,card_0396,merchant_048,F,job_08,food_dining,city_17,S02,12299,12,34,7,2025,7,6,45.478,61.0,91.22,66402.0,0
txn_0004424,card_0627,merchant_198,F,job_04,food_dining,city_23,S03,65179,2,8,49,2025,9,9,120.998,71.0,37.85,45815.0,0
txn_0006074,card_0859,merchant_166,M,job_18,shopping_net,city_09,S07,68835,13,22,34,2025,3,18,59.368,40.0,81.72,10627.0,1
txn_0004929,card_0870,merchant_061,F,job_10,shopping_pos,city_47,S11,46199,5,50,9,2025,9,9,28.014,56.0,86.51,5096.0,0
txn_0007462,card_0099,merchant_077,F,job_16,food_dining,city_20,S05,78367,22,29,12,2025,5,10,129.249,40.0,30.34,16022.0,0
txn_0000053,card_0450,merchant_062,M,job_01,shopping_net,city_30,S10,39134,9,44,29,2025,3,17,7.668,29.0,343.12,11583.0,0
txn_0004033,card_0281,merchant_088,F,job_29,grocery_pos,city_05,S00,30122,17,33,36,2025,10,19,14.255,32.0,71.73,33688.0,0
txn_0007018,card_0442,merchant_004,F,job_03,travel,city_27,S06,78374,13,42,6,2025,3,6,31.418,30.0,262.14,20868.0,0
txn_0002529,card_0608,merchant_176,M,job_27,travel,city_27,S00,30367,7,44,25,2025,3,18,22.496,48.0,278.16,21120.0,0
txn_0006811,card_0624,merchant_074,M,job_19,health_fitness,city_20,S06,80372,18,31,47,2025,4,28,29.86,44.0,84.63,22009.0,0
txn_0003974,card_0567,merchant_089,F,job_12,health_fitness,city_10,S10,26318,22,12,7,2025,2,9,11.011,69.0,67.84,8099.0,0
txn_0007176,card_0707,merchant_041,M,job_19,shopping_net,city_37,S09,81929,1,49,59,2025,7,9,26.442,44.0,125.66,28541.0,0
txn_0007008,card_0464,merchant_134,F,job_17,misc_net,city_06,S01,78084,2,23,56,2025,9,12,32.547,38.0,125.32,96885.0,1
txn_0002925,card_0508,merchant_194,F,job_00,health_fitness,city_18,S06,56119,10,57,38,2025,4,9,31.342,48.0,108.36,53451.0,0
txn_0004519,card_0127,merchant_079,M,job_08,gas_transport,city_07,S14,57409,22,34,28,2025,7,9,48.987,65.0,53.82,22863.0,0
txn_0006510,card_0378,merchant_198,F,job_00,food_dining,city_37,S03,58807,2,38,17,2025,4,18,52.687,62.0,33.17,75960.0,0
txn_0002416,card_0486,merchant_218,F,job_17,misc_net,city_54,S11,34256,5,13,3,2025,5,3,0.891,19.0,417.13,8746.0,0
txn_0006608,card_0249,merchant_098,F,job_27,grocery_pos,city_39,S07,30197,11,41,21,2025,10,10,19.326,55.0,96.37,9730.0,0
txn_0007320,card_0374,merchant_035,M,job_24,shopping_pos,city_13,S08,18552,1,25,49,2025,1,10,59.817,43.0,257.63,6574.0,0
txn_0007798,card_0893,merchant_146,M,job_08,grocery_pos,city_25,S08,33570,23,46,57,2025,3,25,16.448,33.0,30.56,12206.0,0
txn_0000683,card_0897,merchant_140,F,job_05,misc_net,city_25,S08,44933,11,4,8,2025,3,29,24.765,35.0,202.4,19040.0,0
txn_0003307,card_0466,merchant_209,F,job_09,shopping_pos,city_41,S11,86884,9,47,7,2025,5,3,5.57,38.0,32.12,49879.0,0
txn_0007412,card_0813,merchant_161,F,job_23,shopping_pos,city_35,S02,74624,12,48,33,2025,6,6,359.138,46.0,244.21,6500.0,1
txn_0005001,card_0226,merchant_127,M,job_27,food_dining,city_36,S09,40342,7,54,7,2025,9,14,26.638,73.0,25.5,43706.0,0
txn_0003556,card_0195,merchant_041,F,job_02,shopping_net,city_00,S08,34752,6,20,40,2025,9,22,29.855,28.0,258.87,45269.0,0
txn_0001817,card_0040,merchant_140,F,job_22,misc_net,city_25,S02,74929,13,26,48,2025,7,30,9.098,61.0,107.62,20146.0,0
txn_0000453,card_0328,merchant_021,F,job_04,shopping_pos,city_03,S03,69639,21,47,18,2025,10,20,16.559,59.0,122.23,159076.0,0
txn_0001376,card_0236,merchant_040,M,job_23,travel,city_35,S11,27682,5,18,44,2025,2,9,59.38,30.0,75.77,19019.0,0
txn_0000075,card_0006,merchant_039,F,job_13,misc_net,city_00,S10,39469,8,22,48,2025,10,6,32.11,38.0,95.97,51966.0,0
txn_0000886,card_0462,merchant_216,M,job_11,entertainment,city_01,S02,66917,12,44,18,2025,7,10,21.708,39.0,37.5,6932.0,0
txn_0001534,card_0270,merchant_004,F,job_20,travel,city_11,S09,14125,16,11,44,2025,6,24,16.734,38.0,111.84,18861.0,0
txn_0005736,card_0880,merchant_030,F,job_01,health_fitness,city_07,S13,52065,11,45,54,2025,6,23,1.185,37.0,53.87,33773.0,0
txn_0000092,card_0751,merchant_087,F,job_00,shopping_net,city_19,S00,60920,2,18,46,2025,12,29,17.231,55.0,71.04,11591.0,0
txn_0002356,card_0408,merchant_125,M,job_13,gas_transport,city_14,S13,27071,13,6,26,2025,8,1,11.429,56.0,103.82,42019.0,0
txn_0002815,card_0761,merchant_131,M,job_19,grocery_pos,city_21,S14,80624,2,45,13,2025,11,27,41.639,44.0,27.42,49718.0,0
txn_0002297,card_0099,merchant_105,F,job_16,shopping_net,city_20,S05,78367,23,25,28,2025,9,20,45.447,40.0,166.69,16022.0,0
txn_0002220,card_0864,merchant_161,M,job_18,shopping_pos,city_12,S11,50115,5,21,47,2025,4,24,10.142,40.0,216.8,19159.0,0
txn_0005211,card_0093,merchant_155,F,job_13,shopping_pos,city_42,S08,39361,14,16,39,2025,5,6,47.015,38.0,31.85,7476.0,0
txn_0007965,card_0613,merchant_126,F,job_10,personal_care,city_36,S03,74222,22,25,6,2025,11,23,8.109,37.0,31.41,26386.0,0
txn_0006515,card_0771,merchant_043,M,job_18,health_fitness,city_55,S11,25297,20,55,37,2025,8,18,31.263,43.0,32.11,8722.0,0
txn_0001624,card_0221,merchant_146,F,job_02,grocery_pos,city_39,S11,10991,14,41,5,2025,12,21,28.054,40.0,28.36,17798.0,0
txn_0002894,card_0627,merchant_189,F,job_04,shopping_pos,city_23,S03,65179,5,38,56,2025,4,18,14.838,71.0,400.87,45815.0,0
txn_0001069,card_0878,merchant_118,M,job_09,grocery_pos,city_34,S13,88244,14,25,36,2025,9,7,728.984,26.0,257.66,51243.0,1
txn_0001819,card_0172,merchant_054,M,job_24,shopping_pos,city_40,S12,57478,10,35,14,2025,7,31,31.012,42.0,113.98,20384.0,0
txn_0000223,card_0752,merchant_195,F,job_01,misc_net,city_13,S06,59609,9,28,32,2025,3,11,576.927,40.0,478.88,6287.0,0
txn_0003885,card_0473,merchant_021,F,job_13,shopping_pos,city_27,S05,94815,15,22,48,2025,7,15,27.882,51.0,214.85,22643.0,0
txn_0003192,card_0235,merchant_155,M,job_01,shopping_pos,city_50,S03,75232,21,14,42,2025,8,21,59.774,31.0,143.54,18373.0,0
txn_0006567,card_0248,merchant_056,M,job_22,entertainment,city_45,S07,76637,21,56,46,2025,10,24,58.949,55.0,30.88,41744.0,0
txn_0004528,card_0461,merchant_107,F,job_02,personal_care,city_59,S13,11964,21,45,5,2025,5,21,32.652,34.0,24.33,27265.0,0
txn_0007681,card_0112,merchant_094,M,job_07,gas_transport,city_00,S02,82629,21,15,23,2025,8,11,6.349,63.0,61.18,49225.0,0
txn_0003262,card_0629,merchant_063,F,job_29,shopping_net,city_16,S13,11271,7,31,26,2025,2,7,290.944,79.0,451.43,31164.0,0
txn_0000920,card_0013,merchant_201,M,job_31,gas_transport,city_29,S07,16666,12,21,11,2025,3,21,87.356,69.0,138.18,53079.0,0
txn_0006842,card_0892,merchant_036,M,job_11,entertainment,city_54,S14,72684,0,28,7,2025,2,14,39.582,57.0,75.06,17945.0,0
txn_0001960,card_0844,merchant_133,F,job_06,grocery_pos,city_27,S00,76367,23,43,4,2025,10,22,7.772,47.0,25.48,83872.0,0
txn_0002348,card_0425,merchant_200,F,job_06,shopping_pos,city_37,S13,22580,19,26,29,2025,3,10,20.124,42.0,78.49,116799.0,0
txn_0001864,card_0702,merchant_108,F,job_26,grocery_pos,city_45,S02,22007,2,56,46,2025,4,2,32.977,58.0,57.21,19523.0,0
txn_0002688,card_0093,merchant_042,F,job_13,misc_net,city_42,S08,39361,17,22,53,2025,11,7,9.544,38.0,17.69,7476.0,0
txn_0003965,card_0046,merchant_000,F,job_31,health_fitness,city_24,S03,67783,18,30,16,2025,1,30,15.149,22.0,79.18,56141.0,0
txn_0004712,card_0769,merchant_184,F,job_23,gas_transport,city_55,S12,57380,17,33,28,2025,8,26,14.692,44.0,47.24,42739.0,0
txn_0004910,card_0426,merchant_012,M,job_21,personal_care,city_52,S12,28897,15,34,7,2025,11,14,56.521,63.0,59.54,35765.0,0
txn_0005410,card_0707,merchant_000,M,job_19,health_fitness,city_37,S09,81929,14,43,3,2025,10,30,30.671,44.0,47.9,28541.0,0
txn_0003971,card_0409,merchant_121,F,job_27,entertainment,city_08,S03,20430,5,15,2,2025,8,25,1.936,25.0,33.35,8633.0,0
txn_0000145,card_0585,merchant_089,M,job_27,health_fitness,city_52,S07,61474,4,20,40,2025,5,19,7.342,45.0,29.99,31818.0,0
txn_0001802,card_0395,merchant_167,M,job_16,health_fitness,city_48,S11,40153,4,53,47,2025,2,16,687.692,32.0,540.78,23347.0,0
txn_0006718,card_0247,merchant_102,F,job_24,shopping_pos,city_31,S07,42369,5,21,52,2025,2,3,4.284,38.0,67.8,29074.0,0
txn_0000475,card_0784,merchant_084,F,job_11,misc_net,city_21,S06,44495,23,19,15,2025,10,13,451.83,26.0,1737.86,11434.0,1
txn_0003179,card_0357,merchant_088,M,job_17,grocery_pos,city_37,S02,76072,2,56,20,2025,10,29,13.877,56.0,41.9,9479.0,0
txn_0007921,card_0481,merchant_036,M,job_09,entertainment,city_21,S02,35632,1,26,6,2025,1,17,7.147,41.0,21.07,189955.0,0
txn_0004524,card_0649,merchant_087,M,job_00,shopping_net,city_10,S11,44075,23,15,3,2025,12,8,4.509,58.0,191.06,89263.0,0
txn_0001622,card_0763,merchant_073,M,job_17,shopping_net,city_24,S00,97082,8,26,15,2025,2,21,27.713,34.0,59.41,125836.0,0
txn_0005671,card_0085,merchant_189,M,job_20,shopping_pos,city_10,S01,23885,6,29,53,2025,7,18,25.882,49.0,113.01,6198.0,0
txn_0003571,card_0176,merchant_101,M,job_22,health_fitness,city_55,S09,57916,2,52,13,2025,2,27,34.465,51.0,232.09,63646.0,1
txn_0007521,card_0805,merchant_078,M,job_27,travel,city_45,S13,90524,16,23,58,2025,3,28,0.997,38.0,205.06,281058.0,0
txn_0001062,card_0723,merchant_021,F,job_00,shopping_pos,city_24,S05,33868,12,12,3,2025,11,15,25.358,35.0,36.47,19718.0,0
txn_0006885,card_0129,merchant_139,M,job_10,food_dining,city_57,S01,67511,17,43,55,2025,11,17,26.02,58.0,15.34,5694.0,0
txn_0000908,card_0581,merchant_046,M,job_00,entertainment,city_26,S11,42516,18,42,6,2025,9,1,31.35,35.0,69.69,42682.0,0
txn_0002844,card_0383,merchant_048,F,job_25,food_dining,city_38,S03,70676,14,36,42,2025,9,25,56.93,49.0,114.6,90223.0,0
txn_0004220,card_0035,merchant_008,F,job_30,misc_net,city_08,S02,52529,0,56,26,2025,7,30,14.778,29.0,97.15,7904.0,0
txn_0006975,card_0138,merchant_196,F,job_13,shopping_pos,city_57,S03,70133,15,48,8,2025,12,24,8.283,59.0,350.92,60425.0,0
txn_0006544,card_0036,merchant_018,M,job_05,personal_care,city_56,S08,58644,16,15,33,2025,11,20,79.671,43.0,19.28,86316.0,0
txn_0000806,card_0864,merchant_209,M,job_18,shopping_pos,city_12,S11,50115,13,57,44,2025,2,10,27.271,40.0,127.31,19159.0,0
txn_0003821,card_0503,merchant_142,M,job_10,grocery_pos,city_52,S02,11460,6,53,34,2025,3,11,669.47,61.0,176.98,104628.0,0
txn_0006272,card_0314,merchant_202,F,job_02,shopping_pos,city_44,S07,81040,19,55,52,2025,1,23,37.062,46.0,189.65,8056.0,0
txn_0000364,card_0297,merchant_162,F,job_31,health_fitness,city_51,S05,11607,1,41,5,2025,9,8,33.786,18.0,266.59,18765.0,0
txn_0001903,card_0153,merchant_177,F,job_30,gas_transport,city_27,S01,34221,22,45,43,2025,1,5,12.745,47.0,93.76,63967.0,0
txn_0005870,card_0058,merchant_030,M,job_31,health_fitness,city_31,S05,40138,23,18,24,2025,6,2,20.528,59.0,280.5,5670.0,0
txn_0001164,card_0747,merchant_026,F,job_21,shopping_pos,city_35,S08,23662,21,8,54,2025,5,16,132.57,50.0,45.44,376813.0,0
txn_0007471,card_0649,merchant_153,M,job_00,grocery_pos,city_10,S11,44075,22,28,59,2025,12,28,0.83,58.0,29.65,89263.0,0
txn_0002165,card_0558,merchant_153,M,job_08,grocery_pos,city_37,S08,27978,12,56,48,2025,6,8,14.182,55.0,17.75,9829.0,0
txn_0006038,card_0890,merchant_150,F,job_18,gas_transport,city_43,S01,26931,15,23,25,2025,6,9,89.748,61.0,66.63,32320.0,0
txn_0000691,card_0059,merchant_100,M,job_13,health_fitness,city_44,S06,54415,7,20,54,2025,8,13,18.205,52.0,23.26,12110.0,0
txn_0000873,card_0254,merchant_004,M,job_09,travel,city_42,S04,53382,18,35,20,2025,4,25,19.691,38.0,139.54,17238.0,0
txn_0001137,card_0600,merchant_117,M,job_16,entertainment,city_00,S09,71059,6,22,23,2025,4,23,5.917,40.0,153.8,23145.0,0
txn_0007768,card_0358,merchant_125,F,job_17,gas_transport,city_48,S05,18811,3,1,40,2025,7,24,43.822,64.0,191.93,19385.0,0
txn_0007748,card_0552,merchant_198,M,job_01,food_dining,city_42,S02,92067,9,3,12,2025,8,22,12.663,21.0,446.25,57138.0,0
txn_0004403,card_0658,merchant_032,F,job_31,travel,city_28,S02,64384,20,32,2,2025,6,28,8.924,39.0,510.18,36208.0,0
txn_0006465,card_0647,merchant_219,M,job_27,misc_net,city_38,S01,27364,5,40,57,2025,10,15,41.781,35.0,58.58,59874.0,0
txn_0003010,card_0473,merchant_145,F,job_13,health_fitness,city_27,S05,94815,5,54,16,2025,2,13,6.075,51.0,81.65,22643.0,0
txn_0004954,card_0559,merchant_202,M,job_16,shopping_pos,city_12,S06,12796,18,13,43,2025,10,11,16.389,56.0,48.81,24448.0,0
txn_0005151,card_0443,merchant_148,F,job_18,food_dining,city_06,S08,19779,8,39,46,2025,10,9,2.307,31.0,85.4,36481.0,0
txn_0001850,card_0709,merchant_091,F,job_04,food_dining,city_07,S07,64216,14,47,58,2025,10,26,80.226,52.0,25.17,36438.0,0
txn_0004742,card_0697,merchant_108,M,job_23,grocery_pos,city_53,S14,79307,3,18,53,2025,5,26,5.825,45.0,27.67,8472.0,0
txn_0006164,card_0810,merchant_179,F,job_10,shopping_pos,city_58,S14,20854,0,24,0,2025,12,3,14.544,77.0,659.72,94145.0,0
txn_0005062,card_0577,merchant_182,M,job_12,entertainment,city_08,S03,74506,2,21,2,2025,9,21,85.885,38.0,99.95,44839.0,0
txn_0003741,card_0419,merchant_176,M,job_12,travel,city_11,S13,71877,20,9,17,2025,6,23,50.731,67.0,325.9,46949.0,0
txn_0003495,card_0890,merchant_184,F,job_18,gas_transport,city_43,S01,26931,9,4,25,2025,8,4,53.16,61.0,125.49,32320.0,0
txn_0005044,card_0511,merchant_156,M,job_17,health_fitness,city_04,S04,53181,10,22,50,2025,4,20,7.085,54.0,78.85,11322.0,0
txn_0003852,card_0391,merchant_105,F,job_27,shopping_net,city_24,S05,77838,7,55,42,2025,8,20,10.309,74.0,426.02,9365.0,0
txn_0001612,card_0045,merchant_125,M,job_03,gas_transport,city_37,S06,57578,12,26,17,2025,2,10,581.327,35.0,691.98,35324.0,0
txn_0002623,card_0089,merchant_041,M,job_25,shopping_net,city_26,S12,25062,15,10,29,2025,10,5,21.643,22.0,225.88,6235.0,0
txn_0004429,card_0389,merchant_048,F,job_19,food_dining,city_35,S07,52777,11,14,15,2025,4,10,17.48,53.0,113.53,19201.0,0
txn_0003610,card_0660,merchant_099,F,job_09,shopping_net,city_20,S14,30335,3,17,27,2025,11,16,16.908,23.0,368.47,15613.0,0
txn_0000204,card_0815,merchant_171,M,job_28,food_dining,city_40,S14,49838,7,36,20,2025,10,29,0.536,36.0,86.78,19070.0,0
txn_0003136,card_0261,merchant_117,F,job_15,entertainment,city_33,S06,67960,13,39,8,2025,3,5,815.182,26.0,257.04,2542.0,0
txn_0006273,card_0404,merchant_162,F,job_19,health_fitness,city_27,S10,82085,20,40,28,2025,5,19,47.118,61.0,83.68,28610.0,0
txn_0005321,card_0626,merchant_047,F,job_10,personal_care,city_09,S02,50444,19,38,14,2025,6,18,389.505,70.0,122.71,30591.0,0
txn_0000380,card_0509,merchant_155,F,job_09,shopping_pos,city_32,S03,39150,0,46,52,2025,12,7,37.972,42.0,243.27,23414.0,0
txn_0000858,card_0696,merchant_107,M,job_21,personal_care,city_48,S06,50094,12,22,34,2025,4,15,13.986,58.0,74.11,4630.0,0
txn_0007675,card_0022,merchant_086,F,job_14,entertainment,city_18,S01,39758,3,30,2,2025,8,21,83.803,45.0,562.87,48419.0,0
txn_0000882,card_0419,merchant_023,M,job_12,food_dining,city_11,S13,71877,17,25,27,2025,7,12,17.423,67.0,81.1,46949.0,0
txn_0007285,card_0010,merchant_019,M,job_24,food_dining,city_14,S00,60360,4,22,34,2025,6,13,149.09,55.0,686.01,30795.0,0
txn_0001834,card_0159,merchant_077,M,job_09,food_dining,city_11,S06,60469,14,40,4,2025,8,10,41.595,66.0,133.06,17371.0,0
txn_0001794,card_0333,merchant_112,M,job_23,personal_care,city_23,S01,75679,14,33,9,2025,1,2,15.443,46.0,52.93,27096.0,0
txn_0007589,card_0515,merchant_083,F,job_25,food_dining,city_00,S03,52738,10,10,18,2025,4,5,8.799,45.0,94.04,57628.0,0
txn_0003600,card_0505,merchant_082,F,job_04,gas_transport,city_05,S10,50725,6,33,21,2025,7,23,35.175,42.0,87.38,54508.0,0
txn_0004347,card_0842,merchant_193,M,job_14,travel,city_12,S01,71451,13,25,16,2025,2,19,72.329,32.0,158.19,10532.0,0
txn_0005637,card_0452,merchant_182,F,job_15,entertainment,city_14,S02,78828,10,25,35,2025,4,10,34.872,62.0,98.08,68447.0,0
txn_0001472,card_0666,merchant_134,M,job_30,misc_net,city_18,S09,41607,5,4,33,2025,9,4,33.734,51.0,583.67,61371.0,0
txn_0007199,card_0525,merchant_213,F,job_26,gas_transport,city_49,S11,55365,9,23,16,2025,3,10,40.538,39.0,66.69,183893.0,0
txn_0004121,card_0863,merchant_097,M,job_19,entertainment,city_29,S11,68990,12,6,16,2025,6,16,37.092,46.0,138.61,15443.0,0
txn_0007902,card_0397,merchant_208,F,job_21,gas_transport,city_51,S04,86112,1,56,51,2025,3,31,16.314,48.0,29.59,71633.0,0
txn_0005388,card_0496,merchant_059,F,job_19,travel,city_10,S03,58254,1,1,51,2025,6,16,2.235,51.0,250.15,15874.0,1
txn_0004187,card_0478,merchant_196,M,job_16,shopping_pos,city_22,S03,32240,21,47,47,2025,9,26,27.267,19.0,82.23,42513.0,0
txn_0007195,card_0075,merchant_124,F,job_07,misc_net,city_07,S04,48874,7,28,25,2025,3,20,8.604,18.0,232.27,4183.0,0
txn_0000345,card_0895,merchant_124,M,job_06,misc_net,city_22,S04,66425,7,7,36,2025,12,14,2.352,28.0,122.09,12348.0,0
txn_0006963,card_0832,merchant_092,F,job_22,travel,city_54,S00,90842,20,5,37,2025,2,14,302.344,27.0,2919.91,34590.0,0
txn_0001450,card_0582,merchant_195,F,job_09,misc_net,city_55,S14,19092,23,30,18,2025,5,31,15.651,51.0,184.71,27911.0,0
txn_0000662,card_0803,merchant_194,M,job_06,health_fitness,city_33,S03,94333,1,26,20,2025,2,8,80.761,22.0,165.84,19321.0,0
txn_0005554,card_0046,merchant_075,F,job_31,grocery_pos,city_24,S03,67783,15,24,26,2025,8,1,36.584,22.0,70.35,56141.0,0
txn_0007398,card_0360,merchant_089,M,job_08,health_fitness,city_48,S03,95216,20,28,57,2025,8,3,20.025,49.0,40.91,26952.0,0
txn_0001774,card_0074,merchant_069,M,job_04,shopping_pos,city_24,S08,68154,0,45,43,2025,6,2,30.887,46.0,359.02,52934.0,0
txn_0001141,card_0123,merchant_125,F,job_26,gas_transport,city_26,S14,99416,21,51,19,2025,9,3,25.947,44.0,70.94,3850.0,0
txn_0000944,card_0058,merchant_062,M,job_31,shopping_net,city_31,S05,40138,4,8,16,2025,11,19,39.915,59.0,175.93,5670.0,0
txn_0002507,card_0325,merchant_055,F,job_31,grocery_pos,city_15,S09,61465,16,10,53,2025,7,8,6.091,54.0,41.84,35428.0,0
txn_0006209,card_0600,merchant_101,M,job_16,health_fitness,city_00,S09,71059,7,45,16,2025,9,25,40.038,40.0,89.76,23145.0,0
txn_0003464,card_0162,merchant_134,F,job_04,misc_net,city_08,S12,61812,4,23,8,2025,2,21,24.607,39.0,126.25,33878.0,0
txn_0001883,card_0818,merchant_075,M,job_13,grocery_pos,city_39,S10,74158,8,44,13,2025,4,25,22.291,49.0,47.82,30375.0,0
txn_0003376,card_0352,merchant_039,F,job_02,misc_net,city_51,S11,75539,17,32,38,2025,9,21,4.223,38.0,110.23,169544.0,0
txn_0002311,card_0013,merchant_121,M,job_31,entertainment,city_29,S07,16666,20,13,39,2025,9,15,17.74,69.0,61.33,53079.0,0
txn_0007597,card_0128,merchant_136,M,job_18,personal_care,city_10,S09,40679,12,13,37,2025,3,13,475.643,46.0,415.18,45053.0,0
txn_0002630,card_0702,merchant_125,F,job_26,gas_transport,city_45,S02,22007,2,37,41,2025,5,4,38.703,58.0,27.21,19523.0,0
txn_0001417,card_0573,merchant_027,F,job_06,misc_net,city_23,S06,41969,2,30,7,2025,10,26,39.071,42.0,467.67,3524.0,0
txn_0002172,card_0602,merchant_023,M,job_07,food_dining,city_44,S09,40958,0,53,22,2025,10,21,10.031,56.0,27.68,11603.0,0
txn_0006902,card_0129,merchant_188,M,job_10,personal_care,city_57,S01,67511,7,27,44,2025,2,25,35.288,58.0,41.14,5694.0,0
txn_0005712,card_0298,merchant_197,F,job_25,travel,city_45,S06,37325,9,3,15,2025,10,28,27.087,36.0,139.87,3796.0,0
txn_0000733,card_0308,merchant_002,F,job_09,food_dining,city_16,S09,27657,8,14,59,2025,8,28,555.126,57.0,408.25,39872.0,1
txn_0005292,card_0693,merchant_026,M,job_00,shopping_pos,city_36,S02,18490,19,29,38,2025,5,7,13.614,35.0,313.79,50121.0,0
txn_0007641,card_0745,merchant_093,F,job_09,personal_care,city_23,S10,55240,18,12,44,2025,12,28,2.118,47.0,15.54,2359.0,0
txn_0005889,card_0080,merchant_024,M,job_18,shopping_pos,city_23,S04,73851,12,48,18,2025,4,5,21.896,61.0,100.18,9072.0,0
txn_0003604,card_0623,merchant_190,F,job_04,shopping_pos,city_49,S09,57991,11,3,9,2025,1,1,860.34,30.0,1300.06,60550.0,1
txn_0006889,card_0504,merchant_021,F,job_05,shopping_pos,city_54,S04,17005,5,55,56,2025,6,27,14.587,47.0,125.61,26112.0,0
txn_0006343,card_0322,merchant_197,M,job_30,travel,city_34,S05,53289,18,47,50,2025,11,9,15.832,41.0,128.21,70567.0,0
txn_0003644,card_0685,merchant_099,M,job_10,shopping_net,city_21,S03,79018,22,30,1,2025,7,17,11.49,48.0,160.5,7218.0,0
txn_0007896,card_0258,merchant_087,F,job_12,shopping_net,city_23,S07,39285,3,58,27,2025,10,23,47.287,18.0,28.48,8782.0,0
txn_0003254,card_0198,merchant_030,F,job_01,health_fitness,city_16,S11,10909,13,7,23,2025,2,1,9.155,35.0,247.47,15656.0,0
txn_0007981,card_0356,merchant_012,F,job_07,personal_care,city_26,S12,56894,2,15,4,2025,7,17,18.172,18.0,68.6,30832.0,0
txn_0007695,card_0219,merchant_143,M,job_15,travel,city_27,S05,90373,16,21,32,2025,10,14,65.579,18.0,208.3,52780.0,0
txn_0002627,card_0565,merchant_205,F,job_03,personal_care,city_05,S09,71202,5,21,25,2025,6,10,17.471,34.0,49.09,5004.0,0
txn_0005630,card_0898,merchant_086,F,job_15,entertainment,city_07,S04,32002,15,38,38,2025,6,19,10.831,72.0,30.17,12713.0,0
txn_0002293,card_0676,merchant_151,M,job_17,shopping_net,city_31,S07,16120,4,44,54,2025,8,26,29.325,25.0,405.49,9834.0,0
txn_0007487,card_0253,merchant_024,F,job_29,shopping_pos,city_56,S06,41698,0,59,0,2025,3,1,65.374,32.0,137.5,10876.0,0
txn_0001566,card_0340,merchant_083,M,job_16,food_dining,city_42,S05,59026,18,3,15,2025,7,9,34.95,51.0,13.25,176709.0,0
txn_0001388,card_0548,merchant_104,M,job_23,shopping_net,city_12,S02,87639,12,57,20,2025,10,20,7.153,42.0,53.42,95550.0,0
txn_0007619,card_0461,merchant_191,F,job_02,shopping_pos,city_59,S13,11964,13,50,4,2025,7,19,4.282,34.0,204.17,27265.0,0
txn_0002396,card_0059,merchant_134,M,job_13,misc_net,city_44,S06,54415,13,23,17,2025,8,9,3.1,52.0,95.91,12110.0,0
txn_0007425,card_0380,merchant_039,F,job_23,misc_net,city_41,S06,50578,9,27,15,2025,5,18,12.02,30.0,292.28,14780.0,0
txn_0007035,card_0585,merchant_179,M,job_27,shopping_pos,city_52,S07,61474,12,13,37,2025,8,27,47.618,45.0,40.15,31818.0,0
txn_0001329,card_0132,merchant_061,F,job_23,shopping_pos,city_50,S04,46177,19,54,12,2025,12,25,38.212,48.0,169.1,8306.0,0
txn_0000500,card_0369,merchant_130,M,job_01,personal_care,city_58,S01,65678,7,44,33,2025,8,10,13.542,51.0,120.19,62094.0,0
txn_0002751,card_0753,merchant_118,M,job_19,grocery_pos,city_11,S05,47206,7,6,50,2025,8,26,11.295,18.0,58.3,17182.0,0
txn_0001884,card_0377,merchant_146,M,job_24,grocery_pos,city_28,S12,98857,5,47,55,2025,2,22,0.751,31.0,171.49,19481.0,0
txn_0007186,card_0680,merchant_004,M,job_09,travel,city_39,S12,53102,6,16,16,2025,12,30,33.393,48.0,154.34,35423.0,0
txn_0000507,card_0284,merchant_065,F,job_13,health_fitness,city_07,S10,24611,8,46,52,2025,3,18,4.672,43.0,25.96,22618.0,0
txn_0007674,card_0623,merchant_166,F,job_04,shopping_net,city_49,S09,57991,11,54,57,2025,1,18,3.754,30.0,285.13,60550.0,0
txn_0005485,card_0880,merchant_137,F,job_01,grocery_pos,city_07,S13,52065,3,9,23,2025,8,8,20.519,37.0,88.22,33773.0,0
txn_0003929,card_0455,merchant_030,M,job_15,health_fitness,city_41,S12,44005,6,28,37,2025,1,20,71.369,36.0,46.9,18907.0,0
txn_0001485,card_0324,merchant_067,M,job_13,health_fitness,city_44,S05,67434,8,38,38,2025,3,18,33.377,71.0,51.62,406138.0,0
txn_0005373,card_0894,merchant_209,M,job_15,shopping_pos,city_56,S03,37652,2,50,35,2025,6,25,26.112,70.0,172.36,44440.0,0
txn_0007658,card_0590,merchant_212,M,job_08,gas_transport,city_27,S06,48628,20,7,28,2025,6,30,0.868,65.0,76.04,49929.0,0
txn_0004367,card_0376,merchant_010,M,job_21,health_fitness,city_06,S01,67960,10,39,12,2025,10,4,53.451,33.0,42.18,2871.0,0
txn_0002425,card_0873,merchant_057,F,job_12,travel,city_11,S04,22282,16,5,16,2025,9,29,34.014,55.0,160.57,133358.0,0
txn_0007480,card_0657,merchant_127,M,job_24,food_dining,city_56,S13,18075,9,57,28,2025,2,2,18.102,46.0,51.48,6824.0,0
txn_0003748,card_0293,merchant_013,F,job_22,food_dining,city_11,S12,28121,11,59,37,2025,4,14,13.669,33.0,41.01,8543.0,0
txn_0000245,card_0493,merchant_093,M,job_23,personal_care,city_44,S02,50043,10,31,8,2025,3,30,24.332,39.0,66.37,38107.0,0
txn_0002484,card_0105,merchant_009,M,job_29,grocery_pos,city_14,S14,55018,18,29,34,2025,10,1,56.539,37.0,82.02,17277.0,0
txn_0001592,card_0243,merchant_046,M,job_27,entertainment,city_44,S02,37024,6,31,51,2025,4,17,574.944,54.0,602.17,53217.0,0
txn_0002667,card_0053,merchant_161,F,job_13,shopping_pos,city_09,S09,56411,7,18,46,2025,8,20,9.085,18.0,145.82,21290.0,0
txn_0005394,card_0886,merchant_100,F,job_06,health_fitness,city_14,S06,58904,19,15,23,2025,4,13,110.48,28.0,89.14,7911.0,0
txn_0005363,card_0410,merchant_158,F,job_16,grocery_pos,city_41,S08,41771,10,10,46,2025,9,3,10.703,21.0,26.7,40567.0,0
txn_0001548,card_0486,merchant_087,F,job_17,shopping_net,city_54,S11,34256,7,14,36,2025,3,20,6.755,19.0,87.8,8746.0,0
txn_0003372,card_0461,merchant_129,F,job_02,travel,city_59,S13,11964,2,4,51,2025,12,11,10.405,34.0,182.18,27265.0,0
txn_0007673,card_0085,merchant_144,M,job_20,grocery_pos,city_10,S01,23885,7,30,7,2025,10,25,25.166,49.0,60.1,6198.0,0
txn_0006151,card_0440,merchant_165,M,job_17,shopping_net,city_13,S07,39582,10,16,0,2025,10,22,12.147,52.0,85.22,29058.0,0
txn_0000827,card_0587,merchant_113,F,job_00,grocery_pos,city_58,S03,29244,6,46,53,2025,3,11,16.459,43.0,41.49,37327.0,0
txn_0000124,card_0814,merchant_169,M,job_20,travel,city_06,S03,54188,1,26,21,2025,8,22,23.035,58.0,233.86,2600.0,0
txn_0001529,card_0411,merchant_100,F,job_11,health_fitness,city_46,S11,89657,22,55,21,2025,2,8,23.582,56.0,49.81,6040.0,0
txn_0003091,card_0003,merchant_074,F,job_28,health_fitness,city_15,S12,66118,22,5,32,2025,8,4,63.296,52.0,86.58,69748.0,0
txn_0003830,card_0050,merchant_075,M,job_02,grocery_pos,city_04,S03,20800,10,32,36,2025,7,7,17.884,29.0,16.37,31904.0,0
txn_0004466,card_0036,merchant_153,M,job_05,grocery_pos,city_56,S08,58644,20,4,24,2025,11,27,10.764,43.0,70.87,86316.0,0
txn_0001681,card_0724,merchant_218,M,job_17,misc_net,city_03,S09,97406,15,56,53,2025,8,17,321.913,35.0,272.24,17517.0,1
txn_0005015,card_0632,merchant_187,F,job_29,misc_net,city_09,S03,64461,14,54,17,2025,4,12,35.987,58.0,212.95,418861.0,0
txn_0000258,card_0195,merchant_183,F,job_02,food_dining,city_00,S08,34752,2,16,36,2025,8,22,7.755,28.0,126.65,45269.0,0
txn_0006614,card_0515,merchant_210,F,job_25,misc_net,city_00,S03,52738,11,24,52,2025,9,8,3.962,45.0,137.95,57628.0,0
txn_0001823,card_0015,merchant_010,M,job_14,health_fitness,city_06,S06,50215,8,32,35,2025,3,15,39.434,44.0,94.48,51473.0,0
txn_0003547,card_0410,merchant_076,F,job_16,entertainment,city_41,S08,41771,12,54,1,2025,1,8,21.71,21.0,37.65,40567.0,0
txn_0005406,card_0886,merchant_113,F,job_06,grocery_pos,city_14,S06,58904,7,16,49,2025,9,11,3.546,28.0,55.81,7911.0,0
txn_0002364,card_0244,merchant_101,M,job_10,health_fitness,city_16,S12,92885,20,7,59,2025,8,26,22.605,55.0,263.38,5607.0,0
txn_0005654,card_0887,merchant_145,F,job_03,health_fitness,city_33,S10,32909,22,19,30,2025,9,27,14.525,31.0,115.79,37795.0,0
txn_0007799,card_0539,merchant_113,F,job_30,grocery_pos,city_05,S00,55408,6,24,45,2025,6,16,5.622,63.0,36.11,6336.0,0
txn_0001290,card_0352,merchant_022,F,job_02,grocery_pos,city_51,S11,75539,5,8,10,2025,5,21,2.169,38.0,21.83,169544.0,0
txn_0007953,card_0791,merchant_195,F,job_28,misc_net,city_22,S09,83430,5,23,4,2025,7,22,84.919,67.0,190.94,5922.0,0
txn_0002194,card_0321,merchant_028,F,job_17,travel,city_57,S01,65325,21,17,25,2025,9,30,24.479,69.0,652.61,21691.0,0
txn_0003131,card_0428,merchant_174,F,job_21,entertainment,city_17,S07,72101,12,12,7,2025,8,22,48.278,33.0,41.48,5217.0,0
txn_0004229,card_0818,merchant_188,M,job_13,personal_care,city_39,S10,74158,4,6,29,2025,3,18,7.759,49.0,58.66,30375.0,0
txn_0007427,card_0583,merchant_185,F,job_03,grocery_pos,city_23,S01,86735,12,59,56,2025,10,9,7.606,59.0,54.19,15548.0,0
txn_0003370,card_0416,merchant_017,M,job_22,shopping_net,city_27,S09,34368,1,23,6,2025,1,20,36.076,44.0,111.3,38043.0,0
txn_0000051,card_0331,merchant_111,F,job_23,travel,city_58,S04,16751,8,38,39,2025,6,7,14.291,52.0,235.54,99059.0,0
txn_0000605,card_0547,merchant_020,M,job_30,food_dining,city_45,S01,86991,12,25,36,2025,4,3,3.383,37.0,97.1,16431.0,0
txn_0005125,card_0230,merchant_105,F,job_13,shopping_net,city_33,S02,90762,19,26,42,2025,8,18,31.154,23.0,55.17,24810.0,0
txn_0004183,card_0405,merchant_079,M,job_21,gas_transport,city_47,S04,95766,19,29,20,2025,11,6,22.56,31.0,79.6,126514.0,0
txn_0004474,card_0288,merchant_048,M,job_18,food_dining,city_18,S13,22572,15,22,15,2025,4,10,12.236,63.0,74.36,5171.0,0
txn_0005478,card_0024,merchant_058,M,job_07,shopping_pos,city_46,S11,84924,23,38,31,2025,4,16,24.957,29.0,218.65,31028.0,0
txn_0003383,card_0696,merchant_142,M,job_21,grocery_pos,city_48,S06,50094,2,30,20,2025,5,30,3.696,58.0,32.3,4630.0,0
txn_0001791,card_0162,merchant_087,F,job_04,shopping_net,city_08,S12,61812,0,36,14,2025,8,23,13.841,39.0,43.92,33878.0,0
txn_0003884,card_0280,merchant_018,F,job_19,personal_care,city_49,S10,87828,22,20,7,2025,9,23,43.618,69.0,21.48,30512.0,0
txn_0001640,card_0288,merchant_003,M,job_18,health_fitness,city_18,S13,22572,21,40,3,2025,3,7,21.16,63.0,99.71,5171.0,0
txn_0004695,card_0048,merchant_057,M,job_30,travel,city_31,S06,99880,0,32,42,2025,6,15,28.055,43.0,471.08,143878.0,0
txn_0005003,card_0126,merchant_049,F,job_02,gas_transport,city_21,S05,19841,21,53,27,2025,11,20,12.452,18.0,152.29,9754.0,0
txn_0006414,card_0545,merchant_007,F,job_01,misc_net,city_15,S12,35153,5,0,56,2025,5,18,65.36,60.0,139.83,5556.0,0
txn_0004473,card_0495,merchant_125,F,job_18,gas_transport,city_48,S02,59228,16,51,19,2025,8,10,34.292,57.0,22.4,294413.0,0
txn_0007323,card_0763,merchant_067,M,job_17,health_fitness,city_24,S00,97082,8,35,22,2025,9,2,39.053,34.0,125.81,125836.0,0
txn_0003327,card_0500,merchant_019,F,job_27,food_dining,city_16,S13,18268,18,55,11,2025,6,3,14.786,56.0,53.91,64103.0,0
txn_0001604,card_0653,merchant_159,M,job_19,grocery_pos,city_28,S10,40510,22,21,2,2025,5,15,12.513,47.0,13.38,51936.0,0
txn_0006006,card_0185,merchant_162,F,job_26,health_fitness,city_47,S02,59857,18,36,22,2025,12,5,12.537,35.0,49.65,66776.0,0
txn_0003750,card_0546,merchant_197,F,job_30,travel,city_19,S11,47216,23,9,38,2025,5,13,11.193,59.0,380.22,101022.0,0
txn_0001689,card_0845,merchant_199,F,job_31,misc_net,city_00,S09,47454,2,15,32,2025,11,13,49.491,39.0,377.82,23142.0,0
txn_0002896,card_0544,merchant_141,M,job_04,gas_transport,city_35,S10,21600,21,3,34,2025,4,19,50.396,58.0,360.99,18509.0,0
txn_0004450,card_0085,merchant_183,M,job_20,food_dining,city_10,S01,23885,9,34,54,2025,7,8,564.911,49.0,178.44,6198.0,1
txn_0002089,card_0457,merchant_129,M,job_04,travel,city_39,S14,57739,6,40,14,2025,3,18,24.069,31.0,373.51,36671.0,0
txn_0001250,card_0144,merchant_095,M,job_22,food_dining,city_22,S06,31741,20,38,35,2025,6,11,39.87,55.0,112.48,39542.0,0
txn_0004076,card_0421,merchant_005,M,job_08,shopping_pos,city_09,S14,14263,17,16,43,2025,8,3,12.968,34.0,57.59,25345.0,0
txn_0006362,card_0505,merchant_098,F,job_04,grocery_pos,city_05,S10,50725,22,53,44,2025,7,25,8.666,42.0,50.64,54508.0,0
txn_0001934,card_0546,merchant_132,F,job_30,misc_net,city_19,S11,47216,19,3,40,2025,5,23,2.122,59.0,41.29,101022.0,0
txn_0004044,card_0547,merchant_067,M,job_30,health_fitness,city_45,S01,86991,19,17,34,2025,9,26,807.02,37.0,60.6,16431.0,0
txn_0005968,card_0777,merchant_023,F,job_13,food_dining,city_27,S07,33710,7,1,36,2025,7,31,9.301,42.0,42.81,33508.0,0
txn_0006084,card_0412,merchant_206,F,job_24,grocery_pos,city_36,S00,72052,6,56,8,2025,10,10,244.963,36.0,115.42,13022.0,0
txn_0004800,card_0689,merchant_160,M,job_00,travel,city_21,S10,37761,17,54,18,2025,12,24,71.963,39.0,361.12,14870.0,0
txn_0004102,card_0880,merchant_018,F,job_01,personal_care,city_07,S13,52065,0,3,0,2025,3,6,3.495,37.0,47.44,33773.0,0
txn_0006538,card_0577,merchant_130,M,job_12,personal_care,city_08,S03,74506,2,48,46,2025,8,25,10.743,38.0,63.31,44839.0,0
txn_0003114,card_0002,merchant_026,M,job_07,shopping_pos,city_27,S03,23960,18,4,28,2025,8,7,12.809,45.0,23.77,53166.0,0
txn_0003689,card_0806,merchant_108,M,job_31,grocery_pos,city_31,S12,33286,22,48,1,2025,2,15,45.028,18.0,147.1,4940.0,0
txn_0005210,card_0801,merchant_082,F,job_05,gas_transport,city_12,S09,20680,0,18,23,2025,12,13,82.151,54.0,34.23,47218.0,0
txn_0005230,card_0690,merchant_192,M,job_23,health_fitness,city_20,S03,16125,17,28,14,2025,11,21,35.09,33.0,93.91,15110.0,0
txn_0002528,card_0651,merchant_012,M,job_27,personal_care,city_53,S14,44664,18,12,22,2025,11,7,35.254,64.0,135.43,12941.0,0
txn_0006375,card_0328,merchant_099,F,job_04,shopping_net,city_03,S03,69639,20,59,25,2025,9,23,20.365,59.0,315.23,159076.0,0
txn_0001643,card_0679,merchant_013,M,job_19,food_dining,city_08,S05,85983,21,13,35,2025,12,11,7.923,50.0,86.69,3693.0,0
txn_0003558,card_0382,merchant_033,M,job_12,food_dining,city_36,S04,70381,14,44,18,2025,2,24,31.034,43.0,28.41,64521.0,0
txn_0007671,card_0265,merchant_048,M,job_03,food_dining,city_30,S08,79897,13,2,39,2025,2,2,12.699,33.0,35.13,6756.0,0
txn_0003095,card_0254,merchant_177,M,job_09,gas_transport,city_42,S04,53382,5,13,50,2025,9,28,38.994,38.0,27.19,17238.0,0
txn_0001608,card_0007,merchant_028,M,job_05,travel,city_28,S04,72417,1,39,0,2025,8,22,9.797,50.0,428.86,27772.0,0
txn_0002801,card_0166,merchant_034,F,job_29,misc_net,city_22,S04,71070,12,10,19,2025,4,1,39.168,60.0,19.73,1557.0,0
txn_0002805,card_0802,merchant_022,M,job_21,grocery_pos,city_46,S04,45985,3,6,35,2025,2,10,28.023,72.0,55.79,5312.0,0
txn_0004030,card_0835,merchant_134,M,job_25,misc_net,city_01,S01,93665,17,48,58,2025,7,21,22.875,51.0,63.35,29991.0,0
txn_0006274,card_0541,merchant_068,F,job_16,shopping_pos,city_23,S03,87356,8,7,19,2025,10,27,46.679,53.0,222.66,128640.0,0
txn_0000947,card_0545,merchant_092,F,job_01,travel,city_15,S12,35153,0,40,31,2025,4,17,56.907,60.0,251.32,5556.0,0
txn_0004809,card_0205,merchant_089,F,job_05,health_fitness,city_07,S12,86390,15,0,53,2025,6,2,60.92,21.0,309.67,40780.0,0
txn_0004093,card_0709,merchant_043,F,job_04,health_fitness,city_07,S07,64216,21,41,28,2025,10,25,7.706,52.0,75.04,36438.0,0
txn_0001756,card_0837,merchant_088,F,job_03,grocery_pos,city_44,S01,95273,19,1,18,2025,9,12,1.548,43.0,33.66,38938.0,0
txn_0003866,card_0108,merchant_057,F,job_23,travel,city_02,S11,54287,0,33,27,2025,10,16,10.024,62.0,517.41,67568.0,0
txn_0001942,card_0847,merchant_030,F,job_12,health_fitness,city_47,S13,27103,1,6,27,2025,8,8,18.782,51.0,80.27,3395.0,0
txn_0004776,card_0044,merchant_040,F,job_04,travel,city_44,S02,96307,9,49,41,2025,5,2,6.207,51.0,184.95,16354.0,0
txn_0004096,card_0091,merchant_093,M,job_17,personal_care,city_14,S02,66396,11,35,3,2025,2,14,51.321,60.0,37.94,10702.0,0
txn_0004436,card_0804,merchant_113,M,job_29,grocery_pos,city_45,S00,33511,17,36,51,2025,10,28,64.654,40.0,15.33,4826.0,0
txn_0002258,card_0314,merchant_156,F,job_02,health_fitness,city_44,S07,81040,21,2,23,2025,9,17,10.527,46.0,82.71,8056.0,0
txn_0002273,card_0256,merchant_054,M,job_03,shopping_pos,city_44,S01,42314,10,18,40,2025,1,20,62.875,58.0,55.5,13076.0,0
txn_0004683,card_0264,merchant_068,M,job_16,shopping_pos,city_35,S11,66842,10,1,22,2025,6,7,11.686,34.0,248.35,39565.0,0
txn_0000628,card_0665,merchant_067,M,job_14,health_fitness,city_11,S11,99171,5,45,23,2025,3,2,48.752,26.0,93.79,78413.0,0
txn_0001652,card_0450,merchant_184,M,job_01,gas_transport,city_30,S10,39134,11,34,37,2025,10,11,94.942,29.0,28.14,11583.0,1
txn_0000608,card_0428,merchant_160,F,job_21,travel,city_17,S07,72101,11,37,58,2025,3,28,6.577,33.0,161.7,5217.0,0
txn_0005906,card_0079,merchant_168,M,job_18,entertainment,city_06,S00,76011,21,38,44,2025,11,10,13.327,18.0,41.27,35597.0,0
txn_0000463,card_0139,merchant_119,F,job_26,health_fitness,city_12,S14,84954,20,15,58,2025,8,26,16.018,56.0,51.19,7696.0,0
txn_0001361,card_0501,merchant_162,M,job_07,health_fitness,city_08,S13,98887,4,53,29,2025,10,31,22.33,28.0,24.37,273158.0,0
txn_0001635,card_0880,merchant_020,F,job_01,food_dining,city_07,S13,52065,14,33,40,2025,4,2,4.523,37.0,243.24,33773.0,0
txn_0006832,card_0560,merchant_094,M,job_25,gas_transport,city_38,S06,46288,21,29,8,2025,7,2,1.3,34.0,64.52,24708.0,0
txn_0000334,card_0018,merchant_042,M,job_08,misc_net,city_08,S08,49165,1,37,54,2025,11,11,3.181,35.0,68.96,10677.0,0
txn_0006261,card_0048,merchant_046,M,job_30,entertainment,city_31,S06,99880,9,26,12,2025,5,15,794.551,43.0,237.7,143878.0,1
txn_0007503,card_0008,merchant_215,F,job_11,entertainment,city_05,S10,65565,0,2,9,2025,5,8,7.652,53.0,52.47,6677.0,0
txn_0005453,card_0470,merchant_089,M,job_28,health_fitness,city_19,S09,18743,12,55,35,2025,1,13,15.596,54.0,104.06,50297.0,0
txn_0001307,card_0636,merchant_057,F,job_04,travel,city_38,S07,95029,13,59,8,2025,12,27,75.478,52.0,243.39,14943.0,0
txn_0001755,card_0663,merchant_060,F,job_29,entertainment,city_35,S12,78097,2,27,36,2025,2,1,11.815,87.0,29.62,43929.0,0
txn_0001225,card_0097,merchant_093,M,job_11,personal_care,city_52,S08,47102,15,16,43,2025,10,31,50.284,33.0,77.6,19802.0,0
txn_0006732,card_0782,merchant_167,F,job_01,health_fitness,city_17,S11,41792,14,44,47,2025,9,5,44.783,41.0,42.22,33648.0,0
txn_0003476,card_0477,merchant_071,F,job_24,personal_care,city_03,S04,64122,6,58,9,2025,11,16,10.584,51.0,74.83,29321.0,0
txn_0007490,card_0637,merchant_157,F,job_03,health_fitness,city_40,S00,19742,15,53,7,2025,4,26,173.718,47.0,315.86,114057.0,0
txn_0005652,card_0812,merchant_007,M,job_28,misc_net,city_10,S01,40010,10,11,31,2025,1,19,61.22,38.0,23.02,15127.0,0
txn_0002436,card_0828,merchant_131,M,job_14,grocery_pos,city_36,S02,79377,7,34,43,2025,1,15,41.126,32.0,61.93,5801.0,0
txn_0001644,card_0529,merchant_122,M,job_25,shopping_pos,city_08,S12,48128,21,51,39,2025,2,23,32.979,26.0,300.82,45743.0,0
txn_0007106,card_0723,merchant_219,F,job_00,misc_net,city_24,S05,33868,12,59,54,2025,6,27,16.036,35.0,609.31,19718.0,0
txn_0000046,card_0781,merchant_058,M,job_00,shopping_pos,city_27,S03,20366,12,59,47,2025,1,16,2.566,66.0,245.53,99371.0,0
txn_0000082,card_0226,merchant_195,M,job_27,misc_net,city_36,S09,40342,22,20,26,2025,11,26,11.418,73.0,158.08,43706.0,0
txn_0002911,card_0694,merchant_132,F,job_22,misc_net,city_25,S05,93434,19,31,34,2025,8,24,27.479,35.0,100.65,5557.0,0
txn_0002007,card_0035,merchant_153,F,job_30,grocery_pos,city_08,S02,52529,18,4,26,2025,7,17,47.545,29.0,86.98,7904.0,0
txn_0005742,card_0333,merchant_122,M,job_23,shopping_pos,city_23,S01,75679,22,4,38,2025,6,18,68.166,46.0,66.47,27096.0,0
txn_0006993,card_0379,merchant_072,F,job_27,entertainment,city_27,S06,23553,20,0,53,2025,9,26,26.562,63.0,52.6,24795.0,0
txn_0004710,card_0103,merchant_141,F,job_28,gas_transport,city_14,S00,91520,5,52,4,2025,1,16,42.671,38.0,45.96,73460.0,0
txn_0001269,card_0123,merchant_126,F,job_26,personal_care,city_26,S14,99416,22,43,12,2025,10,23,53.911,44.0,27.54,3850.0,0
txn_0000076,card_0066,merchant_041,M,job_19,shopping_net,city_06,S05,63006,20,23,25,2025,11,29,58.127,53.0,210.41,10137.0,0
txn_0001874,card_0630,merchant_149,M,job_02,misc_net,city_07,S09,16610,16,39,52,2025,9,1,0.889,31.0,177.09,11664.0,0
txn_0000859,card_0154,merchant_038,F,job_02,food_dining,city_58,S10,13397,11,41,31,2025,3,4,8.811,27.0,31.97,16808.0,0
txn_0002552,card_0001,merchant_112,M,job_01,personal_care,city_28,S11,64929,15,13,31,2025,1,28,33.798,42.0,64.41,14440.0,0
txn_0003123,card_0763,merchant_154,M,job_17,gas_transport,city_24,S00,97082,2,36,24,2025,4,11,38.98,34.0,47.0,125836.0,0
txn_0002851,card_0023,merchant_007,M,job_04,misc_net,city_52,S05,49686,1,16,30,2025,2,4,45.649,33.0,110.33,42029.0,0
txn_0005853,card_0419,merchant_137,M,job_12,grocery_pos,city_11,S13,71877,8,9,6,2025,6,2,9.505,67.0,72.2,46949.0,0
txn_0001173,card_0087,merchant_160,F,job_10,travel,city_24,S00,94695,8,58,43,2025,1,15,50.995,76.0,208.19,11811.0,0
txn_0007200,card_0809,merchant_082,M,job_06,gas_transport,city_49,S05,39093,20,0,51,2025,4,23,11.001,54.0,169.11,5450.0,0
txn_0001905,card_0423,merchant_081,M,job_28,shopping_net,city_25,S09,35793,6,40,30,2025,9,9,49.593,47.0,44.97,4986.0,0
txn_0000652,card_0697,merchant_176,M,job_23,travel,city_53,S14,79307,4,53,35,2025,3,28,18.226,45.0,183.55,8472.0,0
txn_0002689,card_0325,merchant_079,F,job_31,gas_transport,city_15,S09,61465,6,26,36,2025,7,14,7.553,54.0,33.47,35428.0,0
txn_0006252,card_0225,merchant_093,F,job_26,personal_care,city_28,S02,91350,2,49,17,2025,9,20,12.863,60.0,73.65,32335.0,0
txn_0003093,card_0563,merchant_151,F,job_01,shopping_net,city_07,S12,28016,3,44,18,2025,6,10,14.731,56.0,88.57,33348.0,0
txn_0006563,card_0419,merchant_133,M,job_12,grocery_pos,city_11,S13,71877,0,42,13,2025,10,24,616.778,67.0,248.37,46949.0,1
txn_0000458,card_0057,merchant_111,F,job_20,travel,city_35,S09,92950,20,40,25,2025,8,17,38.923,47.0,1828.22,18705.0,0
txn_0005474,card_0589,merchant_065,M,job_16,health_fitness,city_52,S02,91007,9,34,26,2025,6,1,2.199,38.0,412.16,93917.0,0
txn_0007945,card_0069,merchant_168,F,job_01,entertainment,city_46,S14,29522,21,4,12,2025,2,19,10.465,38.0,39.1,7418.0,0
txn_0002727,card_0033,merchant_000,M,job_20,health_fitness,city_04,S03,78437,14,14,21,2025,4,6,61.774,66.0,130.53,13048.0,0
txn_0002204,card_0457,merchant_030,M,job_04,health_fitness,city_39,S14,57739,8,11,11,2025,9,7,10.741,31.0,42.11,36671.0,0
txn_0001470,card_0029,merchant_072,F,job_18,entertainment,city_58,S06,84676,9,53,40,2025,12,23,4.54,48.0,61.78,35232.0,0
txn_0004587,card_0828,merchant_123,M,job_14,grocery_pos,city_36,S02,79377,8,41,47,2025,11,19,19.293,32.0,163.35,5801.0,0
txn_0004785,card_0113,merchant_174,F,job_10,entertainment,city_46,S14,30154,18,36,43,2025,12,1,10.413,45.0,86.41,8733.0,0
txn_0005675,card_0533,merchant_189,F,job_17,shopping_pos,city_49,S00,55216,11,45,38,2025,10,3,5.078,38.0,62.91,21434.0,0
txn_0002891,card_0349,merchant_051,F,job_31,misc_net,city_51,S10,25732,8,8,17,2025,12,31,12.699,51.0,449.16,23441.0,0
txn_0006352,card_0040,merchant_175,F,job_22,gas_transport,city_25,S02,74929,14,24,10,2025,2,5,32.736,61.0,103.7,20146.0,0
txn_0000202,card_0452,merchant_029,F,job_15,entertainment,city_14,S02,78828,8,34,20,2025,5,11,56.229,62.0,97.08,68447.0,0
txn_0002059,card_0294,merchant_219,M,job_16,misc_net,city_09,S11,64772,23,27,18,2025,11,29,15.654,59.0,146.96,43642.0,1
txn_0006437,card_0540,merchant_080,M,job_24,grocery_pos,city_25,S03,75342,21,20,15,2025,10,30,22.009,32.0,143.86,5137.0,0
txn_0003217,card_0394,merchant_196,M,job_30,shopping_pos,city_39,S13,56031,13,23,21,2025,4,17,4.246,21.0,215.26,102828.0,0
txn_0003081,card_0437,merchant_097,M,job_09,entertainment,city_16,S07,65294,21,36,39,2025,11,12,28.622,41.0,192.38,17415.0,0
txn_0007948,card_0165,merchant_170,M,job_12,grocery_pos,city_44,S00,46748,6,20,25,2025,10,15,5.186,65.0,26.99,36140.0,0
txn_0006244,card_0359,merchant_105,M,job_25,shopping_net,city_20,S04,29371,17,28,43,2025,11,5,3.72,65.0,133.63,52692.0,0
txn_0005209,card_0662,merchant_197,F,job_07,travel,city_28,S00,36233,5,54,59,2025,8,6,5.046,33.0,362.02,32960.0,0
txn_0005965,card_0705,merchant_010,M,job_28,health_fitness,city_06,S05,79316,14,57,45,2025,12,9,69.704,45.0,89.6,1763.0,0
txn_0001458,card_0259,merchant_215,M,job_10,entertainment,city_24,S07,49525,6,23,20,2025,10,3,2.434,18.0,300.4,28728.0,0
txn_0003080,card_0394,merchant_176,M,job_30,travel,city_39,S13,56031,10,55,46,2025,8,22,55.872,21.0,236.96,102828.0,0
txn_0001596,card_0813,merchant_076,F,job_23,entertainment,city_35,S02,74624,13,14,28,2025,11,16,6.234,46.0,170.14,6500.0,0
txn_0007955,card_0216,merchant_019,F,job_31,food_dining,city_24,S09,50668,21,56,52,2025,6,23,19.852,34.0,36.88,20708.0,0
txn_0004106,card_0842,merchant_165,M,job_14,shopping_net,city_12,S01,71451,5,26,32,2025,9,29,26.468,32.0,123.24,10532.0,0
txn_0007364,card_0703,merchant_009,F,job_10,grocery_pos,city_06,S14,13076,21,15,45,2025,1,15,39.51,36.0,41.09,32896.0,0
txn_0003771,card_0030,merchant_061,F,job_17,shopping_pos,city_21,S14,51746,0,11,36,2025,6,21,861.602,51.0,859.68,47497.0,1
txn_0004284,card_0864,merchant_148,M,job_18,food_dining,city_12,S11,50115,12,11,12,2025,9,3,16.24,40.0,48.57,19159.0,0
txn_0003860,card_0563,merchant_090,F,job_01,shopping_net,city_07,S12,28016,9,51,58,2025,7,7,16.435,56.0,46.17,33348.0,0
txn_0000379,card_0667,merchant_003,M,job_19,health_fitness,city_40,S04,93566,8,46,12,2025,12,12,22.281,65.0,55.18,38030.0,0
txn_0003850,card_0594,merchant_179,F,job_13,shopping_pos,city_28,S02,60809,13,8,44,2025,11,5,27.914,59.0,169.39,87798.0,0
txn_0004133,card_0844,merchant_155,F,job_06,shopping_pos,city_27,S00,76367,6,35,42,2025,11,25,869.729,47.0,614.34,83872.0,0
txn_0005208,card_0009,merchant_052,F,job_02,entertainment,city_57,S13,70726,22,4,54,2025,5,24,27.606,38.0,47.08,10797.0,0
txn_0003777,card_0527,merchant_065,F,job_28,health_fitness,city_10,S05,18163,14,21,14,2025,11,4,9.105,42.0,174.07,9642.0,0
txn_0004847,card_0009,merchant_140,F,job_02,misc_net,city_57,S13,70726,3,22,40,2025,4,22,18.81,38.0,188.92,10797.0,0
txn_0006203,card_0097,merchant_159,M,job_11,grocery_pos,city_52,S08,47102,6,59,5,2025,10,17,26.784,33.0,28.68,19802.0,0
txn_0005383,card_0300,merchant_218,F,job_28,misc_net,city_54,S11,56650,16,49,26,2025,8,26,37.417,52.0,56.0,36279.0,0
txn_0007082,card_0807,merchant_177,F,job_29,gas_transport,city_15,S12,26737,18,56,19,2025,7,15,27.117,59.0,221.2,8537.0,0
txn_0004844,card_0886,merchant_013,F,job_06,food_dining,city_14,S06,58904,3,21,41,2025,11,27,36.234,28.0,44.75,7911.0,0
txn_0005167,card_0734,merchant_028,F,job_13,travel,city_48,S03,92506,11,0,11,2025,11,25,34.558,33.0,179.7,101834.0,0
txn_0004300,card_0231,merchant_039,M,job_21,misc_net,city_10,S10,28250,9,42,2,2025,1,26,68.805,58.0,134.4,23513.0,0
txn_0001761,card_0477,merchant_136,F,job_24,personal_care,city_03,S04,64122,7,35,45,2025,9,2,0.649,51.0,38.62,29321.0,0
txn_0001686,card_0317,merchant_170,M,job_23,grocery_pos,city_32,S03,86480,5,11,22,2025,5,5,12.886,64.0,39.19,62593.0,0
txn_0002959,card_0069,merchant_057,F,job_01,travel,city_46,S14,29522,5,58,31,2025,7,19,25.563,38.0,240.72,7418.0,0
txn_0001280,card_0837,merchant_183,F,job_03,food_dining,city_44,S01,95273,1,14,33,2025,4,24,48.027,43.0,80.3,38938.0,0
txn_0000041,card_0215,merchant_195,F,job_15,misc_net,city_19,S06,16461,20,51,42,2025,9,12,6.352,63.0,207.6,57708.0,0
txn_0004177,card_0360,merchant_185,M,job_08,grocery_pos,city_48,S03,95216,7,16,17,2025,6,30,45.593,49.0,75.04,26952.0,0
txn_0003340,card_0521,merchant_151,F,job_31,shopping_net,city_02,S03,95086,23,18,32,2025,8,26,18.907,62.0,156.44,12996.0,0
txn_0004411,card_0497,merchant_070,F,job_20,misc_net,city_29,S12,23206,9,21,17,2025,2,3,23.904,46.0,143.11,13751.0,0
txn_0001343,card_0327,merchant_116,F,job_31,personal_care,city_37,S11,23822,12,3,30,2025,8,24,8.459,39.0,55.67,41155.0,0
txn_0004042,card_0664,merchant_156,M,job_17,health_fitness,city_27,S02,63954,3,50,10,2025,12,5,12.229,29.0,106.27,22810.0,0
txn_0000008,card_0479,merchant_125,F,job_17,gas_transport,city_40,S02,78745,3,4,19,2025,11,24,32.447,50.0,30.98,6390.0,0
txn_0004979,card_0056,merchant_162,M,job_12,health_fitness,city_22,S13,56317,5,53,19,2025,5,17,10.301,49.0,72.01,352133.0,0
txn_0006744,card_0763,merchant_075,M,job_17,grocery_pos,city_24,S00,97082,0,41,58,2025,1,9,6.039,34.0,91.01,125836.0,0
txn_0007077,card_0009,merchant_105,F,job_02,shopping_net,city_57,S13,70726,5,5,34,2025,1,9,40.299,38.0,56.93,10797.0,0
txn_0007920,card_0426,merchant_062,M,job_21,shopping_net,city_52,S12,28897,3,47,11,2025,10,3,5.882,63.0,151.74,35765.0,0
txn_0004834,card_0498,merchant_129,M,job_00,travel,city_13,S14,81434,5,32,4,2025,11,16,24.626,50.0,493.94,4126.0,0
txn_0001528,card_0050,merchant_219,M,job_02,misc_net,city_04,S03,20800,15,54,0,2025,8,5,16.166,29.0,173.0,31904.0,0
txn_0001459,card_0046,merchant_191,F,job_31,shopping_pos,city_24,S03,67783,13,45,50,2025,8,21,4.119,22.0,116.96,56141.0,0
txn_0006644,card_0008,merchant_082,F,job_11,gas_transport,city_05,S10,65565,0,2,21,2025,4,24,7.605,53.0,63.21,6677.0,0
txn_0003308,card_0362,merchant_180,F,job_14,health_fitness,city_24,S05,69100,17,50,57,2025,12,10,21.902,63.0,86.37,6535.0,0
txn_0004523,card_0111,merchant_209,M,job_25,shopping_pos,city_53,S04,99893,13,10,2,2025,11,21,5.832,48.0,126.06,22891.0,0
txn_0001965,card_0707,merchant_182,M,job_19,entertainment,city_37,S09,81929,13,18,22,2025,5,2,9.921,44.0,28.98,28541.0,0
txn_0003178,card_0247,merchant_030,F,job_24,health_fitness,city_31,S07,42369,7,52,23,2025,9,17,19.115,38.0,73.47,29074.0,0
txn_0001465,card_0063,merchant_218,M,job_06,misc_net,city_22,S00,96597,7,9,2,2025,8,16,5.143,41.0,116.16,47888.0,0
txn_0006607,card_0132,merchant_208,F,job_23,gas_transport,city_50,S04,46177,9,59,53,2025,8,26,44.826,48.0,219.24,8306.0,0
txn_0002537,card_0306,merchant_011,F,job_16,gas_transport,city_45,S08,74371,2,2,18,2025,4,15,18.613,65.0,167.13,49497.0,0
txn_0003473,card_0396,merchant_114,F,job_08,travel,city_17,S02,12299,5,21,35,2025,10,13,30.681,61.0,765.05,66402.0,0
txn_0005405,card_0195,merchant_063,F,job_02,shopping_net,city_00,S08,34752,2,49,25,2025,8,20,21.651,28.0,48.47,45269.0,0
txn_0005108,card_0794,merchant_209,F,job_05,shopping_pos,city_18,S13,55794,4,48,28,2025,12,15,34.374,37.0,79.32,45592.0,0
txn_0001800,card_0046,merchant_112,F,job_31,personal_care,city_24,S03,67783,11,20,20,2025,3,2,18.15,22.0,25.95,56141.0,0
txn_0006460,card_0884,merchant_175,M,job_23,gas_transport,city_30,S11,52198,19,49,0,2025,1,17,8.608,37.0,80.26,10873.0,0
txn_0005384,card_0816,merchant_048,F,job_20,food_dining,city_59,S02,52389,19,59,51,2025,8,31,38.747,35.0,74.61,17741.0,0
txn_0002761,card_0381,merchant_136,M,job_23,personal_care,city_14,S12,17956,12,34,19,2025,4,5,9.882,58.0,16.15,59240.0,0
txn_0006708,card_0099,merchant_215,F,job_16,entertainment,city_20,S05,78367,23,55,46,2025,5,10,45.193,40.0,45.68,16022.0,0
txn_0005021,card_0611,merchant_203,F,job_07,travel,city_02,S06,73931,9,29,50,2025,3,2,197.066,39.0,905.12,47486.0,1
txn_0000059,card_0388,merchant_033,M,job_03,food_dining,city_27,S03,47363,7,6,16,2025,9,6,10.242,48.0,25.81,26622.0,0
txn_0005745,card_0311,merchant_013,M,job_25,food_dining,city_40,S07,97362,4,57,43,2025,6,8,585.584,68.0,60.54,3221.0,0
txn_0004835,card_0863,merchant_178,M,job_19,misc_net,city_29,S11,68990,8,25,37,2025,10,1,70.779,46.0,150.44,15443.0,0
txn_0007224,card_0341,merchant_105,F,job_24,shopping_net,city_52,S04,38098,20,27,28,2025,4,18,32.378,50.0,219.53,25502.0,0
txn_0005438,card_0573,merchant_128,F,job_06,travel,city_23,S06,41969,12,1,39,2025,1,14,68.9,42.0,137.32,3524.0,0
txn_0006892,card_0259,merchant_176,M,job_10,travel,city_24,S07,49525,4,59,35,2025,2,28,11.306,18.0,292.32,28728.0,0
txn_0006971,card_0809,merchant_081,M,job_06,shopping_net,city_49,S05,39093,7,47,12,2025,10,3,17.941,54.0,61.57,5450.0,0
txn_0002169,card_0479,merchant_176,F,job_17,travel,city_40,S02,78745,8,5,3,2025,6,11,5.723,50.0,252.96,6390.0,1
txn_0007822,card_0655,merchant_125,M,job_05,gas_transport,city_28,S06,39512,15,21,37,2025,7,12,17.847,66.0,33.64,14813.0,0
txn_0006551,card_0020,merchant_039,M,job_27,misc_net,city_18,S09,99646,15,30,46,2025,8,11,17.712,45.0,127.32,33981.0,0
txn_0004970,card_0196,merchant_025,F,job_26,travel,city_33,S09,71851,3,28,52,2025,11,10,195.965,38.0,1060.3,37882.0,1
txn_0006410,card_0107,merchant_142,M,job_16,grocery_pos,city_09,S04,78047,11,55,25,2025,6,24,3.674,44.0,75.23,33539.0,0
txn_0000468,card_0734,merchant_197,F,job_13,travel,city_48,S03,92506,8,37,22,2025,9,25,40.743,33.0,158.62,101834.0,0
txn_0003425,card_0425,merchant_060,F,job_06,entertainment,city_37,S13,22580,19,6,42,2025,3,4,55.435,42.0,95.2,116799.0,0
txn_0003514,card_0788,merchant_100,M,job_30,health_fitness,city_58,S06,40323,19,42,33,2025,10,28,8.72,47.0,302.88,18730.0,0
txn_0006537,card_0471,merchant_106,M,job_10,health_fitness,city_19,S14,80453,8,51,37,2025,5,22,39.564,64.0,602.71,53367.0,0
txn_0003215,card_0855,merchant_194,M,job_10,health_fitness,city_33,S06,16043,19,10,56,2025,6,10,9.912,28.0,53.66,3285.0,0
txn_0002447,card_0774,merchant_084,M,job_22,misc_net,city_46,S04,37299,9,2,17,2025,11,16,98.407,46.0,227.61,6777.0,0
txn_0002171,card_0650,merchant_180,F,job_08,health_fitness,city_50,S02,47638,19,4,57,2025,1,5,45.745,42.0,50.7,18361.0,0
txn_0002333,card_0020,merchant_183,M,job_27,food_dining,city_18,S09,99646,6,45,18,2025,8,16,16.392,45.0,40.49,33981.0,0
txn_0001846,card_0034,merchant_015,M,job_14,health_fitness,city_24,S06,96482,11,36,42,2025,11,21,145.068,31.0,268.27,14379.0,0
txn_0003109,card_0378,merchant_155,F,job_00,shopping_pos,city_37,S03,58807,13,50,54,2025,6,29,28.18,62.0,131.72,75960.0,0
txn_0001659,card_0001,merchant_142,M,job_01,grocery_pos,city_28,S11,64929,3,15,2,2025,8,28,9.316,42.0,79.04,14440.0,0
txn_0000592,card_0561,merchant_035,F,job_10,shopping_pos,city_45,S07,45265,18,50,45,2025,2,4,4.589,21.0,72.86,36404.0,0
txn_0007686,card_0344,merchant_104,M,job_28,shopping_net,city_21,S02,21738,16,1,4,2025,2,7,10.657,43.0,178.6,73571.0,0
txn_0007943,card_0034,merchant_053,M,job_14,travel,city_24,S06,96482,21,11,40,2025,1,16,39.446,31.0,305.72,14379.0,0
txn_0000712,card_0808,merchant_073,F,job_07,shopping_net,city_31,S00,33457,1,48,31,2025,3,1,32.81,40.0,254.46,8599.0,0
txn_0000304,card_0296,merchant_183,M,job_22,food_dining,city_56,S04,57932,3,51,55,2025,4,10,67.071,42.0,27.59,9859.0,0
txn_0000481,card_0862,merchant_043,F,job_00,health_fitness,city_08,S06,62957,5,38,17,2025,5,29,8.927,79.0,210.51,40823.0,0
txn_0004287,card_0444,merchant_145,M,job_05,health_fitness,city_42,S11,47198,12,11,33,2025,10,16,15.294,64.0,56.06,18650.0,0
txn_0007815,card_0445,merchant_094,M,job_31,gas_transport,city_49,S08,11239,23,49,42,2025,5,13,57.689,42.0,60.29,12720.0,0
txn_0007600,card_0109,merchant_189,M,job_16,shopping_pos,city_56,S02,86474,5,13,36,2025,1,1,80.047,48.0,56.92,14068.0,0
txn_0000474,card_0709,merchant_038,F,job_04,food_dining,city_07,S07,64216,17,45,53,2025,6,12,42.399,52.0,27.37,36438.0,0
txn_0007219,card_0578,merchant_024,M,job_07,shopping_pos,city_59,S14,51421,9,7,11,2025,12,19,5.052,51.0,78.08,12247.0,0
txn_0001891,card_0714,merchant_050,M,job_01,gas_transport,city_06,S08,77675,23,42,29,2025,6,18,96.811,49.0,44.88,76783.0,0
txn_0001407,card_0696,merchant_144,M,job_21,grocery_pos,city_48,S06,50094,21,49,3,2025,3,27,40.47,58.0,72.38,4630.0,0
txn_0000392,card_0519,merchant_089,M,job_15,health_fitness,city_46,S06,14654,20,24,21,2025,7,6,13.798,29.0,104.41,18666.0,0
txn_0007347,card_0545,merchant_056,F,job_01,entertainment,city_15,S12,35153,20,18,15,2025,5,27,7.255,60.0,211.74,5556.0,0
txn_0002176,card_0524,merchant_056,F,job_08,entertainment,city_44,S09,80986,6,38,43,2025,4,4,856.688,36.0,243.35,22837.0,0
txn_0004739,card_0426,merchant_035,M,job_21,shopping_pos,city_52,S12,28897,20,0,28,2025,5,18,131.05,63.0,1243.92,35765.0,1
txn_0001849,card_0690,merchant_211,M,job_23,misc_net,city_20,S03,16125,22,49,21,2025,12,17,1.966,33.0,125.49,15110.0,0
txn_0000758,card_0352,merchant_146,F,job_02,grocery_pos,city_51,S11,75539,22,40,54,2025,2,26,23.929,38.0,97.58,169544.0,0
txn_0003239,card_0697,merchant_136,M,job_23,personal_care,city_53,S14,79307,23,2,22,2025,10,5,9.641,45.0,120.2,8472.0,0
txn_0006212,card_0613,merchant_158,F,job_10,grocery_pos,city_36,S03,74222,9,38,5,2025,2,15,74.71,37.0,53.52,26386.0,0
txn_0002530,card_0013,merchant_123,M,job_31,grocery_pos,city_29,S07,16666,5,17,24,2025,1,25,19.114,69.0,421.87,53079.0,0
txn_0002098,card_0221,merchant_124,F,job_02,misc_net,city_39,S11,10991,12,19,33,2025,8,29,5.981,40.0,90.85,17798.0,0
txn_0006505,card_0675,merchant_047,M,job_10,personal_care,city_25,S07,79653,0,23,22,2025,3,12,13.372,18.0,45.69,9544.0,0
txn_0003040,card_0116,merchant_054,F,job_12,shopping_pos,city_16,S10,41480,13,45,38,2025,12,26,12.65,40.0,38.28,6523.0,0
txn_0006646,card_0435,merchant_164,F,job_31,shopping_pos,city_47,S00,12883,16,57,37,2025,12,26,45.108,61.0,124.36,6401.0,0
txn_0000752,card_0392,merchant_137,F,job_14,grocery_pos,city_17,S10,22622,17,24,17,2025,2,5,13.387,51.0,84.68,18361.0,0
txn_0004064,card_0540,merchant_033,M,job_24,food_dining,city_25,S03,75342,20,37,57,2025,8,11,33.758,32.0,25.44,5137.0,0
txn_0005191,card_0561,merchant_021,F,job_10,shopping_pos,city_45,S07,45265,5,34,18,2025,10,31,12.406,21.0,44.52,36404.0,0
txn_0000620,card_0196,merchant_177,F,job_26,gas_transport,city_33,S09,71851,0,40,14,2025,4,17,27.58,38.0,44.64,37882.0,0
txn_0004087,card_0806,merchant_100,M,job_31,health_fitness,city_31,S12,33286,8,31,34,2025,8,15,13.681,18.0,25.58,4940.0,0
txn_0003328,card_0493,merchant_095,M,job_23,food_dining,city_44,S02,50043,6,15,51,2025,2,4,3.487,39.0,50.91,38107.0,0
txn_0006117,card_0221,merchant_154,F,job_02,gas_transport,city_39,S11,10991,2,9,9,2025,1,28,4.256,40.0,110.5,17798.0,0
txn_0001427,card_0654,merchant_075,M,job_14,grocery_pos,city_49,S14,40751,9,24,33,2025,1,25,21.45,32.0,15.27,19391.0,0
txn_0000584,card_0041,merchant_206,M,job_12,grocery_pos,city_05,S01,93516,12,19,58,2025,1,16,555.476,33.0,411.57,504722.0,0
txn_0006005,card_0096,merchant_019,F,job_16,food_dining,city_34,S13,37725,17,52,53,2025,6,7,41.802,80.0,35.05,6622.0,0
txn_0000015,card_0676,merchant_061,M,job_17,shopping_pos,city_31,S07,16120,20,13,49,2025,3,4,18.631,25.0,107.35,9834.0,0
txn_0002203,card_0748,merchant_012,F,job_31,personal_care,city_28,S09,79009,8,33,29,2025,9,27,48.066,54.0,87.82,57894.0,0
txn_0002989,card_0013,merchant_108,M,job_31,grocery_pos,city_29,S07,16666,20,41,43,2025,11,12,51.845,69.0,24.65,53079.0,0
txn_0002341,card_0155,merchant_012,M,job_31,personal_care,city_24,S01,38876,22,40,53,2025,6,6,16.285,18.0,211.82,34269.0,0
txn_0001584,card_0223,merchant_134,F,job_07,misc_net,city_35,S08,26074,5,47,3,2025,7,9,15.2,38.0,183.29,53041.0,0
txn_0000741,card_0188,merchant_003,F,job_20,health_fitness,city_12,S02,97847,5,24,7,2025,5,23,18.93,60.0,179.55,16218.0,0
txn_0005682,card_0600,merchant_168,M,job_16,entertainment,city_00,S09,71059,5,19,29,2025,7,8,45.174,40.0,64.37,23145.0,0
txn_0007168,card_0681,merchant_219,F,job_06,misc_net,city_51,S11,90594,17,56,38,2025,2,15,20.71,57.0,128.99,3818.0,0
txn_0006087,card_0644,merchant_083,M,job_07,food_dining,city_35,S08,41705,2,53,6,2025,3,7,14.657,35.0,19.73,400191.0,0
txn_0006259,card_0352,merchant_115,F,job_02,gas_transport,city_51,S11,75539,2,59,20,2025,5,21,36.424,38.0,24.15,169544.0,0
txn_0001861,card_0157,merchant_212,M,job_24,gas_transport,city_31,S11,59254,10,24,13,2025,3,3,26.598,49.0,17.87,126033.0,0
txn_0000126,card_0347,merchant_047,M,job_14,personal_care,city_56,S11,43208,12,20,26,2025,9,16,26.262,72.0,106.41,64770.0,0
txn_0002240,card_0345,merchant_185,F,job_31,grocery_pos,city_26,S13,75980,3,6,23,2025,8,7,29.073,37.0,41.06,17520.0,0
txn_0002939,card_0424,merchant_205,F,job_27,personal_care,city_24,S06,50924,17,6,47,2025,10,31,31.379,36.0,72.77,9697.0,0
txn_0001332,card_0216,merchant_069,F,job_31,shopping_pos,city_24,S09,50668,0,53,12,2025,5,21,39.389,34.0,269.64,20708.0,0
txn_0006940,card_0586,merchant_117,M,job_05,entertainment,city_57,S01,33923,6,21,47,2025,12,19,46.332,44.0,77.31,7239.0,0
txn_0003412,card_0168,merchant_096,F,job_10,misc_net,city_50,S12,82695,7,43,7,2025,3,15,19.663,32.0,84.06,17800.0,0
txn_0007889,card_0121,merchant_143,M,job_02,travel,city_32,S12,62419,17,9,46,2025,6,8,24.415,62.0,59.84,26512.0,0
txn_0001287,card_0734,merchant_133,F,job_13,grocery_pos,city_48,S03,92506,17,46,12,2025,12,6,29.705,33.0,65.55,101834.0,0
txn_0000587,card_0696,merchant_051,M,job_21,misc_net,city_48,S06,50094,4,33,31,2025,10,25,16.701,58.0,88.74,4630.0,0
txn_0004641,card_0146,merchant_146,F,job_07,grocery_pos,city_09,S12,50406,22,56,9,2025,10,23,44.251,42.0,25.06,10469.0,0
txn_0004034,card_0618,merchant_051,F,job_15,misc_net,city_17,S03,57407,13,38,16,2025,9,27,37.011,55.0,48.2,38380.0,0
txn_0002563,card_0815,merchant_121,M,job_28,entertainment,city_40,S14,49838,23,1,56,2025,11,24,7.177,36.0,34.42,19070.0,0
txn_0006697,card_0067,merchant_093,F,job_10,personal_care,city_45,S14,26279,10,58,39,2025,8,3,3.593,41.0,38.79,13100.0,0
txn_0003377,card_0360,merchant_050,M,job_08,gas_transport,city_48,S03,95216,11,30,58,2025,10,18,32.105,49.0,250.54,26952.0,0
txn_0001386,card_0409,merchant_218,F,job_27,misc_net,city_08,S03,20430,11,3,29,2025,1,3,9.52,25.0,188.98,8633.0,0
txn_0005144,card_0524,merchant_108,F,job_08,grocery_pos,city_44,S09,80986,8,37,52,2025,8,31,8.967,36.0,26.83,22837.0,0
txn_0007584,card_0031,merchant_182,F,job_22,entertainment,city_57,S07,59121,12,36,59,2025,9,3,23.759,29.0,51.87,12460.0,0
txn_0000488,card_0188,merchant_167,F,job_20,health_fitness,city_12,S02,97847,2,41,38,2025,4,19,2.554,60.0,30.83,16218.0,0
txn_0005309,card_0726,merchant_205,M,job_18,personal_care,city_28,S07,86542,22,15,49,2025,8,3,8.869,55.0,93.6,57196.0,0
txn_0005750,card_0655,merchant_056,M,job_05,entertainment,city_28,S06,39512,14,53,25,2025,12,3,740.646,66.0,159.59,14813.0,0
txn_0001765,card_0586,merchant_083,M,job_05,food_dining,city_57,S01,33923,19,31,13,2025,9,13,18.482,44.0,62.13,7239.0,0
txn_0002536,card_0137,merchant_201,F,job_00,gas_transport,city_33,S13,57568,20,8,45,2025,6,11,32.541,56.0,31.65,51087.0,0
txn_0003719,card_0695,merchant_206,F,job_05,grocery_pos,city_12,S11,99483,3,48,36,2025,4,20,12.404,27.0,111.36,20512.0,0
txn_0006242,card_0472,merchant_179,F,job_14,shopping_pos,city_17,S06,85057,2,6,23,2025,7,16,636.046,37.0,968.95,35006.0,1
txn_0007512,card_0517,merchant_204,F,job_14,misc_net,city_26,S06,21782,4,37,59,2025,9,24,54.565,46.0,70.32,12072.0,0
txn_0006750,card_0617,merchant_062,F,job_01,shopping_net,city_15,S05,40738,12,59,16,2025,1,10,40.102,55.0,144.19,37985.0,0
txn_0001374,card_0357,merchant_082,M,job_17,gas_transport,city_37,S02,76072,6,38,18,2025,11,28,37.26,56.0,167.55,9479.0,0
txn_0000382,card_0315,merchant_004,M,job_03,travel,city_12,S06,17033,6,56,9,2025,3,24,6.03,36.0,385.44,25992.0,0
txn_0000080,card_0556,merchant_097,M,job_31,entertainment,city_24,S02,73609,20,46,20,2025,3,17,7.797,53.0,11.54,19286.0,0
txn_0004394,card_0632,merchant_214,F,job_29,travel,city_09,S03,64461,8,8,16,2025,10,5,20.636,58.0,532.99,418861.0,0
txn_0001320,card_0034,merchant_141,M,job_14,gas_transport,city_24,S06,96482,10,30,32,2025,9,13,43.151,31.0,71.58,14379.0,0
txn_0002081,card_0874,merchant_113,M,job_24,grocery_pos,city_55,S14,86548,13,29,48,2025,3,16,8.049,62.0,26.16,12477.0,0
txn_0000952,card_0138,merchant_188,F,job_13,personal_care,city_57,S03,70133,21,30,45,2025,10,17,14.349,59.0,166.21,60425.0,0
txn_0003513,card_0750,merchant_158,M,job_06,grocery_pos,city_39,S07,64754,3,17,21,2025,6,6,10.748,28.0,22.47,43963.0,0
txn_0007229,card_0196,merchant_055,F,job_26,grocery_pos,city_33,S09,71851,22,8,23,2025,11,26,75.058,38.0,39.77,37882.0,0
txn_0003255,card_0146,merchant_142,F,job_07,grocery_pos,city_09,S12,50406,21,44,55,2025,7,28,25.911,42.0,26.51,10469.0,0
txn_0005685,card_0623,merchant_145,F,job_04,health_fitness,city_49,S09,57991,8,39,5,2025,2,5,13.051,30.0,55.58,60550.0,0
txn_0005612,card_0039,merchant_195,M,job_16,misc_net,city_33,S05,65774,13,36,12,2025,3,9,28.046,40.0,125.98,174940.0,0
txn_0006417,card_0352,merchant_007,F,job_02,misc_net,city_51,S11,75539,16,18,40,2025,8,18,37.404,38.0,196.54,169544.0,0
txn_0002648,card_0050,merchant_210,M,job_02,misc_net,city_04,S03,20800,12,39,13,2025,7,27,20.284,29.0,189.64,31904.0,0
txn_0000945,card_0583,merchant_018,F,job_03,personal_care,city_23,S01,86735,1,16,19,2025,11,5,50.174,59.0,114.84,15548.0,0
txn_0000603,card_0671,merchant_040,M,job_11,travel,city_05,S03,57863,3,44,53,2025,12,16,22.143,35.0,214.43,6349.0,0
txn_0005242,card_0271,merchant_092,F,job_20,travel,city_38,S00,19251,22,34,52,2025,6,11,0.551,38.0,217.11,5238.0,0
txn_0005867,card_0042,merchant_005,M,job_29,shopping_pos,city_48,S07,93679,17,57,43,2025,8,8,31.022,24.0,53.42,19389.0,0
txn_0001714,card_0113,merchant_111,F,job_10,travel,city_46,S14,30154,1,5,43,2025,7,17,29.299,45.0,401.57,8733.0,0
txn_0003612,card_0526,merchant_106,M,job_21,health_fitness,city_20,S08,14127,2,36,10,2025,8,23,18.713,31.0,70.68,25497.0,0
txn_0004964,card_0170,merchant_153,F,job_21,grocery_pos,city_49,S04,48166,22,11,47,2025,10,5,36.954,29.0,37.89,71786.0,0
txn_0000677,card_0618,merchant_047,F,job_15,personal_care,city_17,S03,57407,9,11,14,2025,7,31,9.596,55.0,33.76,38380.0,0
txn_0004241,card_0107,merchant_037,M,job_16,shopping_net,city_09,S04,78047,23,53,49,2025,10,13,67.203,44.0,112.69,33539.0,0
txn_0003278,card_0277,merchant_017,M,job_06,shopping_net,city_26,S13,32100,19,12,4,2025,5,18,28.396,47.0,86.51,18412.0,0
txn_0000327,card_0893,merchant_215,M,job_08,entertainment,city_25,S08,33570,5,49,45,2025,1,15,22.478,33.0,54.68,12206.0,0
txn_0003228,card_0539,merchant_011,F,job_30,gas_transport,city_05,S00,55408,7,6,59,2025,7,12,21.03,63.0,54.24,6336.0,0
txn_0002588,card_0532,merchant_100,F,job_05,health_fitness,city_16,S10,75729,12,26,18,2025,2,28,39.782,68.0,61.82,12673.0,0
txn_0000532,card_0344,merchant_078,M,job_28,travel,city_21,S02,21738,11,46,33,2025,9,22,23.139,43.0,488.94,73571.0,0
txn_0006741,card_0814,merchant_031,M,job_20,travel,city_06,S03,54188,14,16,19,2025,6,4,57.179,58.0,285.14,2600.0,0
txn_0001848,card_0293,merchant_081,F,job_22,shopping_net,city_11,S12,28121,8,57,50,2025,8,26,28.422,33.0,298.95,8543.0,0
txn_0000144,card_0693,merchant_082,M,job_00,gas_transport,city_36,S02,18490,2,25,0,2025,12,29,8.531,35.0,41.72,50121.0,0
txn_0004989,card_0258,merchant_190,F,job_12,shopping_pos,city_23,S07,39285,19,0,55,2025,2,15,11.487,18.0,82.9,8782.0,0
txn_0005731,card_0773,merchant_011,M,job_24,gas_transport,city_23,S13,83639,7,48,52,2025,8,29,14.452,36.0,16.82,7245.0,0
txn_0006306,card_0635,merchant_161,M,job_01,shopping_pos,city_33,S03,13560,23,57,14,2025,4,10,14.266,42.0,232.76,15581.0,0
txn_0004543,card_0815,merchant_070,M,job_28,misc_net,city_40,S14,49838,0,22,39,2025,12,5,6.308,36.0,128.38,19070.0,0
txn_0000222,card_0109,merchant_188,M,job_16,personal_care,city_56,S02,86474,22,21,21,2025,8,29,25.791,48.0,108.96,14068.0,0
txn_0007405,card_0423,merchant_219,M,job_28,misc_net,city_25,S09,35793,20,17,57,2025,6,17,61.993,47.0,45.18,4986.0,0
txn_0004026,card_0400,merchant_193,M,job_24,travel,city_21,S05,38573,19,2,47,2025,9,10,13.235,36.0,121.9,19081.0,0
txn_0007506,card_0649,merchant_082,M,job_00,gas_transport,city_10,S11,44075,23,1,39,2025,2,13,7.524,58.0,31.4,89263.0,0
txn_0004631,card_0661,merchant_021,M,job_08,shopping_pos,city_12,S11,28190,15,44,5,2025,11,28,18.844,53.0,56.24,52020.0,0
txn_0005121,card_0023,merchant_075,M,job_04,grocery_pos,city_52,S05,49686,7,5,47,2025,8,26,16.587,33.0,50.99,42029.0,0
txn_0007976,card_0885,merchant_095,M,job_07,food_dining,city_28,S03,43198,10,39,9,2025,2,16,12.531,54.0,77.57,13069.0,0
txn_0007005,card_0527,merchant_081,F,job_28,shopping_net,city_10,S05,18163,14,21,38,2025,2,10,6.417,42.0,65.84,9642.0,0
txn_0003345,card_0065,merchant_184,F,job_18,gas_transport,city_24,S08,50551,18,52,12,2025,4,3,45.668,55.0,52.95,34216.0,0
txn_0004780,card_0809,merchant_191,M,job_06,shopping_pos,city_49,S05,39093,6,42,29,2025,5,13,74.981,54.0,55.05,5450.0,0
txn_0004002,card_0065,merchant_004,F,job_18,travel,city_24,S08,50551,14,7,50,2025,9,14,24.336,55.0,755.59,34216.0,0
txn_0002053,card_0570,merchant_003,M,job_28,health_fitness,city_02,S02,43544,11,25,55,2025,12,17,15.938,58.0,60.32,39651.0,0
txn_0006817,card_0566,merchant_142,F,job_20,grocery_pos,city_20,S11,51610,13,35,6,2025,6,13,13.632,19.0,117.5,24577.0,0
txn_0005686,card_0427,merchant_036,M,job_02,entertainment,city_55,S13,49696,10,8,54,2025,10,25,20.519,65.0,56.49,6480.0,0
txn_0002540,card_0081,merchant_175,F,job_22,gas_transport,city_15,S14,12893,3,45,45,2025,2,17,54.759,44.0,56.22,5442.0,0
txn_0003601,card_0477,merchant_202,F,job_24,shopping_pos,city_03,S04,64122,15,13,22,2025,1,9,44.526,51.0,146.08,29321.0,0
txn_0002303,card_0806,merchant_200,M,job_31,shopping_pos,city_31,S12,33286,22,33,14,2025,6,20,422.585,18.0,276.75,4940.0,1
txn_0001048,card_0805,merchant_086,M,job_27,entertainment,city_45,S13,90524,6,41,59,2025,4,7,1.85,38.0,69.07,281058.0,0
txn_0006478,card_0399,merchant_040,F,job_00,travel,city_10,S04,56805,18,26,46,2025,12,19,76.66,59.0,268.32,44121.0,0
txn_0006492,card_0069,merchant_133,F,job_01,grocery_pos,city_46,S14,29522,4,51,28,2025,12,2,12.083,38.0,75.81,7418.0,0
txn_0007104,card_0714,merchant_077,M,job_01,food_dining,city_06,S08,77675,7,7,42,2025,2,27,7.594,49.0,39.46,76783.0,0
txn_0000355,card_0430,merchant_130,F,job_14,personal_care,city_37,S05,58753,22,8,21,2025,8,2,19.257,45.0,134.64,115982.0,0
txn_0003070,card_0872,merchant_040,F,job_11,travel,city_51,S10,53935,16,45,37,2025,3,11,6.406,22.0,162.16,30779.0,0
txn_0002998,card_0377,merchant_213,M,job_24,gas_transport,city_28,S12,98857,12,50,7,2025,6,12,9.836,31.0,118.82,19481.0,0
txn_0003648,card_0406,merchant_142,F,job_08,grocery_pos,city_08,S12,32627,15,23,58,2025,10,1,31.992,30.0,160.86,20308.0,0
txn_0002021,card_0742,merchant_165,M,job_14,shopping_net,city_57,S06,52094,1,13,15,2025,9,20,78.24,44.0,66.29,32730.0,0
txn_0002734,card_0669,merchant_216,F,job_31,entertainment,city_12,S01,55379,9,17,26,2025,8,29,42.713,52.0,32.17,51556.0,0
txn_0006396,card_0004,merchant_008,F,job_14,misc_net,city_07,S01,93225,19,12,27,2025,7,22,2.288,59.0,63.33,22681.0,0
txn_0004024,card_0278,merchant_016,F,job_08,travel,city_15,S04,26043,17,39,46,2025,5,30,10.871,55.0,340.83,9274.0,0
txn_0000638,card_0024,merchant_178,M,job_07,misc_net,city_46,S11,84924,3,25,53,2025,11,8,856.902,29.0,382.75,31028.0,0
txn_0001253,card_0392,merchant_081,F,job_14,shopping_net,city_17,S10,22622,15,28,8,2025,2,27,38.485,51.0,146.94,18361.0,0
txn_0001408,card_0898,merchant_044,F,job_15,entertainment,city_07,S04,32002,9,12,22,2025,6,28,62.788,72.0,114.66,12713.0,0
txn_0000795,card_0428,merchant_219,F,job_21,misc_net,city_17,S07,72101,3,36,27,2025,2,9,56.569,33.0,86.94,5217.0,0
txn_0001497,card_0289,merchant_021,F,job_00,shopping_pos,city_01,S06,84196,14,15,4,2025,1,3,864.676,44.0,695.81,14606.0,1
txn_0003531,card_0652,merchant_131,F,job_17,grocery_pos,city_05,S01,98218,5,0,49,2025,7,31,10.191,63.0,41.33,20375.0,0
txn_0004516,card_0081,merchant_048,F,job_22,food_dining,city_15,S14,12893,15,18,16,2025,3,6,19.053,44.0,28.65,5442.0,0
txn_0001739,card_0543,merchant_063,F,job_13,shopping_net,city_44,S07,50342,5,6,28,2025,8,14,10.811,19.0,125.04,12741.0,0
txn_0006330,card_0342,merchant_061,M,job_30,shopping_pos,city_57,S04,93507,18,42,13,2025,5,28,28.519,40.0,95.21,25951.0,0
txn_0000793,card_0892,merchant_000,M,job_11,health_fitness,city_54,S14,72684,18,50,19,2025,1,18,56.252,57.0,40.06,17945.0,0
txn_0001259,card_0158,merchant_044,M,job_13,entertainment,city_39,S10,17252,23,27,48,2025,2,8,13.946,61.0,116.55,10132.0,0
txn_0000906,card_0001,merchant_004,M,job_01,travel,city_28,S11,64929,1,55,30,2025,7,19,45.807,42.0,46.63,14440.0,0
txn_0000948,card_0708,merchant_088,F,job_07,grocery_pos,city_24,S09,82255,18,55,50,2025,7,15,31.416,27.0,39.12,22052.0,0
txn_0000512,card_0028,merchant_181,M,job_13,travel,city_36,S08,86088,21,21,8,2025,10,10,2.264,75.0,305.72,11776.0,0
txn_0000047,card_0398,merchant_068,F,job_16,shopping_pos,city_34,S02,75813,11,8,58,2025,9,2,16.034,18.0,21.94,19313.0,0
txn_0001816,card_0763,merchant_061,M,job_17,shopping_pos,city_24,S00,97082,17,36,37,2025,6,3,26.148,34.0,29.71,125836.0,0
txn_0003204,card_0240,merchant_086,F,job_28,entertainment,city_17,S10,88410,17,17,14,2025,7,14,67.347,45.0,87.86,17186.0,0
txn_0002591,card_0785,merchant_107,M,job_16,personal_care,city_33,S00,74892,20,55,33,2025,6,9,45.624,38.0,26.81,25749.0,0
txn_0000018,card_0178,merchant_043,M,job_13,health_fitness,city_03,S13,98684,15,38,11,2025,9,9,19.698,45.0,30.07,11313.0,0
txn_0007071,card_0265,merchant_217,M,job_03,personal_care,city_30,S08,79897,19,37,13,2025,12,4,4.823,33.0,167.79,6756.0,0
txn_0000439,card_0657,merchant_079,M,job_24,gas_transport,city_56,S13,18075,20,52,49,2025,2,3,3.901,46.0,61.08,6824.0,0
txn_0007900,card_0571,merchant_111,F,job_22,travel,city_49,S06,33712,7,8,58,2025,7,28,2.235,52.0,148.56,41221.0,0
txn_0004268,card_0764,merchant_157,F,job_16,health_fitness,city_26,S05,62043,5,51,52,2025,7,16,64.195,44.0,15.72,4378.0,0
txn_0001618,card_0812,merchant_215,M,job_28,entertainment,city_10,S01,40010,3,37,58,2025,12,31,12.79,38.0,127.45,15127.0,1
txn_0006586,card_0701,merchant_007,M,job_23,misc_net,city_05,S13,69060,6,24,59,2025,5,16,9.688,24.0,65.95,11513.0,0
txn_0006904,card_0789,merchant_066,F,job_03,shopping_pos,city_20,S10,63806,9,15,15,2025,4,23,35.787,63.0,59.66,11780.0,0
txn_0006944,card_0008,merchant_049,F,job_11,gas_transport,city_05,S10,65565,10,5,57,2025,9,19,103.319,53.0,85.04,6677.0,0
txn_0001940,card_0478,merchant_002,M,job_16,food_dining,city_22,S03,32240,22,18,49,2025,7,10,26.185,19.0,33.57,42513.0,0
txn_0006029,card_0856,merchant_107,F,job_11,personal_care,city_03,S10,63194,21,43,54,2025,11,28,5.031,38.0,291.97,11386.0,0
txn_0001119,card_0639,merchant_088,M,job_19,grocery_pos,city_03,S13,31622,18,11,51,2025,9,10,19.961,45.0,86.39,15152.0,0
txn_0007352,card_0447,merchant_002,M,job_22,food_dining,city_10,S12,32346,18,32,34,2025,1,14,17.946,37.0,52.38,69491.0,0
txn_0003913,card_0571,merchant_091,F,job_22,food_dining,city_49,S06,33712,13,35,45,2025,5,3,59.335,52.0,149.29,41221.0,0
txn_0006309,card_0520,merchant_016,F,job_30,travel,city_05,S10,75338,5,9,22,2025,11,12,29.835,46.0,258.47,33802.0,0
txn_0002031,card_0202,merchant_073,F,job_29,shopping_net,city_23,S12,82464,9,33,29,2025,10,4,2.061,48.0,87.68,62282.0,0
txn_0007725,card_0308,merchant_208,F,job_09,gas_transport,city_16,S09,27657,10,25,10,2025,2,18,19.661,57.0,105.6,39872.0,0
txn_0000569,card_0272,merchant_050,F,job_12,gas_transport,city_24,S08,87824,14,26,9,2025,12,19,14.547,49.0,44.38,5557.0,0
txn_0000109,card_0840,merchant_076,F,job_13,entertainment,city_14,S11,39359,23,46,35,2025,7,3,11.662,62.0,31.82,27315.0,0
txn_0007539,card_0240,merchant_019,F,job_28,food_dining,city_17,S10,88410,5,27,28,2025,7,23,20.517,45.0,4.09,17186.0,0
txn_0003146,card_0822,merchant_199,F,job_20,misc_net,city_06,S12,78759,12,43,26,2025,1,15,43.059,50.0,81.08,8090.0,0
txn_0006793,card_0855,merchant_177,M,job_10,gas_transport,city_33,S06,16043,1,58,6,2025,4,13,32.425,28.0,86.41,3285.0,0
txn_0007808,card_0029,merchant_052,F,job_18,entertainment,city_58,S06,84676,7,52,9,2025,5,12,4.539,48.0,74.17,35232.0,0
txn_0000680,card_0881,merchant_011,M,job_10,gas_transport,city_06,S11,36717,19,57,32,2025,5,2,15.097,28.0,147.13,18852.0,0
txn_0007230,card_0820,merchant_079,F,job_02,gas_transport,city_50,S12,74936,10,57,12,2025,5,23,52.869,27.0,140.86,33627.0,0
txn_0000229,card_0578,merchant_119,M,job_07,health_fitness,city_59,S14,51421,18,34,17,2025,11,2,11.739,51.0,103.0,12247.0,0
txn_0006408,card_0637,merchant_005,F,job_03,shopping_pos,city_40,S00,19742,6,14,3,2025,10,30,27.171,47.0,78.79,114057.0,0
txn_0000328,card_0595,merchant_076,M,job_13,entertainment,city_39,S11,54513,9,29,48,2025,3,29,601.819,53.0,885.36,11051.0,1
txn_0000386,card_0673,merchant_204,F,job_26,misc_net,city_12,S07,38312,11,2,10,2025,3,14,21.684,18.0,127.55,42028.0,0
txn_0001679,card_0545,merchant_186,F,job_01,health_fitness,city_15,S12,35153,9,17,48,2025,12,4,2.34,60.0,47.56,5556.0,0
txn_0006602,card_0126,merchant_115,F,job_02,gas_transport,city_21,S05,19841,21,14,41,2025,3,7,4.625,18.0,80.38,9754.0,0
txn_0003660,card_0624,merchant_160,M,job_19,travel,city_20,S06,80372,0,48,44,2025,4,16,16.875,44.0,160.18,22009.0,0
txn_0003544,card_0121,merchant_219,M,job_02,misc_net,city_32,S12,62419,11,36,12,2025,3,26,12.928,62.0,73.39,26512.0,0
txn_0001344,card_0256,merchant_036,M,job_03,entertainment,city_44,S01,42314,11,1,16,2025,1,15,22.12,58.0,208.63,13076.0,0
txn_0003678,card_0396,merchant_012,F,job_08,personal_care,city_17,S02,12299,8,44,10,2025,3,12,7.4,61.0,26.52,66402.0,0
txn_0003790,card_0764,merchant_184,F,job_16,gas_transport,city_26,S05,62043,14,12,49,2025,3,19,6.179,44.0,31.85,4378.0,0
txn_0002708,card_0638,merchant_210,M,job_22,misc_net,city_50,S12,78350,9,35,45,2025,11,13,4.965,61.0,139.16,12420.0,0
txn_0005851,card_0867,merchant_144,M,job_14,grocery_pos,city_57,S02,95485,16,31,51,2025,9,25,35.55,50.0,27.15,8566.0,0
txn_0006714,card_0086,merchant_123,F,job_19,grocery_pos,city_39,S04,19500,23,45,18,2025,5,15,7.89,54.0,61.55,9126.0,0
txn_0001580,card_0500,merchant_191,F,job_27,shopping_pos,city_16,S13,18268,4,4,4,2025,2,1,58.572,56.0,146.55,64103.0,0
txn_0006294,card_0385,merchant_199,F,job_01,misc_net,city_17,S05,40575,2,10,12,2025,12,26,47.431,58.0,40.74,71781.0,0
txn_0006878,card_0765,merchant_043,M,job_12,health_fitness,city_25,S11,85431,21,42,50,2025,8,9,5.878,22.0,104.27,8164.0,0
txn_0006665,card_0308,merchant_096,F,job_09,misc_net,city_16,S09,27657,12,12,13,2025,7,20,17.156,57.0,83.79,39872.0,0
txn_0004362,card_0296,merchant_184,M,job_22,gas_transport,city_56,S04,57932,14,46,2,2025,9,7,7.993,42.0,110.76,9859.0,0
txn_0005111,card_0289,merchant_068,F,job_00,shopping_pos,city_01,S06,84196,21,4,35,2025,8,22,75.783,44.0,185.64,14606.0,0
txn_0007304,card_0107,merchant_141,M,job_16,gas_transport,city_09,S04,78047,17,58,34,2025,8,13,35.459,44.0,119.8,33539.0,0
txn_0001625,card_0382,merchant_076,M,job_12,entertainment,city_36,S04,70381,11,43,2,2025,1,26,4.12,43.0,188.96,64521.0,0
txn_0005757,card_0133,merchant_112,M,job_10,personal_care,city_57,S08,93963,19,55,57,2025,12,28,64.645,44.0,64.15,58091.0,0
txn_0007831,card_0839,merchant_099,M,job_06,shopping_net,city_51,S12,38324,5,51,42,2025,1,21,14.609,43.0,112.87,106986.0,0
txn_0005460,card_0421,merchant_057,M,job_08,travel,city_09,S14,14263,5,41,26,2025,6,8,12.939,34.0,385.53,25345.0,0
txn_0001160,card_0180,merchant_043,M,job_29,health_fitness,city_39,S00,15069,1,33,29,2025,11,12,340.039,40.0,860.99,139194.0,0
txn_0005886,card_0839,merchant_083,M,job_06,food_dining,city_51,S12,38324,16,46,13,2025,11,9,14.725,43.0,136.89,106986.0,0
txn_0000535,card_0469,merchant_087,M,job_20,shopping_net,city_58,S09,19025,19,2,56,2025,1,11,31.86,35.0,19.11,57003.0,0
txn_0007882,card_0395,merchant_127,M,job_16,food_dining,city_48,S11,40153,1,58,50,2025,10,26,36.783,32.0,37.81,23347.0,0
txn_0003191,card_0876,merchant_173,M,job_10,misc_net,city_57,S09,94482,23,45,11,2025,11,15,61.475,44.0,561.1,33280.0,1
txn_0001190,card_0851,merchant_086,M,job_28,entertainment,city_52,S07,32797,5,41,59,2025,3,4,630.632,31.0,1119.07,264041.0,1
txn_0004608,card_0511,merchant_204,M,job_17,misc_net,city_04,S04,53181,0,54,23,2025,9,13,34.199,54.0,180.94,11322.0,0
txn_0001094,card_0685,merchant_198,M,job_10,food_dining,city_21,S03,79018,10,20,2,2025,1,27,38.414,48.0,45.24,7218.0,0
txn_0003049,card_0240,merchant_153,F,job_28,grocery_pos,city_17,S10,88410,7,31,56,2025,6,18,33.691,45.0,53.18,17186.0,0
txn_0002305,card_0560,merchant_067,M,job_25,health_fitness,city_38,S06,46288,8,43,10,2025,10,16,12.981,34.0,88.68,24708.0,0
txn_0000113,card_0105,merchant_098,M,job_29,grocery_pos,city_14,S14,55018,15,22,18,2025,10,11,23.994,37.0,81.62,17277.0,0
txn_0006163,card_0648,merchant_122,M,job_15,shopping_pos,city_46,S01,92119,3,43,50,2025,3,31,14.646,55.0,58.65,11767.0,0
txn_0003944,card_0096,merchant_027,F,job_16,misc_net,city_34,S13,37725,11,45,42,2025,4,10,15.417,80.0,68.51,6622.0,0
txn_0006689,card_0548,merchant_200,M,job_23,shopping_pos,city_12,S02,87639,19,52,21,2025,4,15,11.287,42.0,74.57,95550.0,0
txn_0005343,card_0183,merchant_190,M,job_17,shopping_pos,city_45,S00,78339,2,52,43,2025,8,24,20.782,37.0,67.49,89726.0,0
txn_0006249,card_0411,merchant_157,F,job_11,health_fitness,city_46,S11,89657,3,46,18,2025,10,18,24.092,56.0,22.11,6040.0,0
txn_0001486,card_0242,merchant_021,F,job_29,shopping_pos,city_44,S11,60357,15,36,18,2025,7,2,123.539,30.0,62.15,131604.0,0
txn_0000194,card_0292,merchant_056,M,job_05,entertainment,city_48,S02,49238,15,37,45,2025,8,8,6.218,55.0,36.65,10985.0,0
txn_0002737,card_0284,merchant_003,F,job_13,health_fitness,city_07,S10,24611,11,32,31,2025,12,15,8.967,43.0,76.02,22618.0,0
txn_0004353,card_0519,merchant_214,M,job_15,travel,city_46,S06,14654,11,59,3,2025,11,5,15.634,29.0,442.92,18666.0,0
txn_0001806,card_0349,merchant_054,F,job_31,shopping_pos,city_51,S10,25732,11,10,28,2025,8,12,32.637,51.0,65.36,23441.0,0
txn_0001852,card_0390,merchant_155,M,job_07,shopping_pos,city_21,S05,77902,16,54,40,2025,12,28,27.095,32.0,328.48,7242.0,0
txn_0006804,card_0133,merchant_066,M,job_10,shopping_pos,city_57,S08,93963,11,29,30,2025,1,27,49.612,44.0,108.81,58091.0,0
txn_0006867,card_0420,merchant_090,M,job_03,shopping_net,city_56,S09,21942,21,4,55,2025,5,30,20.992,34.0,199.81,11762.0,0
txn_0006838,card_0644,merchant_141,M,job_07,gas_transport,city_35,S08,41705,5,41,54,2025,8,9,49.593,35.0,83.58,400191.0,0
txn_0000573,card_0609,merchant_035,M,job_21,shopping_pos,city_01,S14,64587,2,17,10,2025,12,18,8.75,25.0,77.24,18430.0,0
txn_0004387,card_0205,merchant_137,F,job_05,grocery_pos,city_07,S12,86390,10,32,48,2025,8,23,6.821,21.0,113.41,40780.0,0
txn_0001704,card_0393,merchant_082,M,job_00,gas_transport,city_13,S03,35660,20,33,2,2025,2,21,23.313,54.0,46.94,30991.0,0
txn_0001055,card_0222,merchant_162,M,job_08,health_fitness,city_39,S01,59333,23,12,1,2025,5,6,58.344,66.0,36.79,28725.0,0
txn_0005419,card_0375,merchant_141,F,job_22,gas_transport,city_45,S11,72362,13,1,41,2025,7,8,51.521,49.0,39.12,44835.0,0
txn_0004887,card_0746,merchant_127,M,job_10,food_dining,city_47,S04,14473,22,48,4,2025,12,21,577.27,66.0,399.59,22159.0,0
txn_0000077,card_0310,merchant_045,M,job_19,gas_transport,city_16,S05,30935,7,7,4,2025,1,18,13.377,36.0,31.13,2710.0,0
txn_0001238,card_0837,merchant_005,F,job_03,shopping_pos,city_44,S01,95273,16,1,30,2025,3,14,5.173,43.0,311.31,38938.0,0
txn_0002621,card_0828,merchant_171,M,job_14,food_dining,city_36,S02,79377,1,46,19,2025,10,8,1.522,32.0,36.11,5801.0,0
txn_0005967,card_0154,merchant_086,F,job_02,entertainment,city_58,S10,13397,18,6,15,2025,2,18,6.159,27.0,124.74,16808.0,0
txn_0004374,card_0108,merchant_204,F,job_23,misc_net,city_02,S11,54287,8,39,11,2025,11,7,20.257,62.0,62.74,67568.0,0
txn_0001191,card_0869,merchant_076,F,job_06,entertainment,city_57,S03,77365,21,53,45,2025,10,10,5.624,32.0,25.78,8650.0,0
txn_0003449,card_0691,merchant_214,M,job_11,travel,city_15,S07,93630,23,4,14,2025,5,25,9.907,50.0,187.8,114545.0,0
txn_0001298,card_0073,merchant_023,F,job_15,food_dining,city_56,S10,10051,15,22,1,2025,3,23,41.949,57.0,47.81,25319.0,0
txn_0004627,card_0149,merchant_033,F,job_03,food_dining,city_19,S05,91548,16,41,41,2025,11,22,24.81,54.0,16.56,29314.0,0
txn_0007174,card_0635,merchant_131,M,job_01,grocery_pos,city_33,S03,13560,11,7,26,2025,8,26,199.308,42.0,167.11,15581.0,0
txn_0003996,card_0643,merchant_025,F,job_18,travel,city_12,S09,12952,22,16,37,2025,9,15,80.704,54.0,617.6,45789.0,0
txn_0006552,card_0015,merchant_007,M,job_14,misc_net,city_06,S06,50215,4,22,7,2025,10,9,3.431,44.0,68.05,51473.0,0
txn_0003469,card_0699,merchant_031,F,job_22,travel,city_55,S10,18394,4,30,50,2025,7,30,23.062,55.0,264.8,23158.0,0
txn_0007076,card_0102,merchant_145,M,job_17,health_fitness,city_43,S14,32498,2,2,34,2025,11,20,6.957,18.0,82.12,17922.0,0
txn_0003325,card_0354,merchant_008,M,job_20,misc_net,city_42,S11,63379,0,49,46,2025,8,30,30.723,49.0,221.53,105009.0,0
txn_0003104,card_0212,merchant_165,M,job_06,shopping_net,city_09,S07,70737,19,57,14,2025,1,8,6.48,20.0,118.19,20452.0,0
txn_0000776,card_0092,merchant_149,M,job_06,misc_net,city_52,S10,27570,18,36,46,2025,12,17,487.949,61.0,997.45,26536.0,1
txn_0002037,card_0451,merchant_111,M,job_12,travel,city_33,S03,45466,16,57,12,2025,2,18,42.557,18.0,204.79,7445.0,0
txn_0002028,card_0296,merchant_103,M,job_22,gas_transport,city_56,S04,57932,16,53,36,2025,1,17,56.288,42.0,69.05,9859.0,0
txn_0005716,card_0361,merchant_196,M,job_29,shopping_pos,city_14,S04,87359,6,1,32,2025,6,27,93.643,45.0,30.88,5928.0,0
txn_0002860,card_0071,merchant_097,F,job_13,entertainment,city_12,S00,18566,2,52,27,2025,12,31,25.272,29.0,20.96,48466.0,0
txn_0002953,card_0486,merchant_033,F,job_17,food_dining,city_54,S11,34256,3,26,54,2025,4,3,30.211,19.0,40.36,8746.0,0
txn_0007205,card_0393,merchant_216,M,job_00,entertainment,city_13,S03,35660,20,18,24,2025,12,21,4.801,54.0,24.93,30991.0,0
txn_0001763,card_0225,merchant_145,F,job_26,health_fitness,city_28,S02,91350,2,45,10,2025,5,13,7.86,60.0,61.11,32335.0,0
txn_0002622,card_0354,merchant_115,M,job_20,gas_transport,city_42,S11,63379,17,27,59,2025,4,2,42.09,49.0,334.04,105009.0,0
txn_0004306,card_0148,merchant_142,M,job_21,grocery_pos,city_00,S04,92737,5,47,58,2025,9,25,9.119,65.0,34.3,58241.0,0
txn_0003529,card_0208,merchant_143,F,job_30,travel,city_47,S01,56704,11,39,35,2025,10,9,3.741,18.0,481.53,8875.0,0
txn_0001424,card_0729,merchant_096,M,job_04,misc_net,city_34,S04,89146,9,21,17,2025,4,19,17.623,40.0,173.46,7901.0,0
txn_0003742,card_0497,merchant_013,F,job_20,food_dining,city_29,S12,23206,4,18,22,2025,12,16,29.104,46.0,307.76,13751.0,0
txn_0005813,card_0562,merchant_195,F,job_01,misc_net,city_57,S11,60674,2,32,53,2025,12,21,74.142,37.0,138.4,15844.0,0
txn_0005995,card_0533,merchant_063,F,job_17,shopping_net,city_49,S00,55216,19,56,49,2025,2,24,14.025,38.0,89.69,21434.0,0
txn_0005177,card_0073,merchant_196,F,job_15,shopping_pos,city_56,S10,10051,5,21,53,2025,4,5,27.971,57.0,106.8,25319.0,0
txn_0001558,card_0475,merchant_217,M,job_30,personal_care,city_25,S08,12004,19,58,57,2025,10,30,6.757,49.0,54.62,3648.0,0
txn_0006709,card_0688,merchant_209,F,job_27,shopping_pos,city_31,S04,78790,23,6,54,2025,3,31,17.943,38.0,198.36,144528.0,0
txn_0005118,card_0370,merchant_090,F,job_11,shopping_net,city_01,S06,52971,18,17,12,2025,11,5,31.232,76.0,35.9,5191.0,0
txn_0000027,card_0287,merchant_173,M,job_19,misc_net,city_39,S11,25899,10,54,17,2025,11,11,36.975,56.0,197.09,14756.0,0
txn_0005770,card_0660,merchant_140,F,job_09,misc_net,city_20,S14,30335,4,46,26,2025,1,15,5.26,23.0,67.32,15613.0,0
txn_0002976,card_0049,merchant_139,M,job_08,food_dining,city_09,S14,76375,20,43,8,2025,2,21,4.763,60.0,49.68,30920.0,0
txn_0004791,card_0082,merchant_177,F,job_17,gas_transport,city_10,S11,29394,22,27,45,2025,3,23,50.696,59.0,83.1,11944.0,0
txn_0003620,card_0558,merchant_065,M,job_08,health_fitness,city_37,S08,27978,2,26,59,2025,5,10,21.766,55.0,697.2,9829.0,0
txn_0004011,card_0262,merchant_219,F,job_27,misc_net,city_08,S14,32289,5,0,54,2025,4,14,6.753,42.0,143.83,30197.0,0
txn_0006663,card_0385,merchant_146,F,job_01,grocery_pos,city_17,S05,40575,2,0,21,2025,4,23,17.504,58.0,44.64,71781.0,0
txn_0007163,card_0259,merchant_152,M,job_10,entertainment,city_24,S07,49525,1,13,26,2025,11,11,31.416,18.0,160.25,28728.0,0
txn_0004014,card_0667,merchant_142,M,job_19,grocery_pos,city_40,S04,93566,3,8,49,2025,3,9,10.717,65.0,75.59,38030.0,0
txn_0005139,card_0674,merchant_046,M,job_04,entertainment,city_06,S10,12999,21,17,26,2025,3,3,25.862,46.0,39.88,72437.0,0
txn_0004851,card_0363,merchant_131,M,job_26,grocery_pos,city_54,S01,44037,1,41,38,2025,7,27,16.064,68.0,71.61,6117.0,0
txn_0000574,card_0374,merchant_063,M,job_24,shopping_net,city_13,S08,18552,9,50,10,2025,9,5,35.537,43.0,149.18,6574.0,0
txn_0002264,card_0498,merchant_136,M,job_00,personal_care,city_13,S14,81434,19,36,59,2025,11,12,19.74,50.0,200.65,4126.0,0
txn_0006997,card_0290,merchant_018,M,job_13,personal_care,city_53,S06,61067,16,34,50,2025,11,12,21.414,55.0,76.07,8319.0,0
txn_0001001,card_0463,merchant_094,F,job_06,gas_transport,city_30,S04,56361,19,48,33,2025,5,14,13.254,24.0,101.06,20540.0,0
txn_0002439,card_0586,merchant_189,M,job_05,shopping_pos,city_57,S01,33923,17,58,4,2025,8,22,46.383,44.0,83.93,7239.0,0
txn_0007782,card_0793,merchant_052,M,job_12,entertainment,city_05,S11,16077,12,34,27,2025,10,17,20.022,77.0,62.21,8465.0,0
txn_0007039,card_0841,merchant_107,M,job_23,personal_care,city_29,S08,41964,23,56,24,2025,1,11,477.838,42.0,303.61,17956.0,0
txn_0001118,card_0437,merchant_025,M,job_09,travel,city_16,S07,65294,9,43,13,2025,11,27,39.695,41.0,243.94,17415.0,0
txn_0007090,card_0052,merchant_064,F,job_19,shopping_net,city_27,S08,46888,1,26,43,2025,7,27,47.423,53.0,113.73,36994.0,0
txn_0006611,card_0588,merchant_060,M,job_03,entertainment,city_57,S02,13776,4,53,11,2025,12,27,29.029,36.0,74.45,336544.0,0
txn_0007593,card_0284,merchant_134,F,job_13,misc_net,city_07,S10,24611,12,21,39,2025,11,15,42.351,43.0,106.33,22618.0,0
txn_0001808,card_0608,merchant_065,M,job_27,health_fitness,city_27,S00,30367,19,8,11,2025,12,9,7.193,48.0,66.15,21120.0,0
txn_0000079,card_0396,merchant_208,F,job_08,gas_transport,city_17,S02,12299,2,29,32,2025,7,11,12.045,61.0,494.28,66402.0,0
txn_0005432,card_0882,merchant_137,F,job_00,grocery_pos,city_23,S03,85212,2,58,11,2025,6,26,3.631,47.0,24.91,17026.0,0
txn_0002730,card_0035,merchant_022,F,job_30,grocery_pos,city_08,S02,52529,18,41,18,2025,11,6,38.661,29.0,23.45,7904.0,0
txn_0000288,card_0567,merchant_195,F,job_12,misc_net,city_10,S10,26318,15,6,11,2025,7,17,11.557,69.0,32.01,8099.0,0
txn_0001272,card_0759,merchant_189,M,job_08,shopping_pos,city_35,S05,97278,18,9,23,2025,4,17,16.146,71.0,192.88,36128.0,0
txn_0003816,card_0834,merchant_215,M,job_27,entertainment,city_04,S01,62602,18,38,19,2025,10,25,2.16,59.0,66.04,36188.0,0
txn_0000213,card_0162,merchant_093,F,job_04,personal_care,city_08,S12,61812,0,6,0,2025,1,5,6.864,39.0,19.06,33878.0,0
txn_0001621,card_0344,merchant_072,M,job_28,entertainment,city_21,S02,21738,3,40,5,2025,12,8,11.371,43.0,206.05,73571.0,0
txn_0005484,card_0848,merchant_170,M,job_25,grocery_pos,city_56,S04,59594,12,7,8,2025,10,19,22.75,56.0,86.47,23030.0,0
txn_0002488,card_0255,merchant_089,F,job_18,health_fitness,city_21,S14,74026,23,8,30,2025,3,19,7.324,45.0,66.88,1630.0,0
txn_0000444,card_0476,merchant_105,M,job_30,shopping_net,city_12,S09,98190,3,43,48,2025,3,4,22.702,66.0,474.89,34188.0,0
txn_0002099,card_0789,merchant_167,F,job_03,health_fitness,city_20,S10,63806,12,42,25,2025,3,25,12.016,63.0,34.76,11780.0,0
txn_0002120,card_0179,merchant_093,M,job_26,personal_care,city_47,S14,50164,4,54,3,2025,2,16,24.716,43.0,110.88,16322.0,0
txn_0007622,card_0205,merchant_129,F,job_05,travel,city_07,S12,86390,19,55,21,2025,5,29,5.941,21.0,747.17,40780.0,0
txn_0005334,card_0391,merchant_094,F,job_27,gas_transport,city_24,S05,77838,5,53,45,2025,11,13,18.588,74.0,30.67,9365.0,0
txn_0006404,card_0632,merchant_150,F,job_29,gas_transport,city_09,S03,64461,20,49,5,2025,4,9,31.389,58.0,51.79,418861.0,0
txn_0004746,card_0006,merchant_060,F,job_13,entertainment,city_00,S10,39469,1,46,33,2025,9,1,53.062,38.0,25.27,51966.0,0
txn_0003197,card_0581,merchant_060,M,job_00,entertainment,city_26,S11,42516,19,18,33,2025,12,9,45.956,35.0,253.73,42682.0,0
txn_0001235,card_0568,merchant_124,M,job_24,misc_net,city_09,S02,55625,23,49,29,2025,8,7,8.643,56.0,149.01,4297.0,0
txn_0001510,card_0745,merchant_018,F,job_09,personal_care,city_23,S10,55240,12,59,29,2025,4,1,22.144,47.0,22.54,2359.0,0
txn_0006910,card_0774,merchant_051,M,job_22,misc_net,city_46,S04,37299,4,47,56,2025,2,28,16.198,46.0,89.26,6777.0,0
txn_0007537,card_0598,merchant_107,M,job_14,personal_care,city_15,S08,95727,6,56,23,2025,8,20,45.683,52.0,16.54,8417.0,0
txn_0007456,card_0678,merchant_133,M,job_03,grocery_pos,city_04,S12,76006,10,56,38,2025,9,10,44.946,32.0,18.63,22671.0,0
txn_0002313,card_0449,merchant_182,F,job_19,entertainment,city_25,S01,51088,11,7,10,2025,3,20,41.813,77.0,147.22,42978.0,0
txn_0001726,card_0372,merchant_170,F,job_29,grocery_pos,city_59,S03,21168,8,6,1,2025,4,11,34.554,65.0,30.55,72804.0,0
txn_0007565,card_0627,merchant_142,F,job_04,grocery_pos,city_23,S03,65179,18,26,52,2025,10,18,17.255,71.0,61.42,45815.0,0
txn_0007939,card_0839,merchant_174,M,job_06,entertainment,city_51,S12,38324,13,54,6,2025,6,17,2.287,43.0,61.89,106986.0,0
txn_0003309,card_0861,merchant_171,M,job_13,food_dining,city_46,S02,40511,15,46,18,2025,11,18,12.911,47.0,25.39,92991.0,0
txn_0004402,card_0155,merchant_183,M,job_31,food_dining,city_24,S01,38876,16,3,35,2025,1,15,13.418,18.0,47.05,34269.0,0
txn_0002978,card_0264,merchant_047,M,job_16,personal_care,city_35,S11,66842,1,49,7,2025,8,5,4.631,34.0,115.69,39565.0,0
txn_0001571,card_0250,merchant_192,F,job_11,health_fitness,city_10,S00,76040,19,4,45,2025,8,30,20.891,37.0,123.14,25976.0,0
txn_0007630,card_0058,merchant_175,M,job_31,gas_transport,city_31,S05,40138,22,2,11,2025,2,15,48.868,59.0,47.51,5670.0,0
txn_0001979,card_0182,merchant_115,F,job_30,gas_transport,city_03,S08,19433,19,19,52,2025,5,10,49.587,23.0,82.04,13944.0,0
txn_0005192,card_0422,merchant_063,M,job_17,shopping_net,city_01,S07,58810,20,53,15,2025,11,18,20.049,66.0,128.38,17814.0,0
txn_0001713,card_0345,merchant_131,F,job_31,grocery_pos,city_26,S13,75980,8,26,46,2025,12,27,6.641,37.0,34.92,17520.0,0
txn_0001939,card_0095,merchant_040,F,job_20,travel,city_51,S13,67739,0,53,52,2025,12,15,14.71,57.0,123.18,70161.0,0
txn_0003776,card_0781,merchant_000,M,job_00,health_fitness,city_27,S03,20366,16,29,55,2025,9,8,10.945,66.0,357.41,99371.0,0
txn_0004228,card_0146,merchant_163,F,job_07,shopping_net,city_09,S12,50406,5,23,53,2025,11,11,30.116,42.0,91.42,10469.0,0
txn_0004679,card_0086,merchant_119,F,job_19,health_fitness,city_39,S04,19500,23,18,50,2025,12,9,107.257,54.0,182.73,9126.0,0
txn_0004635,card_0601,merchant_137,M,job_08,grocery_pos,city_33,S03,77239,19,15,47,2025,5,13,93.733,58.0,46.11,9981.0,0
txn_0006643,card_0370,merchant_209,F,job_11,shopping_pos,city_01,S06,52971,13,49,32,2025,1,18,61.09,76.0,162.1,5191.0,0
txn_0004237,card_0871,merchant_177,F,job_12,gas_transport,city_51,S12,88863,7,58,27,2025,6,2,34.737,47.0,59.81,30315.0,0
txn_0007836,card_0544,merchant_183,M,job_04,food_dining,city_35,S10,21600,7,24,9,2025,8,28,11.095,58.0,42.61,18509.0,0
txn_0005086,card_0232,merchant_009,F,job_25,grocery_pos,city_05,S02,82743,2,0,7,2025,11,27,9.918,30.0,89.78,3694.0,0
txn_0006298,card_0305,merchant_023,F,job_28,food_dining,city_16,S05,78670,11,56,52,2025,2,25,14.026,57.0,19.27,6991.0,0
txn_0002645,card_0185,merchant_212,F,job_26,gas_transport,city_47,S02,59857,22,38,33,2025,3,8,26.205,35.0,17.15,66776.0,0
txn_0005444,card_0060,merchant_187,M,job_04,misc_net,city_44,S02,60164,22,2,27,2025,9,27,36.622,18.0,342.82,23120.0,0
txn_0001825,card_0258,merchant_086,F,job_12,entertainment,city_23,S07,39285,20,23,52,2025,1,15,51.682,18.0,112.17,8782.0,0
txn_0002263,card_0571,merchant_083,F,job_22,food_dining,city_49,S06,33712,18,9,8,2025,9,21,49.04,52.0,70.36,41221.0,0
txn_0005387,card_0597,merchant_128,M,job_24,travel,city_17,S13,21154,5,23,10,2025,10,29,57.461,40.0,104.77,20627.0,0
txn_0006672,card_0305,merchant_069,F,job_28,shopping_pos,city_16,S05,78670,9,15,0,2025,11,28,7.796,57.0,118.09,6991.0,0
txn_0004893,card_0860,merchant_150,M,job_12,gas_transport,city_26,S01,19229,10,4,28,2025,7,15,13.888,60.0,232.33,90177.0,0
txn_0005093,card_0031,merchant_145,F,job_22,health_fitness,city_57,S07,59121,6,40,36,2025,8,26,48.676,29.0,122.12,12460.0,0
txn_0006336,card_0178,merchant_122,M,job_13,shopping_pos,city_03,S13,98684,10,18,40,2025,11,27,40.808,45.0,149.42,11313.0,0
txn_0002414,card_0156,merchant_084,F,job_14,misc_net,city_31,S08,67320,3,4,4,2025,6,6,42.832,46.0,263.45,12740.0,0
txn_0003233,card_0047,merchant_204,M,job_04,misc_net,city_32,S12,64179,10,21,27,2025,1,21,19.303,34.0,287.9,21722.0,0
txn_0002178,card_0596,merchant_194,M,job_17,health_fitness,city_56,S03,59808,14,5,21,2025,2,19,5.968,52.0,153.6,12097.0,0
txn_0001311,card_0887,merchant_023,F,job_03,food_dining,city_33,S10,32909,3,5,42,2025,12,29,29.829,31.0,32.13,37795.0,0
txn_0000778,card_0633,merchant_048,F,job_06,food_dining,city_18,S12,33811,20,54,36,2025,8,8,34.443,30.0,108.52,16734.0,0
txn_0004770,card_0289,merchant_215,F,job_00,entertainment,city_01,S06,84196,21,29,24,2025,11,21,12.781,44.0,305.62,14606.0,0
txn_0005403,card_0698,merchant_022,F,job_27,grocery_pos,city_01,S00,13266,12,21,3,2025,4,7,19.896,32.0,150.24,56342.0,0
txn_0003141,card_0702,merchant_047,F,job_26,personal_care,city_45,S02,22007,21,21,10,2025,1,2,4.134,58.0,86.17,19523.0,0
txn_0003155,card_0014,merchant_144,M,job_18,grocery_pos,city_53,S07,77614,11,45,54,2025,4,20,31.782,32.0,329.42,32445.0,0
txn_0000061,card_0237,merchant_205,F,job_11,personal_care,city_02,S10,63947,0,17,39,2025,4,5,40.31,48.0,38.34,39656.0,0
txn_0001881,card_0041,merchant_149,M,job_12,misc_net,city_05,S01,93516,1,38,31,2025,2,18,6.716,33.0,76.84,504722.0,0
txn_0002281,card_0116,merchant_081,F,job_12,shopping_net,city_16,S10,41480,21,4,26,2025,6,7,41.033,40.0,27.59,6523.0,0
txn_0000937,card_0654,merchant_162,M,job_14,health_fitness,city_49,S14,40751,18,22,50,2025,2,2,33.85,32.0,25.3,19391.0,0
txn_0001562,card_0240,merchant_167,F,job_28,health_fitness,city_17,S10,88410,7,3,36,2025,9,19,24.398,45.0,64.02,17186.0,0
txn_0004086,card_0261,merchant_117,F,job_15,entertainment,city_33,S06,67960,19,12,27,2025,3,25,56.485,26.0,25.44,2542.0,0
txn_0002012,card_0677,merchant_122,F,job_25,shopping_pos,city_10,S08,78827,22,17,10,2025,6,27,18.301,36.0,166.59,38557.0,0
txn_0002682,card_0757,merchant_168,F,job_27,entertainment,city_51,S00,33104,14,51,43,2025,3,13,38.892,46.0,130.27,24596.0,0
txn_0007601,card_0416,merchant_175,M,job_22,gas_transport,city_27,S09,34368,16,37,52,2025,4,22,16.365,44.0,32.5,38043.0,0
txn_0004873,card_0301,merchant_133,M,job_15,grocery_pos,city_40,S10,95672,2,23,54,2025,5,7,28.214,47.0,10.27,55544.0,0
txn_0003108,card_0852,merchant_204,M,job_20,misc_net,city_59,S14,52986,10,36,54,2025,3,11,4.092,31.0,71.54,22784.0,0
txn_0001162,card_0895,merchant_187,M,job_06,misc_net,city_22,S04,66425,16,14,57,2025,11,7,42.308,28.0,135.87,12348.0,0
txn_0000296,card_0083,merchant_204,M,job_20,misc_net,city_50,S12,61297,18,0,19,2025,10,12,3.415,48.0,337.47,42827.0,0
txn_0006755,card_0412,merchant_211,F,job_24,misc_net,city_36,S00,72052,21,22,59,2025,11,9,26.563,36.0,131.4,13022.0,0
txn_0005106,card_0265,merchant_109,M,job_03,health_fitness,city_30,S08,79897,18,34,49,2025,6,17,11.798,33.0,103.93,6756.0,0
txn_0003667,card_0015,merchant_007,M,job_14,misc_net,city_06,S06,50215,16,29,22,2025,11,17,53.831,44.0,51.0,51473.0,0
txn_0007995,card_0286,merchant_135,F,job_04,shopping_net,city_43,S11,17488,0,40,27,2025,1,17,9.683,45.0,34.39,23779.0,0
txn_0006809,card_0305,merchant_110,F,job_28,health_fitness,city_16,S05,78670,2,24,32,2025,10,27,354.847,57.0,1536.46,6991.0,0
txn_0006319,card_0109,merchant_175,M,job_16,gas_transport,city_56,S02,86474,22,46,26,2025,4,26,23.593,48.0,84.92,14068.0,0
txn_0007330,card_0329,merchant_124,M,job_09,misc_net,city_19,S13,76578,7,47,14,2025,6,22,2.899,36.0,126.82,53772.0,0
txn_0002401,card_0728,merchant_073,F,job_12,shopping_net,city_05,S11,14344,3,32,37,2025,3,6,20.054,25.0,220.81,30801.0,0
txn_0007026,card_0806,merchant_187,M,job_31,misc_net,city_31,S12,33286,19,0,45,2025,3,12,24.383,18.0,117.33,4940.0,0
txn_0002337,card_0371,merchant_182,M,job_03,entertainment,city_44,S07,93399,12,17,33,2025,4,6,25.068,53.0,43.03,17976.0,0
txn_0007958,card_0114,merchant_056,M,job_16,entertainment,city_19,S02,75298,5,34,59,2025,8,2,10.13,51.0,63.66,67304.0,0
txn_0007196,card_0683,merchant_191,M,job_13,shopping_pos,city_19,S13,49090,5,14,7,2025,1,13,148.063,60.0,715.13,94059.0,0
txn_0004199,card_0640,merchant_189,M,job_15,shopping_pos,city_21,S08,40206,15,53,53,2025,4,24,15.555,42.0,205.62,4977.0,0
txn_0002453,card_0267,merchant_096,F,job_12,misc_net,city_54,S03,82945,1,7,6,2025,8,12,46.704,63.0,187.72,18340.0,0
txn_0006642,card_0033,merchant_118,M,job_20,grocery_pos,city_04,S03,78437,0,54,54,2025,8,10,5.359,66.0,113.34,13048.0,0
txn_0005905,card_0830,merchant_192,F,job_24,health_fitness,city_56,S05,92885,21,15,30,2025,7,9,81.714,43.0,354.56,8465.0,0
txn_0003696,card_0864,merchant_171,M,job_18,food_dining,city_12,S11,50115,8,4,56,2025,1,20,2.632,40.0,139.46,19159.0,0
txn_0002958,card_0476,merchant_095,M,job_30,food_dining,city_12,S09,98190,1,18,34,2025,10,16,23.07,66.0,28.65,34188.0,0
txn_0006324,card_0672,merchant_052,M,job_23,entertainment,city_24,S04,93996,14,38,4,2025,9,6,34.852,29.0,56.53,37063.0,0
txn_0005521,card_0163,merchant_031,F,job_22,travel,city_49,S09,67299,3,5,22,2025,11,5,454.601,51.0,1933.69,122016.0,1
txn_0003745,card_0436,merchant_195,M,job_20,misc_net,city_14,S08,71684,17,51,13,2025,9,1,3.435,39.0,39.31,62163.0,0
txn_0005004,card_0628,merchant_076,M,job_00,entertainment,city_45,S05,41290,22,51,59,2025,10,24,10.046,21.0,54.27,32276.0,0
txn_0001603,card_0771,merchant_112,M,job_18,personal_care,city_55,S11,25297,10,47,26,2025,4,3,15.673,43.0,140.84,8722.0,0
txn_0005496,card_0697,merchant_094,M,job_23,gas_transport,city_53,S14,79307,6,2,1,2025,10,3,13.715,45.0,15.05,8472.0,0
txn_0004632,card_0195,merchant_212,F,job_02,gas_transport,city_00,S08,34752,12,18,45,2025,8,25,20.139,28.0,70.13,45269.0,0
txn_0000786,card_0363,merchant_006,M,job_26,shopping_net,city_54,S01,44037,15,4,15,2025,8,2,34.195,68.0,93.3,6117.0,0
txn_0003300,card_0867,merchant_027,M,job_14,misc_net,city_57,S02,95485,19,4,27,2025,8,2,5.336,50.0,179.07,8566.0,0
txn_0004261,card_0513,merchant_196,M,job_25,shopping_pos,city_03,S14,98023,23,52,14,2025,6,28,14.533,28.0,233.62,15315.0,0
txn_0005974,card_0489,merchant_181,M,job_29,travel,city_24,S12,98289,23,10,35,2025,10,29,45.699,18.0,265.95,14087.0,0
txn_0005777,card_0584,merchant_026,F,job_13,shopping_pos,city_11,S06,15013,18,57,13,2025,12,16,23.33,49.0,209.61,8517.0,0
txn_0006076,card_0856,merchant_061,F,job_11,shopping_pos,city_03,S10,63194,18,9,3,2025,12,20,7.642,38.0,117.44,11386.0,0
txn_0002359,card_0515,merchant_096,F,job_25,misc_net,city_00,S03,52738,7,14,32,2025,1,15,14.851,45.0,340.07,57628.0,0
txn_0007925,card_0717,merchant_022,F,job_16,grocery_pos,city_31,S13,47275,21,20,28,2025,5,15,23.455,70.0,58.22,29241.0,0
txn_0003344,card_0499,merchant_094,F,job_09,gas_transport,city_53,S03,40265,6,1,13,2025,9,29,26.833,32.0,48.98,98331.0,0
txn_0006363,card_0151,merchant_036,F,job_11,entertainment,city_36,S05,81859,7,50,35,2025,10,8,34.808,53.0,67.54,23278.0,0
txn_0004899,card_0095,merchant_051,F,job_20,misc_net,city_51,S13,67739,23,16,33,2025,6,13,66.805,57.0,239.8,70161.0,0
txn_0004231,card_0722,merchant_076,M,job_29,entertainment,city_12,S09,51633,8,41,25,2025,3,3,27.361,26.0,37.58,22839.0,0
txn_0003961,card_0240,merchant_027,F,job_28,misc_net,city_17,S10,88410,11,4,4,2025,10,8,12.457,45.0,110.73,17186.0,0
txn_0001337,card_0092,merchant_212,M,job_06,gas_transport,city_52,S10,27570,22,6,17,2025,3,16,22.655,61.0,38.24,26536.0,0
txn_0000323,card_0238,merchant_137,F,job_23,grocery_pos,city_59,S13,96370,20,7,6,2025,12,14,13.868,58.0,17.97,8275.0,0
txn_0000557,card_0520,merchant_033,F,job_30,food_dining,city_05,S10,75338,7,18,5,2025,9,18,32.542,46.0,45.12,33802.0,0
txn_0007105,card_0016,merchant_202,M,job_17,shopping_pos,city_14,S06,14630,22,20,51,2025,3,16,9.441,44.0,63.43,12497.0,0
txn_0005856,card_0097,merchant_194,M,job_11,health_fitness,city_52,S08,47102,10,15,9,2025,2,20,10.957,33.0,26.76,19802.0,0
txn_0002828,card_0781,merchant_026,M,job_00,shopping_pos,city_27,S03,20366,15,45,16,2025,3,29,4.346,66.0,102.19,99371.0,0
txn_0002308,card_0285,merchant_081,M,job_09,shopping_net,city_39,S09,47253,13,45,0,2025,8,25,49.027,42.0,227.5,37277.0,0
txn_0006323,card_0544,merchant_102,M,job_04,shopping_pos,city_35,S10,21600,16,55,37,2025,4,2,2.288,58.0,175.93,18509.0,0
txn_0003169,card_0229,merchant_205,F,job_20,personal_care,city_20,S09,23503,0,51,7,2025,6,12,3.679,70.0,56.41,18746.0,0
txn_0004449,card_0325,merchant_186,F,job_31,health_fitness,city_15,S09,61465,18,54,56,2025,3,2,67.645,54.0,80.55,35428.0,0
txn_0005113,card_0246,merchant_207,M,job_17,food_dining,city_27,S08,79445,19,0,11,2025,8,12,30.41,39.0,24.49,31465.0,0
txn_0003209,card_0572,merchant_020,F,job_14,food_dining,city_03,S09,55585,19,38,56,2025,12,6,23.967,41.0,37.01,42923.0,0
txn_0000991,card_0418,merchant_057,F,job_14,travel,city_17,S00,26837,10,39,7,2025,10,23,47.442,33.0,371.33,24651.0,0
txn_0007610,card_0188,merchant_155,F,job_20,shopping_pos,city_12,S02,97847,22,2,43,2025,3,9,29.274,60.0,135.89,16218.0,0
txn_0000000,card_0703,merchant_013,F,job_10,food_dining,city_06,S14,13076,19,51,1,2025,5,22,2.073,36.0,59.08,32896.0,0
txn_0000519,card_0044,merchant_088,F,job_04,grocery_pos,city_44,S02,96307,14,42,10,2025,12,25,23.84,51.0,63.14,16354.0,0
txn_0002309,card_0482,merchant_068,F,job_11,shopping_pos,city_19,S11,79269,21,33,18,2025,3,16,47.781,58.0,96.85,26330.0,0
txn_0005702,card_0006,merchant_170,F,job_13,grocery_pos,city_00,S10,39469,8,51,38,2025,5,3,21.767,38.0,20.84,51966.0,0
txn_0003145,card_0157,merchant_058,M,job_24,shopping_pos,city_31,S11,59254,7,17,26,2025,6,15,25.972,49.0,154.89,126033.0,0
txn_0004442,card_0144,merchant_059,M,job_22,travel,city_22,S06,31741,12,24,0,2025,9,3,8.813,55.0,340.61,39542.0,0
txn_0004270,card_0520,merchant_205,F,job_30,personal_care,city_05,S10,75338,15,30,43,2025,2,15,29.873,46.0,31.51,33802.0,0
txn_0007827,card_0502,merchant_094,M,job_09,gas_transport,city_34,S11,27106,6,38,19,2025,7,15,28.969,56.0,189.05,6066.0,0
txn_0004817,card_0496,merchant_112,F,job_19,personal_care,city_10,S03,58254,17,31,9,2025,11,28,30.068,51.0,100.66,15874.0,0
txn_0001040,card_0272,merchant_009,F,job_12,grocery_pos,city_24,S08,87824,4,52,17,2025,3,5,18.136,49.0,41.69,5557.0,0
txn_0007677,card_0875,merchant_034,M,job_04,misc_net,city_35,S10,38814,5,27,47,2025,12,23,23.439,32.0,383.36,32732.0,0
txn_0004606,card_0481,merchant_153,M,job_09,grocery_pos,city_21,S02,35632,15,3,32,2025,2,15,17.436,41.0,116.73,189955.0,0
txn_0000408,card_0665,merchant_064,M,job_14,shopping_net,city_11,S11,99171,12,1,40,2025,11,10,84.282,26.0,41.89,78413.0,0
txn_0004295,card_0895,merchant_039,M,job_06,misc_net,city_22,S04,66425,14,20,25,2025,1,5,14.528,28.0,132.81,12348.0,0
txn_0006300,card_0733,merchant_120,M,job_28,health_fitness,city_10,S05,90435,7,2,1,2025,1,17,19.006,59.0,85.52,11217.0,0
txn_0006313,card_0723,merchant_108,F,job_00,grocery_pos,city_24,S05,33868,8,33,48,2025,5,14,7.048,35.0,88.82,19718.0,0
txn_0003972,card_0809,merchant_127,M,job_06,food_dining,city_49,S05,39093,14,6,6,2025,7,19,35.377,54.0,65.34,5450.0,0
txn_0006525,card_0695,merchant_043,F,job_05,health_fitness,city_12,S11,99483,23,6,53,2025,9,10,15.752,27.0,38.59,20512.0,0
txn_0001966,card_0297,merchant_151,F,job_31,shopping_net,city_51,S05,11607,22,0,54,2025,4,15,20.393,18.0,63.38,18765.0,0
txn_0003760,card_0103,merchant_199,F,job_28,misc_net,city_14,S00,91520,16,41,41,2025,12,28,55.057,38.0,208.69,73460.0,0
txn_0006368,card_0856,merchant_107,F,job_11,personal_care,city_03,S10,63194,17,58,54,2025,10,12,10.87,38.0,30.37,11386.0,0
txn_0004790,card_0679,merchant_196,M,job_19,shopping_pos,city_08,S05,85983,3,44,20,2025,7,28,6.67,50.0,67.72,3693.0,0
txn_0006413,card_0214,merchant_214,M,job_06,travel,city_38,S06,44438,2,28,33,2025,1,30,15.379,60.0,187.22,72219.0,0
txn_0002824,card_0772,merchant_037,F,job_08,shopping_net,city_43,S11,30405,23,10,7,2025,12,10,13.268,44.0,70.19,14911.0,0
txn_0003332,card_0177,merchant_163,F,job_05,shopping_net,city_20,S14,86546,3,19,31,2025,3,8,2.909,34.0,326.55,2951.0,0
txn_0001241,card_0562,merchant_145,F,job_01,health_fitness,city_57,S11,60674,18,52,45,2025,7,23,41.872,37.0,54.09,15844.0,0
txn_0007042,card_0484,merchant_129,F,job_12,travel,city_40,S09,55151,12,45,42,2025,6,22,23.249,23.0,128.22,33157.0,0
txn_0007197,card_0729,merchant_047,M,job_04,personal_care,city_34,S04,89146,1,58,27,2025,3,29,18.709,40.0,65.96,7901.0,0
txn_0002747,card_0338,merchant_091,F,job_09,food_dining,city_32,S04,75045,8,23,39,2025,2,10,65.89,53.0,22.76,18323.0,0
txn_0000295,card_0358,merchant_026,F,job_17,shopping_pos,city_48,S05,18811,14,22,1,2025,1,30,5.697,64.0,122.53,19385.0,0
txn_0004515,card_0645,merchant_010,F,job_18,health_fitness,city_53,S11,35141,20,44,44,2025,6,12,52.396,29.0,83.14,16870.0,0
txn_0007688,card_0837,merchant_139,F,job_03,food_dining,city_44,S01,95273,3,47,57,2025,3,6,6.767,43.0,19.01,38938.0,0
txn_0000218,card_0036,merchant_036,M,job_05,entertainment,city_56,S08,58644,5,38,5,2025,5,17,341.727,43.0,610.0,86316.0,1
txn_0007553,card_0292,merchant_216,M,job_05,entertainment,city_48,S02,49238,0,17,36,2025,9,26,517.318,55.0,89.92,10985.0,0
txn_0007569,card_0802,merchant_116,M,job_21,personal_care,city_46,S04,45985,11,4,3,2025,9,16,16.653,72.0,43.3,5312.0,0
txn_0005903,card_0472,merchant_028,F,job_14,travel,city_17,S06,85057,0,15,58,2025,4,12,9.454,37.0,345.93,35006.0,0
txn_0004542,card_0759,merchant_013,M,job_08,food_dining,city_35,S05,97278,9,9,17,2025,4,9,27.539,71.0,93.8,36128.0,0
txn_0005463,card_0303,merchant_210,M,job_24,misc_net,city_07,S14,11084,8,45,50,2025,4,11,13.101,51.0,62.87,69693.0,0
txn_0003756,card_0824,merchant_080,M,job_17,grocery_pos,city_55,S04,38302,16,0,48,2025,9,1,5.885,42.0,139.06,24650.0,0
txn_0004490,card_0846,merchant_086,F,job_31,entertainment,city_34,S06,37694,15,43,12,2025,11,25,50.87,51.0,42.08,90032.0,0
txn_0007787,card_0422,merchant_113,M,job_17,grocery_pos,city_01,S07,58810,21,38,52,2025,6,18,35.123,66.0,49.87,17814.0,0
txn_0006760,card_0783,merchant_219,F,job_25,misc_net,city_39,S03,60747,22,9,55,2025,9,30,23.738,48.0,190.96,83766.0,0
txn_0000840,card_0704,merchant_144,F,job_03,grocery_pos,city_03,S05,70188,12,52,0,2025,5,2,48.758,38.0,12.06,65050.0,0
txn_0005378,card_0471,merchant_111,M,job_10,travel,city_19,S14,80453,20,37,33,2025,9,7,9.883,64.0,262.28,53367.0,0
txn_0005249,card_0275,merchant_071,F,job_10,personal_care,city_24,S07,64305,6,33,18,2025,9,6,7.165,45.0,100.06,13250.0,0
txn_0000239,card_0007,merchant_093,M,job_05,personal_care,city_28,S04,72417,2,36,52,2025,6,7,74.028,50.0,51.6,27772.0,0
txn_0003890,card_0040,merchant_197,F,job_22,travel,city_25,S02,74929,22,29,20,2025,1,12,25.244,61.0,106.25,20146.0,0
txn_0003642,card_0522,merchant_176,F,job_18,travel,city_20,S11,98681,19,17,27,2025,2,11,288.062,20.0,461.82,10063.0,0
txn_0004579,card_0522,merchant_012,F,job_18,personal_care,city_20,S11,98681,15,55,21,2025,5,10,34.755,20.0,42.42,10063.0,0
txn_0007736,card_0504,merchant_168,F,job_05,entertainment,city_54,S04,17005,1,40,53,2025,2,26,16.864,47.0,74.44,26112.0,0
txn_0003739,card_0580,merchant_204,F,job_04,misc_net,city_10,S01,68777,2,56,22,2025,5,15,49.9,65.0,229.69,12923.0,0
txn_0005282,card_0755,merchant_068,F,job_07,shopping_pos,city_06,S12,84151,0,10,41,2025,5,6,10.576,30.0,207.65,3744.0,0
txn_0000738,card_0288,merchant_205,M,job_18,personal_care,city_18,S13,22572,23,5,46,2025,4,7,14.828,63.0,38.31,5171.0,0
txn_0004996,card_0318,merchant_003,M,job_25,health_fitness,city_32,S08,15438,23,17,31,2025,12,30,29.814,52.0,88.48,27906.0,0
txn_0000655,card_0121,merchant_108,M,job_02,grocery_pos,city_32,S12,62419,0,5,0,2025,10,28,8.47,62.0,10.88,26512.0,0
txn_0006104,card_0781,merchant_037,M,job_00,shopping_net,city_27,S03,20366,6,12,44,2025,8,23,21.122,66.0,76.32,99371.0,0
txn_0004545,card_0788,merchant_077,M,job_30,food_dining,city_58,S06,40323,5,4,29,2025,12,8,13.21,47.0,38.16,18730.0,0
txn_0000855,card_0228,merchant_002,M,job_17,food_dining,city_31,S02,71351,10,28,20,2025,3,23,46.169,44.0,154.05,12409.0,0
txn_0002679,card_0665,merchant_093,M,job_14,personal_care,city_11,S11,99171,15,50,14,2025,5,19,17.683,26.0,38.33,78413.0,0
txn_0004941,card_0141,merchant_088,F,job_27,grocery_pos,city_15,S10,37287,23,6,50,2025,12,15,22.664,41.0,14.74,10377.0,0
txn_0000325,card_0367,merchant_134,F,job_11,misc_net,city_50,S10,31752,14,6,41,2025,1,19,19.703,50.0,417.11,3656.0,0
txn_0006427,card_0779,merchant_088,M,job_16,grocery_pos,city_34,S11,93662,16,55,36,2025,12,27,19.326,76.0,29.17,32741.0,0
txn_0003374,card_0562,merchant_207,F,job_01,food_dining,city_57,S11,60674,23,48,54,2025,1,25,36.152,37.0,48.46,15844.0,0
txn_0005881,card_0257,merchant_135,F,job_27,shopping_net,city_44,S07,11659,21,13,59,2025,5,2,16.128,36.0,370.65,14409.0,0
txn_0003915,card_0219,merchant_073,M,job_15,shopping_net,city_27,S05,90373,12,15,5,2025,6,1,28.465,18.0,45.68,52780.0,0
txn_0007262,card_0869,merchant_117,F,job_06,entertainment,city_57,S03,77365,1,43,7,2025,2,14,51.804,32.0,89.56,8650.0,0
txn_0002643,card_0460,merchant_166,M,job_02,shopping_net,city_01,S01,23043,7,42,50,2025,2,6,39.254,30.0,83.74,49897.0,0
txn_0000984,card_0019,merchant_219,F,job_20,misc_net,city_17,S02,17803,10,37,11,2025,5,16,22.429,23.0,135.46,6983.0,0
txn_0006560,card_0439,merchant_105,F,job_13,shopping_net,city_53,S07,43634,22,19,34,2025,10,17,39.068,36.0,85.26,10784.0,0
txn_0002355,card_0731,merchant_165,F,job_28,shopping_net,city_48,S11,34330,17,4,9,2025,7,22,641.252,56.0,1353.82,207616.0,1
txn_0004127,card_0416,merchant_178,M,job_22,misc_net,city_27,S09,34368,8,57,5,2025,2,16,12.34,44.0,43.84,38043.0,0
txn_0007434,card_0133,merchant_164,M,job_10,shopping_pos,city_57,S08,93963,12,54,54,2025,10,19,30.74,44.0,62.09,58091.0,0
txn_0007483,card_0468,merchant_057,F,job_30,travel,city_07,S12,76421,21,53,58,2025,4,30,22.17,44.0,312.18,39760.0,0
txn_0004109,card_0826,merchant_046,M,job_30,entertainment,city_58,S01,33146,14,47,58,2025,3,14,23.589,54.0,149.7,53641.0,0
txn_0001291,card_0487,merchant_172,M,job_10,entertainment,city_49,S06,93623,0,53,16,2025,1,22,20.389,41.0,43.49,29828.0,0
txn_0004508,card_0055,merchant_085,F,job_19,shopping_net,city_51,S13,53342,13,0,36,2025,6,15,208.561,27.0,555.21,11198.0,1
txn_0005221,card_0326,merchant_148,F,job_03,food_dining,city_18,S01,55158,3,27,3,2025,12,3,14.41,43.0,57.37,35626.0,0
txn_0006529,card_0487,merchant_024,M,job_10,shopping_pos,city_49,S06,93623,15,14,35,2025,7,1,4.178,41.0,96.84,29828.0,0
txn_0006676,card_0054,merchant_043,F,job_25,health_fitness,city_06,S14,70175,0,50,1,2025,10,21,19.364,58.0,109.28,13250.0,0
txn_0003423,card_0205,merchant_043,F,job_05,health_fitness,city_07,S12,86390,5,27,26,2025,10,25,21.11,21.0,97.12,40780.0,0
txn_0007886,card_0323,merchant_036,M,job_20,entertainment,city_36,S02,47552,13,27,34,2025,5,30,76.899,19.0,113.89,9150.0,0
txn_0000066,card_0177,merchant_196,F,job_05,shopping_pos,city_20,S14,86546,12,14,11,2025,10,5,22.117,34.0,50.14,2951.0,0
txn_0007415,card_0704,merchant_064,F,job_03,shopping_net,city_03,S05,70188,13,33,11,2025,12,21,7.381,38.0,69.63,65050.0,0
txn_0006600,card_0890,merchant_079,F,job_18,gas_transport,city_43,S01,26931,8,13,0,2025,10,22,24.223,61.0,68.39,32320.0,0
txn_0001145,card_0161,merchant_175,M,job_22,gas_transport,city_59,S13,55494,1,56,45,2025,12,30,8.728,30.0,66.85,8167.0,0
txn_0003561,card_0560,merchant_106,M,job_25,health_fitness,city_38,S06,46288,22,48,4,2025,10,20,16.769,34.0,190.35,24708.0,0
txn_0002025,card_0717,merchant_075,F,job_16,grocery_pos,city_31,S13,47275,21,1,51,2025,6,19,8.517,70.0,29.27,29241.0,0
txn_0006740,card_0375,merchant_116,F,job_22,personal_care,city_45,S11,72362,7,37,21,2025,11,11,347.952,49.0,100.11,44835.0,1
txn_0001064,card_0398,merchant_208,F,job_16,gas_transport,city_34,S02,75813,12,16,48,2025,11,29,4.233,18.0,62.94,19313.0,0
txn_0006828,card_0405,merchant_210,M,job_21,misc_net,city_47,S04,95766,13,12,29,2025,11,27,17.33,31.0,81.76,126514.0,0
txn_0005032,card_0891,merchant_042,M,job_28,misc_net,city_36,S04,27726,21,23,34,2025,3,23,0.447,35.0,62.91,8655.0,0
txn_0000705,card_0614,merchant_147,M,job_07,misc_net,city_22,S06,71660,5,53,19,2025,8,12,15.148,44.0,86.42,11139.0,0
txn_0004156,card_0276,merchant_118,F,job_10,grocery_pos,city_27,S07,72536,17,43,33,2025,10,5,638.346,18.0,212.76,45488.0,0
txn_0005318,card_0576,merchant_187,M,job_15,misc_net,city_51,S01,37311,5,41,46,2025,2,13,59.927,52.0,21.56,8542.0,0
txn_0004512,card_0091,merchant_136,M,job_17,personal_care,city_14,S02,66396,21,10,0,2025,3,3,36.838,60.0,257.36,10702.0,0
txn_0006746,card_0708,merchant_113,F,job_07,grocery_pos,city_24,S09,82255,15,12,42,2025,5,21,34.445,27.0,72.51,22052.0,0
txn_0005487,card_0288,merchant_160,M,job_18,travel,city_18,S13,22572,17,18,26,2025,10,28,14.198,63.0,96.62,5171.0,0
txn_0006125,card_0388,merchant_062,M,job_03,shopping_net,city_27,S03,47363,5,15,5,2025,1,12,10.049,48.0,132.84,26622.0,0
txn_0001132,card_0296,merchant_122,M,job_22,shopping_pos,city_56,S04,57932,3,47,18,2025,6,5,0.084,42.0,30.53,9859.0,0
txn_0007191,card_0774,merchant_178,M,job_22,misc_net,city_46,S04,37299,3,21,35,2025,8,16,5.608,46.0,53.13,6777.0,0
txn_0001525,card_0450,merchant_167,M,job_01,health_fitness,city_30,S10,39134,10,9,22,2025,8,13,9.525,29.0,91.15,11583.0,0
txn_0002558,card_0000,merchant_197,F,job_00,travel,city_03,S13,50073,18,52,54,2025,11,8,22.602,36.0,159.07,8813.0,0
txn_0001983,card_0745,merchant_037,F,job_09,shopping_net,city_23,S10,55240,3,52,0,2025,8,14,12.478,47.0,221.03,2359.0,0
txn_0000190,card_0701,merchant_117,M,job_23,entertainment,city_05,S13,69060,8,11,57,2025,2,17,48.184,24.0,54.04,11513.0,0
txn_0005046,card_0285,merchant_030,M,job_09,health_fitness,city_39,S09,47253,1,48,53,2025,8,8,8.868,42.0,128.76,37277.0,0
txn_0000283,card_0684,merchant_080,F,job_20,grocery_pos,city_20,S11,20964,9,18,28,2025,9,19,19.745,44.0,44.29,150976.0,0
txn_0001422,card_0206,merchant_219,M,job_07,misc_net,city_26,S09,19234,21,7,31,2025,4,25,18.2,48.0,250.89,39523.0,0
txn_0004142,card_0084,merchant_191,M,job_18,shopping_pos,city_37,S13,97798,21,11,6,2025,11,26,42.948,50.0,164.83,48537.0,0
txn_0006903,card_0083,merchant_024,M,job_20,shopping_pos,city_50,S12,61297,18,22,1,2025,10,15,0.442,48.0,214.38,42827.0,0
txn_0001629,card_0198,merchant_013,F,job_01,food_dining,city_16,S11,10909,20,26,15,2025,11,8,41.744,35.0,170.66,15656.0,0
txn_0003077,card_0237,merchant_207,F,job_11,food_dining,city_02,S10,63947,15,19,21,2025,9,9,55.395,48.0,17.47,39656.0,0
txn_0007705,card_0850,merchant_212,M,job_29,gas_transport,city_52,S06,87306,17,13,46,2025,12,28,25.107,58.0,109.37,11766.0,0
txn_0002833,card_0515,merchant_144,F,job_25,grocery_pos,city_00,S03,52738,10,47,44,2025,6,21,24.074,45.0,92.93,57628.0,0
txn_0007267,card_0093,merchant_106,F,job_13,health_fitness,city_42,S08,39361,9,39,21,2025,3,30,34.718,38.0,46.44,7476.0,0
txn_0001395,card_0202,merchant_145,F,job_29,health_fitness,city_23,S12,82464,18,16,23,2025,7,19,9.798,48.0,72.34,62282.0,0
txn_0006388,card_0457,merchant_146,M,job_04,grocery_pos,city_39,S14,57739,20,32,45,2025,12,27,19.803,31.0,38.66,36671.0,0
txn_0000623,card_0508,merchant_191,F,job_00,shopping_pos,city_18,S06,56119,18,50,7,2025,12,10,9.669,48.0,273.1,53451.0,0
txn_0004568,card_0378,merchant_072,F,job_00,entertainment,city_37,S03,58807,21,47,32,2025,5,30,7.533,62.0,127.01,75960.0,0
txn_0004267,card_0122,merchant_006,M,job_27,shopping_net,city_49,S01,77571,22,20,54,2025,6,11,24.42,60.0,192.43,4622.0,0
txn_0001677,card_0334,merchant_164,F,job_20,shopping_pos,city_26,S01,26507,1,36,41,2025,11,15,58.228,42.0,80.44,6773.0,0
txn_0002578,card_0217,merchant_213,F,job_18,gas_transport,city_43,S14,82246,8,27,17,2025,7,15,30.8,35.0,38.52,12457.0,0
txn_0006856,card_0009,merchant_156,F,job_02,health_fitness,city_57,S13,70726,9,42,55,2025,11,9,120.167,38.0,135.52,10797.0,0
txn_0005858,card_0004,merchant_215,F,job_14,entertainment,city_07,S01,93225,4,38,3,2025,4,9,0.44,59.0,22.14,22681.0,0
txn_0005441,card_0091,merchant_093,M,job_17,personal_care,city_14,S02,66396,9,45,7,2025,8,27,10.286,60.0,47.09,10702.0,0
txn_0006091,card_0709,merchant_139,F,job_04,food_dining,city_07,S07,64216,4,39,41,2025,9,10,51.087,52.0,74.06,36438.0,0
txn_0000436,card_0229,merchant_001,F,job_20,travel,city_20,S09,23503,5,7,32,2025,10,9,31.303,70.0,347.84,18746.0,0
txn_0005189,card_0761,merchant_066,M,job_19,shopping_pos,city_21,S14,80624,5,16,20,2025,3,24,7.04,44.0,58.42,49718.0,0
txn_0006636,card_0442,merchant_127,F,job_03,food_dining,city_27,S06,78374,1,24,9,2025,7,21,28.971,30.0,79.6,20868.0,0
txn_0000262,card_0199,merchant_191,M,job_13,shopping_pos,city_16,S03,14944,19,36,52,2025,3,28,43.286,52.0,92.25,28326.0,0
txn_0001977,card_0224,merchant_197,M,job_26,travel,city_04,S06,63458,17,43,31,2025,6,6,3.983,45.0,581.93,60482.0,0
txn_0007910,card_0843,merchant_095,F,job_00,food_dining,city_27,S11,50720,2,16,25,2025,4,15,30.277,37.0,60.7,49169.0,0
txn_0003626,card_0357,merchant_202,M,job_17,shopping_pos,city_37,S02,76072,3,6,34,2025,1,10,10.49,56.0,63.2,9479.0,0
txn_0003891,card_0684,merchant_093,F,job_20,personal_care,city_20,S11,20964,11,56,26,2025,8,25,710.734,44.0,188.96,150976.0,0
txn_0001151,card_0789,merchant_012,F,job_03,personal_care,city_20,S10,63806,23,41,0,2025,1,25,36.407,63.0,71.8,11780.0,0
txn_0006685,card_0458,merchant_196,M,job_03,shopping_pos,city_00,S10,28475,3,33,2,2025,1,18,15.72,41.0,70.58,43530.0,0
txn_0000270,card_0466,merchant_034,F,job_09,misc_net,city_41,S11,86884,0,24,51,2025,10,25,49.247,38.0,96.74,49879.0,0
txn_0002373,card_0816,merchant_151,F,job_20,shopping_net,city_59,S02,52389,9,50,37,2025,12,11,92.175,35.0,53.14,17741.0,0
txn_0004477,card_0069,merchant_175,F,job_01,gas_transport,city_46,S14,29522,12,29,26,2025,5,6,9.064,38.0,117.42,7418.0,0
txn_0005778,card_0438,merchant_100,F,job_24,health_fitness,city_28,S07,37551,19,7,4,2025,6,18,93.086,53.0,44.59,57705.0,0
txn_0005895,card_0522,merchant_205,F,job_18,personal_care,city_20,S11,98681,10,25,39,2025,11,2,33.374,20.0,95.39,10063.0,0
txn_0000183,card_0028,merchant_147,M,job_13,misc_net,city_36,S08,86088,19,26,20,2025,4,22,113.509,75.0,188.19,11776.0,0
txn_0006994,card_0030,merchant_201,F,job_17,gas_transport,city_21,S14,51746,0,51,47,2025,11,28,36.564,51.0,89.15,47497.0,0
txn_0000807,card_0364,merchant_124,F,job_07,misc_net,city_57,S10,27982,20,28,17,2025,9,25,49.378,60.0,143.45,39793.0,0
txn_0004445,card_0405,merchant_052,M,job_21,entertainment,city_47,S04,95766,20,54,9,2025,6,26,16.527,31.0,67.92,126514.0,0
txn_0002135,card_0732,merchant_198,M,job_02,food_dining,city_55,S03,87498,4,28,14,2025,6,4,25.61,60.0,134.93,20377.0,0
txn_0002426,card_0862,merchant_170,F,job_00,grocery_pos,city_08,S06,62957,19,26,35,2025,3,11,67.055,79.0,41.52,40823.0,0
txn_0002952,card_0478,merchant_205,M,job_16,personal_care,city_22,S03,32240,3,27,12,2025,3,11,5.363,19.0,165.77,42513.0,0
txn_0001098,card_0841,merchant_129,M,job_23,travel,city_29,S08,41964,14,20,20,2025,2,3,4.865,42.0,1198.88,17956.0,0
txn_0006967,card_0488,merchant_089,M,job_28,health_fitness,city_56,S00,98478,1,50,9,2025,8,20,28.154,62.0,66.12,10942.0,0
txn_0007350,card_0456,merchant_040,F,job_11,travel,city_47,S11,86218,15,37,13,2025,5,3,28.04,48.0,287.58,19702.0,0
txn_0003813,card_0734,merchant_171,F,job_13,food_dining,city_48,S03,92506,9,20,39,2025,7,16,30.897,33.0,30.29,101834.0,0
txn_0000763,card_0422,merchant_139,M,job_17,food_dining,city_01,S07,58810,6,10,51,2025,8,30,4.954,66.0,77.15,17814.0,0
txn_0007212,card_0881,merchant_168,M,job_10,entertainment,city_06,S11,36717,14,30,41,2025,2,24,4.572,28.0,147.01,18852.0,0
txn_0005510,card_0339,merchant_029,M,job_01,entertainment,city_24,S02,55884,15,22,5,2025,2,28,16.788,53.0,55.91,166877.0,0
txn_0002318,card_0095,merchant_216,F,job_20,entertainment,city_51,S13,67739,2,52,35,2025,9,1,5.624,57.0,170.04,70161.0,0
txn_0004752,card_0637,merchant_044,F,job_03,entertainment,city_40,S00,19742,12,18,12,2025,9,14,3.218,47.0,28.7,114057.0,0
txn_0003194,card_0358,merchant_046,F,job_17,entertainment,city_48,S05,18811,21,41,56,2025,12,17,41.325,64.0,179.36,19385.0,0
txn_0004226,card_0000,merchant_203,F,job_00,travel,city_03,S13,50073,3,15,28,2025,9,24,27.745,36.0,60.45,8813.0,0
txn_0003668,card_0347,merchant_168,M,job_14,entertainment,city_56,S11,43208,0,0,41,2025,6,20,46.961,72.0,287.29,64770.0,0
txn_0007161,card_0700,merchant_167,M,job_09,health_fitness,city_41,S12,34890,8,37,17,2025,4,11,11.279,36.0,106.5,17692.0,0
txn_0007683,card_0783,merchant_201,F,job_25,gas_transport,city_39,S03,60747,19,14,58,2025,8,12,90.379,48.0,102.21,83766.0,0
txn_0006725,card_0627,merchant_015,F,job_04,health_fitness,city_23,S03,65179,8,0,18,2025,11,21,1.587,71.0,75.12,45815.0,0
txn_0001217,card_0531,merchant_088,F,job_05,grocery_pos,city_51,S03,93708,17,29,12,2025,3,26,35.283,26.0,61.56,80066.0,0
txn_0006028,card_0733,merchant_062,M,job_28,shopping_net,city_10,S05,90435,21,3,47,2025,4,20,56.312,59.0,15.35,11217.0,0
txn_0000367,card_0608,merchant_012,M,job_27,personal_care,city_27,S00,30367,4,52,51,2025,4,22,24.906,48.0,14.53,21120.0,0
txn_0005697,card_0106,merchant_152,M,job_27,entertainment,city_17,S04,24075,21,8,32,2025,7,25,23.782,71.0,210.26,39328.0,0
txn_0007092,card_0052,merchant_190,F,job_19,shopping_pos,city_27,S08,46888,10,34,20,2025,12,26,2.702,53.0,35.51,36994.0,0
txn_0006332,card_0532,merchant_072,F,job_05,entertainment,city_16,S10,75729,0,48,26,2025,3,26,1.521,68.0,44.28,12673.0,0
txn_0000376,card_0116,merchant_207,F,job_12,food_dining,city_16,S10,41480,16,2,6,2025,7,11,13.715,40.0,145.15,6523.0,0
txn_0007040,card_0790,merchant_009,F,job_24,grocery_pos,city_04,S01,26257,18,31,18,2025,6,3,10.59,53.0,74.19,7219.0,0
txn_0005181,card_0021,merchant_117,F,job_18,entertainment,city_45,S10,30012,17,20,28,2025,1,13,43.319,33.0,30.55,29305.0,0
txn_0005544,card_0456,merchant_043,F,job_11,health_fitness,city_47,S11,86218,17,58,0,2025,11,2,6.889,48.0,82.61,19702.0,0
txn_0000371,card_0194,merchant_145,M,job_10,health_fitness,city_45,S03,90259,13,13,29,2025,3,15,61.567,32.0,137.66,13589.0,0
txn_0002207,card_0305,merchant_184,F,job_28,gas_transport,city_16,S05,78670,1,1,40,2025,9,5,21.996,57.0,146.85,6991.0,0
txn_0005466,card_0797,merchant_036,F,job_04,entertainment,city_43,S07,33269,4,3,35,2025,10,8,225.846,77.0,499.64,145932.0,0
txn_0000917,card_0180,merchant_012,M,job_29,personal_care,city_39,S00,15069,19,24,5,2025,5,7,15.091,40.0,127.72,139194.0,0
txn_0005806,card_0074,merchant_162,M,job_04,health_fitness,city_24,S08,68154,22,46,41,2025,2,5,68.357,46.0,16.44,52934.0,0
txn_0002949,card_0638,merchant_100,M,job_22,health_fitness,city_50,S12,78350,14,13,40,2025,9,15,10.616,61.0,310.76,12420.0,0
txn_0002377,card_0720,merchant_124,F,job_08,misc_net,city_26,S07,69330,11,4,17,2025,6,22,48.038,34.0,319.14,63501.0,0
txn_0004582,card_0716,merchant_207,M,job_25,food_dining,city_41,S09,98095,4,53,22,2025,9,23,13.739,66.0,157.12,22861.0,0
txn_0007345,card_0271,merchant_116,F,job_20,personal_care,city_38,S00,19251,19,17,2,2025,1,25,70.251,38.0,526.88,5238.0,0
txn_0001091,card_0446,merchant_211,F,job_27,misc_net,city_34,S09,50702,7,38,59,2025,9,4,60.862,67.0,96.79,121235.0,0
txn_0001016,card_0112,merchant_181,M,job_07,travel,city_00,S02,82629,14,45,11,2025,2,11,55.572,63.0,270.25,49225.0,0
txn_0001589,card_0365,merchant_014,M,job_01,travel,city_55,S08,86654,15,23,34,2025,4,5,31.808,31.0,242.21,191740.0,0
txn_0003548,card_0144,merchant_179,M,job_22,shopping_pos,city_22,S06,31741,20,36,42,2025,12,4,19.905,55.0,81.24,39542.0,0
txn_0004724,card_0768,merchant_192,F,job_17,health_fitness,city_22,S07,93391,19,12,30,2025,1,25,18.179,72.0,130.96,33358.0,0
txn_0002725,card_0350,merchant_090,M,job_07,shopping_net,city_19,S12,43929,2,1,5,2025,3,12,588.182,20.0,1985.59,5007.0,1
txn_0007123,card_0600,merchant_099,M,job_16,shopping_net,city_00,S09,71059,20,28,38,2025,1,15,40.577,40.0,82.3,23145.0,0
txn_0003842,card_0021,merchant_185,F,job_18,grocery_pos,city_45,S10,30012,9,45,18,2025,7,2,6.52,33.0,9.02,29305.0,0
txn_0005368,card_0674,merchant_078,M,job_04,travel,city_06,S10,12999,1,44,58,2025,6,23,22.517,46.0,164.22,72437.0,0
txn_0006851,card_0822,merchant_155,F,job_20,shopping_pos,city_06,S12,78759,21,47,18,2025,2,13,21.997,50.0,258.85,8090.0,0
txn_0005807,card_0695,merchant_105,F,job_05,shopping_net,city_12,S11,99483,7,35,22,2025,7,1,97.631,27.0,88.53,20512.0,0
txn_0007667,card_0358,merchant_138,F,job_17,entertainment,city_48,S05,18811,11,37,36,2025,10,24,19.096,64.0,32.11,19385.0,0
txn_0003597,card_0763,merchant_158,M,job_17,grocery_pos,city_24,S00,97082,22,17,17,2025,12,10,18.261,34.0,17.58,125836.0,0
txn_0006204,card_0452,merchant_052,F,job_15,entertainment,city_14,S02,78828,1,42,58,2025,12,21,212.517,62.0,266.76,68447.0,1
txn_0000343,card_0572,merchant_005,F,job_14,shopping_pos,city_03,S09,55585,11,9,0,2025,2,1,42.123,41.0,87.07,42923.0,0
txn_0000099,card_0728,merchant_218,F,job_12,misc_net,city_05,S11,14344,22,12,33,2025,4,4,10.267,25.0,75.03,30801.0,0
txn_0006926,card_0589,merchant_131,M,job_16,grocery_pos,city_52,S02,91007,13,49,54,2025,8,21,22.796,38.0,19.98,93917.0,0
txn_0007281,card_0137,merchant_112,F,job_00,personal_care,city_33,S13,57568,10,43,16,2025,5,20,35.128,56.0,30.97,51087.0,0
txn_0001245,card_0167,merchant_172,F,job_20,entertainment,city_28,S02,77424,12,1,59,2025,10,23,462.475,39.0,667.81,23414.0,0
txn_0000533,card_0315,merchant_170,M,job_03,grocery_pos,city_12,S06,17033,2,47,9,2025,4,18,14.116,36.0,75.51,25992.0,0
txn_0001093,card_0185,merchant_095,F,job_26,food_dining,city_47,S02,59857,22,59,58,2025,10,28,84.983,35.0,67.18,66776.0,0
txn_0006407,card_0065,merchant_142,F,job_18,grocery_pos,city_24,S08,50551,2,31,3,2025,2,15,6.451,55.0,24.84,34216.0,0
txn_0006715,card_0461,merchant_191,F,job_02,shopping_pos,city_59,S13,11964,11,11,5,2025,7,1,3.068,34.0,47.49,27265.0,0
txn_0001092,card_0643,merchant_181,F,job_18,travel,city_12,S09,12952,9,28,0,2025,4,7,65.945,54.0,235.64,45789.0,0
txn_0002703,card_0738,merchant_207,M,job_05,food_dining,city_31,S14,76634,14,11,4,2025,9,19,4.194,38.0,23.14,17700.0,0
txn_0005016,card_0737,merchant_185,F,job_19,grocery_pos,city_29,S09,39502,4,8,25,2025,6,15,2.968,64.0,51.29,21204.0,0
txn_0004810,card_0264,merchant_212,M,job_16,gas_transport,city_35,S11,66842,9,54,16,2025,12,7,3.576,34.0,53.88,39565.0,0
txn_0000616,card_0572,merchant_006,F,job_14,shopping_net,city_03,S09,55585,20,43,39,2025,9,27,6.691,41.0,258.74,42923.0,0
txn_0002644,card_0379,merchant_030,F,job_27,health_fitness,city_27,S06,23553,13,29,55,2025,12,19,14.889,63.0,129.58,24795.0,0
txn_0004634,card_0765,merchant_184,M,job_12,gas_transport,city_25,S11,85431,15,32,55,2025,10,17,22.881,22.0,30.47,8164.0,0
txn_0003174,card_0010,merchant_113,M,job_24,grocery_pos,city_14,S00,60360,8,21,2,2025,1,20,1.13,55.0,49.45,30795.0,0
txn_0006641,card_0570,merchant_117,M,job_28,entertainment,city_02,S02,43544,15,16,24,2025,12,5,18.851,58.0,44.4,39651.0,0
txn_0000006,card_0745,merchant_217,F,job_09,personal_care,city_23,S10,55240,7,24,52,2025,9,26,26.094,47.0,95.1,2359.0,0
txn_0005009,card_0262,merchant_027,F,job_27,misc_net,city_08,S14,32289,8,23,57,2025,5,28,55.149,42.0,456.55,30197.0,0
txn_0004325,card_0403,merchant_074,M,job_28,health_fitness,city_20,S06,50174,18,50,42,2025,1,31,9.989,47.0,204.54,7402.0,0
txn_0002849,card_0118,merchant_081,F,job_01,shopping_net,city_27,S01,71399,9,46,10,2025,5,12,43.257,75.0,414.49,227315.0,0
txn_0000887,card_0046,merchant_014,F,job_31,travel,city_24,S03,67783,15,54,51,2025,11,10,32.057,22.0,421.88,56141.0,0
txn_0001968,card_0081,merchant_179,F,job_22,shopping_pos,city_15,S14,12893,15,13,11,2025,9,24,68.013,44.0,84.22,5442.0,0
txn_0004056,card_0857,merchant_079,F,job_19,gas_transport,city_16,S05,13487,14,25,14,2025,12,25,33.414,37.0,86.75,65071.0,0
txn_0001097,card_0409,merchant_149,F,job_27,misc_net,city_08,S03,20430,6,24,5,2025,10,20,15.218,25.0,97.16,8633.0,0
txn_0000060,card_0873,merchant_045,F,job_12,gas_transport,city_11,S04,22282,9,55,29,2025,9,19,69.116,55.0,150.69,133358.0,0
txn_0005278,card_0466,merchant_073,F,job_09,shopping_net,city_41,S11,86884,20,58,27,2025,4,25,44.673,38.0,98.78,49879.0,0
txn_0000321,card_0058,merchant_171,M,job_31,food_dining,city_31,S05,40138,15,20,47,2025,1,29,17.942,59.0,54.42,5670.0,0
txn_0007100,card_0066,merchant_031,M,job_19,travel,city_06,S05,63006,5,32,23,2025,1,31,24.596,53.0,451.11,10137.0,0
txn_0006130,card_0680,merchant_043,M,job_09,health_fitness,city_39,S12,53102,11,47,59,2025,8,6,53.462,48.0,155.78,35423.0,0
txn_0005399,card_0779,merchant_176,M,job_16,travel,city_34,S11,93662,1,28,47,2025,6,1,12.835,76.0,423.79,32741.0,0
txn_0003048,card_0431,merchant_051,M,job_22,misc_net,city_04,S06,56968,23,32,15,2025,5,19,4.256,30.0,142.33,20196.0,0
txn_0000950,card_0665,merchant_133,M,job_14,grocery_pos,city_11,S11,99171,22,22,24,2025,5,16,28.392,26.0,73.48,78413.0,0
txn_0001502,card_0899,merchant_009,M,job_16,grocery_pos,city_07,S09,41084,7,53,7,2025,2,7,31.172,52.0,121.95,6951.0,0
txn_0001908,card_0459,merchant_028,F,job_11,travel,city_59,S13,63415,22,14,38,2025,4,10,23.559,50.0,531.13,10654.0,0
txn_0004150,card_0305,merchant_001,F,job_28,travel,city_16,S05,78670,7,58,38,2025,8,31,2.632,57.0,871.04,6991.0,0
txn_0003357,card_0172,merchant_172,M,job_24,entertainment,city_40,S12,57478,8,22,12,2025,5,3,42.92,42.0,120.42,20384.0,0
txn_0001082,card_0492,merchant_006,M,job_31,shopping_net,city_14,S10,42980,16,49,45,2025,12,24,6.947,43.0,342.45,147413.0,0
txn_0001410,card_0676,merchant_174,M,job_17,entertainment,city_31,S07,16120,9,28,55,2025,12,1,46.449,25.0,188.14,9834.0,0
txn_0007839,card_0572,merchant_029,F,job_14,entertainment,city_03,S09,55585,6,53,7,2025,2,23,59.341,41.0,218.21,42923.0,0
txn_0003334,card_0193,merchant_007,F,job_12,misc_net,city_38,S13,69027,9,6,5,2025,4,13,49.867,48.0,82.83,42360.0,0
txn_0002223,card_0278,merchant_060,F,job_08,entertainment,city_15,S04,26043,8,15,19,2025,5,30,25.507,55.0,107.38,9274.0,0
txn_0002400,card_0462,merchant_088,M,job_11,grocery_pos,city_01,S02,66917,9,41,40,2025,3,18,33.159,39.0,75.0,6932.0,0
txn_0001196,card_0109,merchant_204,M,job_16,misc_net,city_56,S02,86474,2,23,22,2025,9,10,36.855,48.0,125.92,14068.0,0
txn_0000280,card_0180,merchant_150,M,job_29,gas_transport,city_39,S00,15069,19,2,56,2025,12,1,16.893,40.0,24.82,139194.0,0
txn_0004656,card_0328,merchant_007,F,job_04,misc_net,city_03,S03,69639,16,7,34,2025,3,24,3.346,59.0,103.76,159076.0,0
txn_0003319,card_0218,merchant_014,F,job_23,travel,city_43,S12,66407,13,9,19,2025,5,8,831.632,53.0,2193.18,75756.0,1
txn_0003912,card_0377,merchant_094,M,job_24,gas_transport,city_28,S12,98857,2,51,25,2025,5,16,19.395,31.0,204.87,19481.0,0
txn_0002123,card_0737,merchant_177,F,job_19,gas_transport,city_29,S09,39502,3,29,5,2025,9,26,148.86,64.0,880.36,21204.0,0
txn_0006194,card_0537,merchant_052,F,job_20,entertainment,city_49,S14,33294,17,56,37,2025,10,15,10.588,41.0,57.46,92631.0,0
txn_0007286,card_0667,merchant_158,M,job_19,grocery_pos,city_40,S04,93566,1,36,12,2025,10,24,10.978,65.0,29.9,38030.0,0
txn_0003543,card_0628,merchant_218,M,job_00,misc_net,city_45,S05,41290,23,13,49,2025,8,25,0.708,21.0,172.04,32276.0,0
txn_0003453,card_0175,merchant_071,F,job_05,personal_care,city_03,S07,26983,8,8,50,2025,6,10,25.646,18.0,126.66,7848.0,0
txn_0007872,card_0638,merchant_164,M,job_22,shopping_pos,city_50,S12,78350,17,3,19,2025,10,27,34.705,61.0,69.52,12420.0,0
txn_0005518,card_0124,merchant_105,M,job_26,shopping_net,city_21,S09,10793,10,56,0,2025,4,29,13.546,18.0,97.79,31416.0,0
txn_0002874,card_0785,merchant_165,M,job_16,shopping_net,city_33,S00,74892,2,5,21,2025,8,14,2.724,38.0,331.03,25749.0,0
txn_0005667,card_0519,merchant_106,M,job_15,health_fitness,city_46,S06,14654,1,5,54,2025,10,6,11.234,29.0,181.04,18666.0,0
txn_0004826,card_0881,merchant_133,M,job_10,grocery_pos,city_06,S11,36717,21,46,53,2025,11,26,273.604,28.0,124.63,18852.0,0
txn_0006020,card_0619,merchant_031,F,job_14,travel,city_25,S00,24656,11,2,17,2025,12,12,30.891,56.0,146.05,32236.0,0
txn_0002006,card_0692,merchant_076,M,job_12,entertainment,city_55,S11,54353,12,0,34,2025,11,25,6.525,43.0,30.02,16734.0,0
txn_0000033,card_0811,merchant_159,M,job_15,grocery_pos,city_55,S08,62886,1,8,10,2025,12,12,7.59,39.0,45.65,274429.0,0
txn_0007814,card_0173,merchant_008,M,job_16,misc_net,city_20,S03,21450,23,58,45,2025,5,28,3.545,66.0,304.96,16694.0,0
txn_0000905,card_0493,merchant_190,M,job_23,shopping_pos,city_44,S02,50043,10,16,34,2025,10,27,59.936,39.0,124.21,38107.0,0
txn_0001515,card_0805,merchant_089,M,job_27,health_fitness,city_45,S13,90524,17,23,41,2025,5,6,27.106,38.0,108.64,281058.0,0
txn_0002398,card_0116,merchant_187,F,job_12,misc_net,city_16,S10,41480,18,15,42,2025,12,4,0.46,40.0,122.43,6523.0,0
txn_0001015,card_0497,merchant_170,F,job_20,grocery_pos,city_29,S12,23206,11,36,49,2025,6,8,20.064,46.0,64.48,13751.0,0
txn_0002389,card_0642,merchant_127,M,job_02,food_dining,city_00,S01,84206,21,32,2,2025,2,25,53.651,52.0,55.78,4410.0,0
txn_0006215,card_0771,merchant_023,M,job_18,food_dining,city_55,S11,25297,18,18,24,2025,7,20,13.728,43.0,56.68,8722.0,0
txn_0001041,card_0549,merchant_107,M,job_03,personal_care,city_30,S05,45089,0,14,0,2025,6,22,18.123,54.0,64.18,25633.0,0
txn_0005073,card_0095,merchant_044,F,job_20,entertainment,city_51,S13,67739,13,19,45,2025,1,2,15.113,57.0,154.58,70161.0,0
txn_0000518,card_0490,merchant_185,M,job_09,grocery_pos,city_23,S00,76340,16,19,36,2025,10,6,31.34,26.0,25.92,23165.0,0
txn_0005984,card_0163,merchant_207,F,job_22,food_dining,city_49,S09,67299,19,1,34,2025,1,10,4.69,51.0,35.65,122016.0,0
txn_0003743,card_0755,merchant_060,F,job_07,entertainment,city_06,S12,84151,9,3,8,2025,6,26,1.25,30.0,58.92,3744.0,0
txn_0001378,card_0670,merchant_086,M,job_02,entertainment,city_53,S14,81895,6,32,30,2025,9,6,129.299,18.0,57.26,15686.0,0
txn_0001038,card_0696,merchant_103,M,job_21,gas_transport,city_48,S06,50094,23,37,29,2025,12,3,2.407,58.0,43.15,4630.0,0
txn_0002744,card_0223,merchant_177,F,job_07,gas_transport,city_35,S08,26074,17,14,38,2025,10,28,12.807,38.0,67.04,53041.0,0
txn_0003432,card_0383,merchant_199,F,job_25,misc_net,city_38,S03,70676,19,32,48,2025,2,18,31.698,49.0,64.64,90223.0,0
txn_0005285,card_0651,merchant_175,M,job_27,gas_transport,city_53,S14,44664,21,19,19,2025,3,30,22.752,64.0,136.14,12941.0,0
txn_0001222,card_0700,merchant_065,M,job_09,health_fitness,city_41,S12,34890,0,0,20,2025,6,20,12.761,36.0,33.84,17692.0,0
txn_0000234,card_0033,merchant_202,M,job_20,shopping_pos,city_04,S03,78437,22,34,59,2025,12,7,25.384,66.0,28.34,13048.0,0
txn_0004225,card_0687,merchant_024,M,job_02,shopping_pos,city_03,S11,82575,20,51,8,2025,3,22,6.174,46.0,93.48,25403.0,0
txn_0004507,card_0431,merchant_166,M,job_22,shopping_net,city_04,S06,56968,11,59,52,2025,8,10,7.239,30.0,152.33,20196.0,0
txn_0000823,card_0091,merchant_095,M,job_17,food_dining,city_14,S02,66396,7,59,28,2025,5,22,24.842,60.0,105.86,10702.0,0
txn_0002008,card_0019,merchant_198,F,job_20,food_dining,city_17,S02,17803,14,55,21,2025,8,29,64.602,23.0,63.36,6983.0,0
txn_0005310,card_0822,merchant_125,F,job_20,gas_transport,city_06,S12,78759,10,7,7,2025,4,17,34.655,50.0,198.02,8090.0,0
txn_0001234,card_0523,merchant_143,M,job_21,travel,city_39,S11,33922,4,1,40,2025,2,28,24.649,47.0,499.24,69708.0,0
txn_0004902,card_0106,merchant_054,M,job_27,shopping_pos,city_17,S04,24075,17,54,2,2025,11,24,14.182,71.0,41.15,39328.0,0
txn_0007564,card_0534,merchant_114,M,job_10,travel,city_33,S08,98828,20,22,51,2025,10,29,6.671,44.0,374.97,20508.0,0
txn_0004094,card_0551,merchant_144,F,job_01,grocery_pos,city_45,S11,57764,16,56,32,2025,8,29,5.034,38.0,43.73,31467.0,0
txn_0005643,card_0468,merchant_132,F,job_30,misc_net,city_07,S12,76421,3,38,17,2025,10,6,3.54,44.0,235.46,39760.0,0
txn_0003075,card_0381,merchant_089,M,job_23,health_fitness,city_14,S12,17956,19,4,20,2025,5,26,69.94,58.0,88.68,59240.0,0
txn_0003973,card_0132,merchant_205,F,job_23,personal_care,city_50,S04,46177,14,16,34,2025,10,11,98.406,48.0,61.14,8306.0,0
txn_0001125,card_0473,merchant_027,F,job_13,misc_net,city_27,S05,94815,14,57,27,2025,10,3,273.55,51.0,880.5,22643.0,0
txn_0000299,card_0416,merchant_000,M,job_22,health_fitness,city_27,S09,34368,2,50,48,2025,8,22,22.686,44.0,69.22,38043.0,0
txn_0002590,card_0532,merchant_017,F,job_05,shopping_net,city_16,S10,75729,10,39,32,2025,2,4,60.241,68.0,73.25,12673.0,0
txn_0001200,card_0877,merchant_133,M,job_05,grocery_pos,city_52,S12,43150,21,7,25,2025,10,15,8.103,20.0,58.57,18886.0,0
txn_0006325,card_0344,merchant_072,M,job_28,entertainment,city_21,S02,21738,5,50,36,2025,4,11,12.169,43.0,186.42,73571.0,0
txn_0001072,card_0431,merchant_175,M,job_22,gas_transport,city_04,S06,56968,12,49,35,2025,9,2,11.088,30.0,21.18,20196.0,0
txn_0001335,card_0566,merchant_013,F,job_20,food_dining,city_20,S11,51610,0,47,0,2025,1,29,11.171,19.0,116.83,24577.0,0
txn_0004152,card_0851,merchant_091,M,job_28,food_dining,city_52,S07,32797,2,4,1,2025,8,31,38.494,31.0,33.08,264041.0,0
txn_0003664,card_0574,merchant_213,F,job_31,gas_transport,city_41,S03,46045,11,27,53,2025,7,5,82.567,38.0,52.12,6242.0,0
txn_0001008,card_0879,merchant_075,M,job_21,grocery_pos,city_22,S01,58345,18,23,38,2025,3,16,2.429,59.0,123.55,52851.0,0
txn_0005194,card_0343,merchant_007,M,job_15,misc_net,city_36,S07,97250,11,16,40,2025,1,30,28.398,55.0,130.58,16757.0,0
txn_0004393,card_0617,merchant_120,F,job_01,health_fitness,city_15,S05,40738,2,17,17,2025,9,7,6.176,55.0,43.5,37985.0,0
txn_0006813,card_0644,merchant_062,M,job_07,shopping_net,city_35,S08,41705,13,34,23,2025,4,21,62.449,35.0,166.47,400191.0,0
txn_0001733,card_0802,merchant_115,M,job_21,gas_transport,city_46,S04,45985,9,47,27,2025,10,24,16.549,72.0,75.36,5312.0,0
txn_0002003,card_0673,merchant_218,F,job_26,misc_net,city_12,S07,38312,16,29,9,2025,2,25,643.959,18.0,727.04,42028.0,1
txn_0003069,card_0652,merchant_045,F,job_17,gas_transport,city_05,S01,98218,0,52,25,2025,9,4,33.45,63.0,45.78,20375.0,0
txn_0001370,card_0596,merchant_024,M,job_17,shopping_pos,city_56,S03,59808,22,43,39,2025,6,14,63.509,52.0,234.68,12097.0,0
txn_0003013,card_0840,merchant_092,F,job_13,travel,city_14,S11,39359,4,49,4,2025,12,29,19.693,62.0,160.91,27315.0,0
txn_0004420,card_0831,merchant_036,F,job_28,entertainment,city_40,S01,17898,17,10,29,2025,11,6,9.894,52.0,51.32,51806.0,0
txn_0007307,card_0768,merchant_087,F,job_17,shopping_net,city_22,S07,93391,3,51,0,2025,9,24,26.957,72.0,503.46,33358.0,0
txn_0007776,card_0224,merchant_118,M,job_26,grocery_pos,city_04,S06,63458,19,28,0,2025,5,8,69.57,45.0,30.38,60482.0,0
txn_0005693,card_0339,merchant_118,M,job_01,grocery_pos,city_24,S02,55884,15,30,38,2025,2,26,30.261,53.0,200.4,166877.0,0
txn_0001517,card_0090,merchant_032,F,job_10,travel,city_11,S14,46153,2,9,2,2025,2,27,36.375,50.0,81.71,5872.0,0
txn_0000881,card_0477,merchant_129,F,job_24,travel,city_03,S04,64122,6,21,26,2025,9,4,564.785,51.0,1285.61,29321.0,0
txn_0002494,card_0441,merchant_051,F,job_04,misc_net,city_39,S06,68619,5,38,14,2025,1,11,46.163,43.0,73.94,34614.0,0
txn_0001539,card_0771,merchant_073,M,job_18,shopping_net,city_55,S11,25297,22,33,20,2025,10,3,45.073,43.0,299.28,8722.0,0
txn_0001962,card_0518,merchant_078,F,job_27,travel,city_51,S14,28673,13,7,28,2025,7,19,4.797,59.0,215.97,34482.0,0
txn_0001482,card_0845,merchant_193,F,job_31,travel,city_00,S09,47454,0,48,58,2025,3,29,18.11,39.0,200.22,23142.0,0
txn_0000336,card_0463,merchant_007,F,job_06,misc_net,city_30,S04,56361,10,2,45,2025,11,21,13.873,24.0,262.67,20540.0,0
txn_0004460,card_0121,merchant_192,M,job_02,health_fitness,city_32,S12,62419,9,59,18,2025,10,28,19.217,62.0,417.89,26512.0,0
txn_0006224,card_0826,merchant_206,M,job_30,grocery_pos,city_58,S01,33146,4,34,59,2025,5,9,35.261,54.0,21.1,53641.0,0
txn_0004294,card_0571,merchant_156,F,job_22,health_fitness,city_49,S06,33712,7,32,17,2025,10,10,18.078,52.0,61.66,41221.0,0
txn_0005464,card_0293,merchant_173,F,job_22,misc_net,city_11,S12,28121,16,48,46,2025,5,10,5.268,33.0,144.5,8543.0,0
txn_0003251,card_0494,merchant_210,F,job_06,misc_net,city_42,S11,96384,16,59,58,2025,10,8,40.822,64.0,217.17,16704.0,0
txn_0001906,card_0066,merchant_023,M,job_19,food_dining,city_06,S05,63006,0,57,3,2025,12,1,125.236,53.0,181.44,10137.0,0
txn_0007717,card_0522,merchant_134,F,job_18,misc_net,city_20,S11,98681,11,15,54,2025,12,22,193.551,20.0,437.05,10063.0,0
txn_0000505,card_0562,merchant_045,F,job_01,gas_transport,city_57,S11,60674,17,58,56,2025,8,13,7.625,37.0,24.73,15844.0,0
txn_0000564,card_0387,merchant_115,M,job_07,gas_transport,city_15,S02,16411,21,33,56,2025,2,23,43.504,64.0,41.89,31746.0,0
txn_0001053,card_0320,merchant_051,F,job_20,misc_net,city_46,S05,94438,11,59,9,2025,1,23,29.88,41.0,359.37,24538.0,0
txn_0006141,card_0594,merchant_195,F,job_13,misc_net,city_28,S02,60809,23,44,58,2025,6,21,76.418,59.0,130.12,87798.0,0
txn_0007789,card_0690,merchant_008,M,job_23,misc_net,city_20,S03,16125,21,58,28,2025,11,27,7.463,33.0,238.59,15110.0,0
txn_0006745,card_0003,merchant_019,F,job_28,food_dining,city_15,S12,66118,12,8,9,2025,3,23,51.057,52.0,129.21,69748.0,0
txn_0002829,card_0888,merchant_123,F,job_15,grocery_pos,city_38,S09,69812,17,40,17,2025,7,27,57.886,46.0,13.73,80550.0,0
txn_0006381,card_0895,merchant_106,M,job_06,health_fitness,city_22,S04,66425,17,54,47,2025,5,20,450.973,28.0,214.64,12348.0,0
txn_0000457,card_0427,merchant_014,M,job_02,travel,city_55,S13,49696,16,58,11,2025,4,4,20.307,65.0,379.57,6480.0,0
txn_0006503,card_0432,merchant_191,M,job_13,shopping_pos,city_56,S11,34197,23,39,24,2025,10,4,11.632,43.0,134.21,89949.0,0
txn_0005100,card_0600,merchant_022,M,job_16,grocery_pos,city_00,S09,71059,4,38,18,2025,11,5,4.04,40.0,76.38,23145.0,0
txn_0006392,card_0242,merchant_015,F,job_29,health_fitness,city_44,S11,60357,19,2,54,2025,9,27,22.436,30.0,96.03,131604.0,0
txn_0000157,card_0501,merchant_168,M,job_07,entertainment,city_08,S13,98887,2,17,26,2025,11,10,50.064,28.0,24.65,273158.0,0
txn_0003047,card_0582,merchant_083,F,job_09,food_dining,city_55,S14,19092,0,39,18,2025,7,25,30.274,51.0,60.6,27911.0,0
txn_0003936,card_0222,merchant_177,M,job_08,gas_transport,city_39,S01,59333,20,9,38,2025,7,17,26.949,66.0,86.97,28725.0,0
txn_0000669,card_0145,merchant_113,M,job_04,grocery_pos,city_07,S06,98704,17,6,13,2025,8,1,28.099,30.0,31.12,34097.0,0
txn_0004813,card_0325,merchant_020,F,job_31,food_dining,city_15,S09,61465,17,50,29,2025,7,4,23.325,54.0,47.46,35428.0,0
txn_0004574,card_0829,merchant_154,F,job_03,gas_transport,city_02,S01,93011,5,28,17,2025,1,30,24.249,48.0,177.31,11435.0,0
txn_0005564,card_0571,merchant_125,F,job_22,gas_transport,city_49,S06,33712,12,41,4,2025,8,31,15.475,52.0,74.46,41221.0,0
txn_0001149,card_0876,merchant_106,M,job_10,health_fitness,city_57,S09,94482,12,58,7,2025,5,31,114.726,44.0,35.23,33280.0,0
txn_0006573,card_0757,merchant_017,F,job_27,shopping_net,city_51,S00,33104,2,50,4,2025,6,2,33.27,46.0,64.27,24596.0,0
txn_0001567,card_0831,merchant_137,F,job_28,grocery_pos,city_40,S01,17898,2,19,0,2025,7,1,12.015,52.0,11.11,51806.0,0
txn_0007666,card_0277,merchant_035,M,job_06,shopping_pos,city_26,S13,32100,8,57,2,2025,3,29,4.772,47.0,137.61,18412.0,0
txn_0003883,card_0621,merchant_186,F,job_22,health_fitness,city_45,S02,56724,0,33,21,2025,12,25,47.901,48.0,274.72,48845.0,0
txn_0004983,card_0808,merchant_209,F,job_07,shopping_pos,city_31,S00,33457,7,36,45,2025,12,10,856.315,40.0,286.23,8599.0,0
txn_0004556,card_0727,merchant_038,F,job_18,food_dining,city_56,S13,48258,8,10,37,2025,6,2,1.386,48.0,11.98,30669.0,0
txn_0003731,card_0281,merchant_042,F,job_29,misc_net,city_05,S00,30122,9,35,8,2025,1,16,16.785,32.0,43.04,33688.0,0
txn_0004041,card_0059,merchant_141,M,job_13,gas_transport,city_44,S06,54415,18,44,15,2025,12,15,15.424,52.0,79.79,12110.0,0
txn_0002384,card_0507,merchant_116,F,job_27,personal_care,city_09,S12,85838,3,0,6,2025,8,30,307.232,18.0,1012.36,105671.0,1
txn_0004114,card_0876,merchant_020,M,job_10,food_dining,city_57,S09,94482,9,55,19,2025,2,1,727.385,44.0,218.68,33280.0,1
txn_0005793,card_0477,merchant_129,F,job_24,travel,city_03,S04,64122,11,42,10,2025,6,3,8.628,51.0,216.23,29321.0,0
txn_0000072,card_0599,merchant_026,M,job_26,shopping_pos,city_44,S12,31461,2,35,5,2025,6,8,26.05,35.0,361.76,7138.0,0
txn_0001706,card_0302,merchant_079,F,job_31,gas_transport,city_10,S13,55833,11,42,31,2025,6,11,18.328,58.0,101.86,11932.0,0
txn_0006053,card_0766,merchant_139,M,job_24,food_dining,city_48,S08,24941,10,8,17,2025,2,27,34.24,64.0,73.85,36952.0,0
txn_0000404,card_0538,merchant_014,M,job_10,travel,city_02,S13,89279,4,37,50,2025,5,10,7.275,78.0,247.14,30864.0,0
txn_0000317,card_0546,merchant_158,F,job_30,grocery_pos,city_19,S11,47216,21,47,1,2025,6,21,47.929,59.0,23.87,101022.0,0
txn_0005207,card_0209,merchant_077,M,job_01,food_dining,city_37,S05,64590,5,3,54,2025,4,25,8.721,36.0,36.42,15617.0,0
txn_0001616,card_0606,merchant_121,F,job_29,entertainment,city_22,S04,91583,6,36,34,2025,9,14,31.199,68.0,123.33,20362.0,0
txn_0000050,card_0765,merchant_068,M,job_12,shopping_pos,city_25,S11,85431,4,52,40,2025,10,24,1.588,22.0,51.7,8164.0,0
txn_0003783,card_0797,merchant_168,F,job_04,entertainment,city_43,S07,33269,2,41,9,2025,1,17,23.713,77.0,12.01,145932.0,0
txn_0004962,card_0440,merchant_160,M,job_17,travel,city_13,S07,39582,21,43,41,2025,4,5,5.206,52.0,615.37,29058.0,0
txn_0000415,card_0118,merchant_108,F,job_01,grocery_pos,city_27,S01,71399,8,1,14,2025,12,11,41.706,75.0,62.42,227315.0,0
txn_0007373,card_0822,merchant_158,F,job_20,grocery_pos,city_06,S12,78759,11,45,27,2025,1,15,36.704,50.0,28.48,8090.0,0
txn_0006331,card_0454,merchant_157,M,job_07,health_fitness,city_17,S01,10527,0,21,1,2025,6,12,13.623,44.0,134.36,61504.0,0
txn_0007949,card_0510,merchant_179,M,job_01,shopping_pos,city_16,S14,10283,4,11,18,2025,12,29,9.224,43.0,65.39,46403.0,0
txn_0004105,card_0555,merchant_012,M,job_02,personal_care,city_22,S02,26783,4,55,5,2025,6,3,2.854,27.0,35.48,34473.0,0
txn_0000314,card_0636,merchant_066,F,job_04,shopping_pos,city_38,S07,95029,13,22,25,2025,11,28,18.542,52.0,79.21,14943.0,0
txn_0006050,card_0292,merchant_190,M,job_05,shopping_pos,city_48,S02,49238,10,29,12,2025,4,12,4.852,55.0,138.13,10985.0,0
txn_0007804,card_0772,merchant_001,F,job_08,travel,city_43,S11,30405,0,41,16,2025,2,4,10.076,44.0,640.02,14911.0,0
txn_0007994,card_0273,merchant_165,M,job_05,shopping_net,city_20,S14,52751,5,20,30,2025,5,24,1.875,52.0,268.46,13577.0,0
txn_0002640,card_0093,merchant_043,F,job_13,health_fitness,city_42,S08,39361,12,34,8,2025,10,9,31.552,38.0,68.7,7476.0,0
txn_0003968,card_0696,merchant_052,M,job_21,entertainment,city_48,S06,50094,18,4,34,2025,6,7,11.736,58.0,24.76,4630.0,0
txn_0005448,card_0330,merchant_057,M,job_26,travel,city_43,S10,73796,12,7,35,2025,3,7,26.793,60.0,60.88,4890.0,0
txn_0003129,card_0247,merchant_160,F,job_24,travel,city_31,S07,42369,9,16,37,2025,12,19,1.175,38.0,295.59,29074.0,0
txn_0000154,card_0244,merchant_051,M,job_10,misc_net,city_16,S12,92885,21,20,3,2025,4,7,10.819,55.0,91.1,5607.0,0
txn_0003245,card_0076,merchant_014,F,job_03,travel,city_13,S07,42983,15,27,25,2025,9,30,6.478,26.0,239.53,57704.0,0
txn_0002758,card_0753,merchant_088,M,job_19,grocery_pos,city_11,S05,47206,13,53,5,2025,2,7,7.909,18.0,117.47,17182.0,0
txn_0000091,card_0549,merchant_121,M,job_03,entertainment,city_30,S05,45089,5,4,46,2025,7,6,34.335,54.0,105.49,25633.0,0
txn_0002300,card_0482,merchant_136,F,job_11,personal_care,city_19,S11,79269,21,11,36,2025,6,15,10.448,58.0,51.12,26330.0,0
txn_0005480,card_0173,merchant_140,M,job_16,misc_net,city_20,S03,21450,9,19,20,2025,4,5,32.38,66.0,157.58,16694.0,0
txn_0002405,card_0746,merchant_018,M,job_10,personal_care,city_47,S04,14473,23,26,51,2025,7,23,31.637,66.0,63.55,22159.0,0
txn_0003301,card_0313,merchant_134,F,job_27,misc_net,city_54,S11,59528,7,37,21,2025,7,2,17.214,55.0,636.91,17016.0,0
txn_0006785,card_0597,merchant_206,M,job_24,grocery_pos,city_17,S13,21154,19,58,39,2025,6,9,16.486,40.0,41.24,20627.0,0
txn_0002853,card_0439,merchant_039,F,job_13,misc_net,city_53,S07,43634,23,57,55,2025,5,31,67.434,36.0,744.53,10784.0,1
txn_0002238,card_0631,merchant_051,F,job_00,misc_net,city_31,S12,93489,13,5,14,2025,6,1,10.26,58.0,25.27,49087.0,0
txn_0000130,card_0207,merchant_211,M,job_29,misc_net,city_09,S14,23985,23,1,8,2025,7,16,13.946,39.0,23.81,49218.0,0
txn_0001102,card_0812,merchant_146,M,job_28,grocery_pos,city_10,S01,40010,23,36,15,2025,5,8,10.432,38.0,115.99,15127.0,0
txn_0003651,card_0747,merchant_039,F,job_21,misc_net,city_35,S08,23662,18,51,12,2025,9,27,22.037,50.0,202.72,376813.0,0
txn_0003847,card_0206,merchant_126,M,job_07,personal_care,city_26,S09,19234,7,13,59,2025,7,24,10.745,48.0,32.03,39523.0,0
txn_0003782,card_0696,merchant_055,M,job_21,grocery_pos,city_48,S06,50094,23,29,35,2025,11,28,27.94,58.0,62.54,4630.0,0
txn_0002340,card_0402,merchant_040,F,job_22,travel,city_02,S00,13175,22,53,21,2025,2,5,7.486,43.0,188.18,45975.0,0
txn_0007672,card_0195,merchant_028,F,job_02,travel,city_00,S08,34752,11,34,7,2025,9,29,74.42,28.0,835.81,45269.0,1
txn_0002789,card_0885,merchant_094,M,job_07,gas_transport,city_28,S03,43198,14,24,56,2025,4,9,24.694,54.0,20.39,13069.0,0
txn_0005087,card_0066,merchant_007,M,job_19,misc_net,city_06,S05,63006,5,30,21,2025,8,23,24.571,53.0,36.25,10137.0,0
txn_0003043,card_0703,merchant_068,F,job_10,shopping_pos,city_06,S14,13076,5,9,28,2025,2,3,102.309,36.0,25.52,32896.0,0
txn_0000582,card_0101,merchant_012,F,job_23,personal_care,city_31,S06,30760,7,56,51,2025,4,8,4.313,32.0,8.8,77925.0,0
txn_0006168,card_0178,merchant_015,M,job_13,health_fitness,city_03,S13,98684,11,24,30,2025,4,7,830.352,45.0,1173.06,11313.0,0
txn_0001617,card_0052,merchant_048,F,job_19,food_dining,city_27,S08,46888,22,30,55,2025,10,11,29.994,53.0,24.87,36994.0,0
txn_0005530,card_0520,merchant_166,F,job_30,shopping_net,city_05,S10,75338,12,20,24,2025,6,30,27.507,46.0,29.99,33802.0,0
txn_0006153,card_0160,merchant_124,M,job_24,misc_net,city_50,S02,25695,10,23,59,2025,1,29,32.094,66.0,21.04,27104.0,0
txn_0007423,card_0861,merchant_072,M,job_13,entertainment,city_46,S02,40511,4,49,54,2025,11,19,821.24,47.0,540.7,92991.0,0
txn_0002905,card_0836,merchant_182,M,job_16,entertainment,city_20,S00,68931,0,58,52,2025,2,14,45.649,46.0,69.78,80800.0,0
txn_0006918,card_0521,merchant_085,F,job_31,shopping_net,city_02,S03,95086,2,42,57,2025,7,5,26.69,62.0,57.68,12996.0,0
txn_0007102,card_0853,merchant_005,F,job_12,shopping_pos,city_22,S10,73473,14,23,6,2025,6,25,18.526,43.0,69.26,16192.0,0
txn_0000307,card_0324,merchant_021,M,job_13,shopping_pos,city_44,S05,67434,16,11,33,2025,4,12,5.623,71.0,124.04,406138.0,0
txn_0005233,card_0467,merchant_210,M,job_14,misc_net,city_43,S04,47914,18,22,46,2025,1,26,0.743,40.0,64.62,7403.0,0
txn_0000437,card_0644,merchant_157,M,job_07,health_fitness,city_35,S08,41705,16,26,20,2025,1,19,37.817,35.0,74.58,400191.0,0
txn_0006116,card_0370,merchant_163,F,job_11,shopping_net,city_01,S06,52971,13,41,59,2025,2,10,70.339,76.0,92.41,5191.0,0
txn_0003004,card_0770,merchant_088,M,job_24,grocery_pos,city_48,S03,60250,12,35,42,2025,4,6,45.539,58.0,86.81,24774.0,0
txn_0003413,card_0727,merchant_216,F,job_18,entertainment,city_56,S13,48258,20,9,51,2025,1,14,55.847,48.0,149.37,30669.0,0
txn_0003430,card_0199,merchant_204,M,job_13,misc_net,city_16,S03,14944,19,25,10,2025,2,2,34.032,52.0,196.75,28326.0,0
txn_0006584,card_0038,merchant_027,F,job_14,misc_net,city_13,S07,17437,17,14,8,2025,5,10,6.212,31.0,330.0,41666.0,0
txn_0004943,card_0466,merchant_001,F,job_09,travel,city_41,S11,86884,22,36,43,2025,12,8,10.529,38.0,359.39,49879.0,0
txn_0005286,card_0820,merchant_077,F,job_02,food_dining,city_50,S12,74936,14,53,0,2025,1,16,4.114,27.0,66.51,33627.0,0
txn_0001869,card_0795,merchant_177,F,job_21,gas_transport,city_09,S07,56101,14,53,24,2025,6,27,4.757,33.0,68.48,4922.0,0
txn_0003808,card_0752,merchant_092,F,job_01,travel,city_13,S06,59609,4,52,26,2025,2,12,637.643,40.0,1669.73,6287.0,1
txn_0007433,card_0820,merchant_052,F,job_02,entertainment,city_50,S12,74936,23,53,11,2025,2,26,5.004,27.0,114.78,33627.0,0
txn_0001256,card_0015,merchant_072,M,job_14,entertainment,city_06,S06,50215,0,8,26,2025,11,25,4.055,44.0,77.53,51473.0,0
txn_0005990,card_0416,merchant_052,M,job_22,entertainment,city_27,S09,34368,0,6,14,2025,11,16,28.124,44.0,96.28,38043.0,0
txn_0006400,card_0150,merchant_205,M,job_16,personal_care,city_54,S02,62364,23,26,30,2025,11,26,19.36,53.0,63.42,76832.0,0
txn_0006018,card_0882,merchant_033,F,job_00,food_dining,city_23,S03,85212,7,49,14,2025,2,20,3.805,47.0,27.32,17026.0,0
txn_0002567,card_0803,merchant_119,M,job_06,health_fitness,city_33,S03,94333,22,17,41,2025,11,18,24.789,22.0,85.54,19321.0,0
txn_0001820,card_0190,merchant_130,M,job_16,personal_care,city_31,S02,20080,20,52,51,2025,2,27,68.163,18.0,44.41,19592.0,0
txn_0006737,card_0022,merchant_015,F,job_14,health_fitness,city_18,S01,39758,22,31,41,2025,7,22,49.839,45.0,76.18,48419.0,0
txn_0001464,card_0623,merchant_088,F,job_04,grocery_pos,city_49,S09,57991,10,44,38,2025,5,21,17.446,30.0,20.64,60550.0,0
txn_0006202,card_0262,merchant_199,F,job_27,misc_net,city_08,S14,32289,14,56,41,2025,10,24,41.384,42.0,63.39,30197.0,0
txn_0001503,card_0514,merchant_001,M,job_18,travel,city_13,S08,36197,0,22,22,2025,3,13,296.55,42.0,2457.52,3817.0,0
txn_0005810,card_0407,merchant_006,F,job_07,shopping_net,city_50,S05,68570,20,17,9,2025,5,17,14.742,41.0,155.99,38090.0,0
txn_0001958,card_0637,merchant_040,F,job_03,travel,city_40,S00,19742,0,11,44,2025,8,16,1.008,47.0,482.62,114057.0,0
txn_0001569,card_0783,merchant_156,F,job_25,health_fitness,city_39,S03,60747,8,20,18,2025,5,1,11.156,48.0,100.32,83766.0,0
txn_0002706,card_0463,merchant_080,F,job_06,grocery_pos,city_30,S04,56361,4,57,21,2025,6,30,0.282,24.0,24.87,20540.0,0
txn_0002039,card_0539,merchant_011,F,job_30,gas_transport,city_05,S00,55408,2,24,39,2025,6,12,15.467,63.0,74.52,6336.0,0
txn_0003843,card_0261,merchant_113,F,job_15,grocery_pos,city_33,S06,67960,8,41,44,2025,3,25,5.854,26.0,89.04,2542.0,0
txn_0000956,card_0508,merchant_089,F,job_00,health_fitness,city_18,S06,56119,16,20,46,2025,12,4,4.105,48.0,61.44,53451.0,0
txn_0003640,card_0010,merchant_135,M,job_24,shopping_net,city_14,S00,60360,10,51,41,2025,4,14,43.948,55.0,104.11,30795.0,0
txn_0000895,card_0340,merchant_100,M,job_16,health_fitness,city_42,S05,59026,2,15,27,2025,11,3,18.385,51.0,156.57,176709.0,0
txn_0002614,card_0556,merchant_074,M,job_31,health_fitness,city_24,S02,73609,22,27,19,2025,12,7,12.348,53.0,79.02,19286.0,0
txn_0006954,card_0005,merchant_078,M,job_22,travel,city_02,S04,22157,10,6,4,2025,10,5,43.23,40.0,1061.64,25455.0,0
txn_0006769,card_0128,merchant_185,M,job_18,grocery_pos,city_10,S09,40679,13,28,42,2025,1,6,11.426,46.0,46.68,45053.0,0
txn_0001044,card_0643,merchant_071,F,job_18,personal_care,city_12,S09,12952,2,40,46,2025,8,18,13.858,54.0,71.73,45789.0,0
txn_0004675,card_0069,merchant_149,F,job_01,misc_net,city_46,S14,29522,20,29,53,2025,9,20,17.017,38.0,142.57,7418.0,1
txn_0004562,card_0746,merchant_051,M,job_10,misc_net,city_47,S04,14473,2,7,26,2025,9,17,7.188,66.0,165.83,22159.0,0
txn_0005271,card_0364,merchant_019,F,job_07,food_dining,city_57,S10,27982,7,20,50,2025,6,21,1.732,60.0,110.2,39793.0,0
txn_0006493,card_0158,merchant_190,M,job_13,shopping_pos,city_39,S10,17252,12,37,22,2025,3,16,32.973,61.0,70.03,10132.0,0
txn_0001544,card_0412,merchant_069,F,job_24,shopping_pos,city_36,S00,72052,17,15,8,2025,7,8,61.528,36.0,89.9,13022.0,0
txn_0004088,card_0734,merchant_142,F,job_13,grocery_pos,city_48,S03,92506,4,59,14,2025,8,27,9.28,33.0,27.18,101834.0,0
txn_0004552,card_0164,merchant_196,F,job_24,shopping_pos,city_49,S01,47129,10,26,4,2025,8,1,59.396,79.0,291.13,14906.0,0
txn_0000891,card_0561,merchant_057,F,job_10,travel,city_45,S07,45265,9,25,20,2025,3,15,10.458,21.0,283.33,36404.0,0
txn_0005598,card_0111,merchant_048,M,job_25,food_dining,city_53,S04,99893,10,3,30,2025,11,2,54.63,48.0,23.56,22891.0,0
txn_0005372,card_0179,merchant_179,M,job_26,shopping_pos,city_47,S14,50164,9,38,6,2025,9,9,11.114,43.0,88.98,16322.0,0
txn_0000963,card_0631,merchant_088,F,job_00,grocery_pos,city_31,S12,93489,23,55,3,2025,5,9,73.404,58.0,20.1,49087.0,0
txn_0005945,card_0491,merchant_019,M,job_16,food_dining,city_19,S10,13811,0,24,0,2025,1,8,66.663,30.0,32.95,93650.0,0
txn_0005953,card_0895,merchant_193,M,job_06,travel,city_22,S04,66425,9,42,8,2025,3,16,5.718,28.0,280.6,12348.0,0
txn_0006727,card_0475,merchant_085,M,job_30,shopping_net,city_25,S08,12004,13,1,41,2025,8,22,5.592,49.0,312.2,3648.0,0
txn_0002362,card_0083,merchant_080,M,job_20,grocery_pos,city_50,S12,61297,19,55,9,2025,11,1,60.004,48.0,45.99,42827.0,0
txn_0004242,card_0386,merchant_198,F,job_29,food_dining,city_18,S02,37910,23,39,43,2025,12,8,14.569,45.0,120.63,50661.0,0
txn_0006905,card_0463,merchant_196,F,job_06,shopping_pos,city_30,S04,56361,12,31,47,2025,6,9,27.465,24.0,175.39,20540.0,0
txn_0002646,card_0891,merchant_024,M,job_28,shopping_pos,city_36,S04,27726,5,24,47,2025,12,27,17.569,35.0,233.8,8655.0,0
txn_0006102,card_0157,merchant_022,M,job_24,grocery_pos,city_31,S11,59254,3,22,46,2025,8,15,16.428,49.0,62.35,126033.0,0
txn_0005756,card_0813,merchant_101,F,job_23,health_fitness,city_35,S02,74624,22,55,54,2025,8,21,0.95,46.0,274.52,6500.0,0
txn_0000112,card_0125,merchant_013,M,job_01,food_dining,city_07,S12,99124,18,51,22,2025,8,20,27.581,51.0,82.65,13467.0,0
txn_0004125,card_0737,merchant_107,F,job_19,personal_care,city_29,S09,39502,0,46,38,2025,11,2,2.233,64.0,33.22,21204.0,0
txn_0006710,card_0402,merchant_020,F,job_22,food_dining,city_02,S00,13175,11,35,21,2025,7,24,40.194,43.0,69.88,45975.0,0
txn_0005843,card_0549,merchant_181,M,job_03,travel,city_30,S05,45089,9,8,30,2025,8,22,28.981,54.0,335.77,25633.0,0
txn_0004886,card_0360,merchant_068,M,job_08,shopping_pos,city_48,S03,95216,6,56,55,2025,2,8,22.151,49.0,30.67,26952.0,0
txn_0005584,card_0149,merchant_107,F,job_03,personal_care,city_19,S05,91548,10,2,6,2025,4,13,2.848,54.0,28.11,29314.0,0
txn_0003734,card_0898,merchant_143,F,job_15,travel,city_07,S04,32002,19,39,21,2025,5,9,30.574,72.0,665.16,12713.0,0
txn_0004303,card_0466,merchant_191,F,job_09,shopping_pos,city_41,S11,86884,9,38,53,2025,9,10,4.528,38.0,151.65,49879.0,0
txn_0007379,card_0546,merchant_199,F,job_30,misc_net,city_19,S11,47216,17,58,49,2025,2,9,23.325,59.0,112.17,101022.0,0
txn_0007484,card_0701,merchant_157,M,job_23,health_fitness,city_05,S13,69060,5,35,27,2025,9,9,7.876,24.0,170.17,11513.0,0
txn_0004188,card_0817,merchant_097,F,job_12,entertainment,city_03,S13,24066,13,14,53,2025,7,21,86.337,59.0,36.27,12692.0,0
txn_0002145,card_0120,merchant_085,F,job_01,shopping_net,city_23,S08,67491,12,31,9,2025,4,3,22.528,50.0,171.55,101416.0,0
txn_0004699,card_0666,merchant_008,M,job_30,misc_net,city_18,S09,41607,4,30,24,2025,9,7,2.102,51.0,273.78,61371.0,0
txn_0000729,card_0745,merchant_030,F,job_09,health_fitness,city_23,S10,55240,8,16,4,2025,3,25,14.883,47.0,82.55,2359.0,0
txn_0001867,card_0359,merchant_057,M,job_25,travel,city_20,S04,29371,18,51,51,2025,8,29,14.94,65.0,346.65,52692.0,0
txn_0003341,card_0827,merchant_148,M,job_18,food_dining,city_00,S01,53413,15,0,49,2025,10,18,31.916,25.0,116.78,5874.0,0
txn_0000511,card_0391,merchant_154,F,job_27,gas_transport,city_24,S05,77838,11,8,12,2025,4,7,36.291,74.0,123.3,9365.0,0
txn_0007043,card_0474,merchant_066,M,job_28,shopping_pos,city_10,S14,39215,10,8,21,2025,11,17,40.144,41.0,90.47,13248.0,0
txn_0005994,card_0391,merchant_192,F,job_27,health_fitness,city_24,S05,77838,23,27,44,2025,1,17,61.137,74.0,238.53,9365.0,0
txn_0005926,card_0193,merchant_005,F,job_12,shopping_pos,city_38,S13,69027,19,41,15,2025,5,20,84.893,48.0,72.51,42360.0,0
txn_0004079,card_0266,merchant_023,F,job_00,food_dining,city_43,S03,56983,19,15,14,2025,10,30,17.405,38.0,17.18,25085.0,0
txn_0001646,card_0629,merchant_209,F,job_29,shopping_pos,city_16,S13,11271,10,7,54,2025,4,14,61.358,79.0,44.71,31164.0,0
txn_0002869,card_0375,merchant_116,F,job_22,personal_care,city_45,S11,72362,5,38,46,2025,1,6,14.122,49.0,36.11,44835.0,0
txn_0007138,card_0641,merchant_183,M,job_07,food_dining,city_00,S04,34651,14,9,4,2025,9,2,719.936,59.0,564.12,11412.0,0
txn_0007369,card_0417,merchant_011,F,job_18,gas_transport,city_59,S09,23741,7,31,3,2025,1,20,40.592,57.0,57.33,22923.0,0
txn_0000127,card_0403,merchant_057,M,job_28,travel,city_20,S06,50174,7,4,56,2025,11,10,13.204,47.0,545.48,7402.0,0
txn_0002097,card_0184,merchant_105,F,job_06,shopping_net,city_38,S05,98619,11,54,31,2025,5,9,21.321,54.0,75.59,11608.0,0
txn_0005154,card_0785,merchant_165,M,job_16,shopping_net,city_33,S00,74892,1,12,52,2025,12,22,51.765,38.0,167.23,25749.0,0
txn_0000624,card_0252,merchant_103,F,job_13,gas_transport,city_21,S14,19433,17,36,32,2025,3,1,19.949,52.0,127.58,55585.0,0
txn_0002587,card_0241,merchant_101,M,job_10,health_fitness,city_53,S14,54465,16,39,54,2025,1,3,16.685,52.0,34.27,52267.0,0
txn_0001237,card_0186,merchant_051,F,job_25,misc_net,city_49,S13,25916,4,25,36,2025,2,1,96.657,21.0,140.38,6255.0,0
txn_0004234,card_0648,merchant_023,M,job_15,food_dining,city_46,S01,92119,3,51,21,2025,6,5,11.584,55.0,91.12,11767.0,0
txn_0002785,card_0422,merchant_038,M,job_17,food_dining,city_01,S07,58810,0,2,18,2025,9,17,22.548,66.0,51.2,17814.0,0
txn_0002589,card_0594,merchant_017,F,job_13,shopping_net,city_28,S02,60809,5,58,25,2025,3,8,40.772,59.0,154.05,87798.0,0
txn_0005226,card_0246,merchant_105,M,job_17,shopping_net,city_27,S08,79445,6,55,57,2025,1,22,1.97,39.0,197.73,31465.0,0
txn_0000689,card_0351,merchant_161,F,job_13,shopping_pos,city_19,S02,29761,22,21,24,2025,12,15,12.96,42.0,49.24,49227.0,0
txn_0002601,card_0079,merchant_034,M,job_18,misc_net,city_06,S00,76011,17,58,18,2025,5,21,3.721,18.0,300.35,35597.0,1
txn_0007135,card_0621,merchant_045,F,job_22,gas_transport,city_45,S02,56724,7,7,33,2025,12,30,42.606,48.0,82.06,48845.0,0
txn_0006925,card_0140,merchant_181,M,job_22,travel,city_09,S06,30236,20,6,4,2025,3,8,16.4,65.0,690.63,74136.0,0
txn_0006275,card_0290,merchant_208,M,job_13,gas_transport,city_53,S06,61067,22,0,50,2025,6,9,4.121,55.0,49.15,8319.0,0
txn_0007201,card_0588,merchant_208,M,job_03,gas_transport,city_57,S02,13776,8,5,51,2025,9,19,31.095,36.0,29.67,336544.0,0
txn_0006729,card_0375,merchant_179,F,job_22,shopping_pos,city_45,S11,72362,10,57,21,2025,4,9,33.255,49.0,86.08,44835.0,0
txn_0001637,card_0251,merchant_114,F,job_16,travel,city_18,S07,14136,1,8,52,2025,9,12,12.578,38.0,517.78,37061.0,0
txn_0002979,card_0653,merchant_037,M,job_19,shopping_net,city_28,S10,40510,22,49,13,2025,12,3,28.674,47.0,57.67,51936.0,0
txn_0007004,card_0225,merchant_135,F,job_26,shopping_net,city_28,S02,91350,23,49,29,2025,10,24,12.681,60.0,490.38,32335.0,0
txn_0002593,card_0548,merchant_184,M,job_23,gas_transport,city_12,S02,87639,3,13,2,2025,10,20,61.714,42.0,135.97,95550.0,0
txn_0004175,card_0821,merchant_095,M,job_23,food_dining,city_23,S04,99977,22,8,55,2025,2,2,10.516,65.0,42.31,17745.0,0
txn_0002790,card_0574,merchant_209,F,job_31,shopping_pos,city_41,S03,46045,16,40,4,2025,3,12,15.062,38.0,89.55,6242.0,0
txn_0003639,card_0163,merchant_043,F,job_22,health_fitness,city_49,S09,67299,22,43,32,2025,5,26,9.129,51.0,99.91,122016.0,0
txn_0002459,card_0009,merchant_088,F,job_02,grocery_pos,city_57,S13,70726,9,19,9,2025,1,24,934.665,38.0,829.48,10797.0,0
txn_0005491,card_0610,merchant_140,M,job_10,misc_net,city_31,S07,23593,14,34,59,2025,12,21,418.751,35.0,266.55,38966.0,0
txn_0002660,card_0250,merchant_064,F,job_11,shopping_net,city_10,S00,76040,15,51,36,2025,3,9,4.281,37.0,165.64,25976.0,0
txn_0002962,card_0805,merchant_002,M,job_27,food_dining,city_45,S13,90524,14,38,58,2025,5,11,8.981,38.0,131.27,281058.0,0
txn_0005519,card_0531,merchant_186,F,job_05,health_fitness,city_51,S03,93708,3,29,44,2025,1,24,45.315,26.0,83.01,80066.0,0
txn_0002990,card_0412,merchant_208,F,job_24,gas_transport,city_36,S00,72052,23,27,11,2025,4,24,33.243,36.0,32.74,13022.0,0
txn_0003306,card_0063,merchant_128,M,job_06,travel,city_22,S00,96597,11,46,51,2025,6,4,9.81,41.0,278.78,47888.0,1
txn_0003122,card_0627,merchant_146,F,job_04,grocery_pos,city_23,S03,65179,6,54,18,2025,2,16,1.486,71.0,17.56,45815.0,0
txn_0006022,card_0324,merchant_027,M,job_13,misc_net,city_44,S05,67434,16,46,12,2025,4,27,26.951,71.0,65.51,406138.0,0
txn_0004596,card_0209,merchant_203,M,job_01,travel,city_37,S05,64590,6,23,29,2025,4,21,8.124,36.0,435.29,15617.0,0
txn_0006837,card_0403,merchant_091,M,job_28,food_dining,city_20,S06,50174,1,25,17,2025,8,6,82.332,47.0,105.91,7402.0,0
txn_0006680,card_0455,merchant_193,M,job_15,travel,city_41,S12,44005,10,7,1,2025,7,3,13.117,36.0,228.23,18907.0,0
txn_0007830,card_0238,merchant_209,F,job_23,shopping_pos,city_59,S13,96370,15,25,40,2025,1,3,21.487,58.0,227.31,8275.0,0
txn_0003097,card_0444,merchant_193,M,job_05,travel,city_42,S11,47198,11,12,53,2025,12,23,18.001,64.0,528.51,18650.0,0
txn_0001830,card_0293,merchant_027,F,job_22,misc_net,city_11,S12,28121,22,32,56,2025,7,19,5.933,33.0,296.92,8543.0,0
txn_0001856,card_0585,merchant_079,M,job_27,gas_transport,city_52,S07,61474,12,37,7,2025,9,9,8.451,45.0,67.37,31818.0,0
txn_0007602,card_0576,merchant_188,M,job_15,personal_care,city_51,S01,37311,16,2,19,2025,3,2,9.084,52.0,87.36,8542.0,0
txn_0000101,card_0862,merchant_060,F,job_00,entertainment,city_08,S06,62957,23,3,6,2025,4,7,35.128,79.0,35.46,40823.0,0
txn_0005337,card_0100,merchant_143,M,job_25,travel,city_32,S11,23772,20,13,0,2025,8,3,3.55,37.0,506.76,13716.0,0
txn_0001275,card_0028,merchant_119,M,job_13,health_fitness,city_36,S08,86088,7,35,44,2025,12,28,44.46,75.0,124.73,11776.0,0
txn_0000825,card_0840,merchant_050,F,job_13,gas_transport,city_14,S11,39359,21,13,2,2025,4,9,37.156,62.0,66.25,27315.0,0
txn_0004660,card_0844,merchant_093,F,job_06,personal_care,city_27,S00,76367,22,10,40,2025,11,27,40.286,47.0,47.19,83872.0,0
txn_0007190,card_0428,merchant_156,F,job_21,health_fitness,city_17,S07,72101,20,18,16,2025,10,22,33.816,33.0,67.28,5217.0,0
txn_0001748,card_0663,merchant_011,F,job_29,gas_transport,city_35,S12,78097,22,19,43,2025,10,27,15.268,87.0,80.25,43929.0,0
txn_0002197,card_0538,merchant_154,M,job_10,gas_transport,city_02,S13,89279,15,54,38,2025,1,7,11.28,78.0,37.41,30864.0,0
txn_0007091,card_0234,merchant_166,F,job_19,shopping_net,city_59,S12,22686,22,28,43,2025,8,20,28.628,41.0,68.21,25750.0,0
txn_0000400,card_0012,merchant_042,M,job_12,misc_net,city_40,S14,64844,1,18,52,2025,4,11,39.487,62.0,160.4,122514.0,0
txn_0004113,card_0836,merchant_201,M,job_16,gas_transport,city_20,S00,68931,16,59,56,2025,5,30,41.908,46.0,107.99,80800.0,0
txn_0007093,card_0767,merchant_050,F,job_21,gas_transport,city_37,S03,22789,9,10,18,2025,12,29,39.21,34.0,77.43,128571.0,0
txn_0005350,card_0267,merchant_135,F,job_12,shopping_net,city_54,S03,82945,20,1,51,2025,3,27,12.168,63.0,185.07,18340.0,0
txn_0000181,card_0070,merchant_015,M,job_09,health_fitness,city_02,S09,22964,6,59,57,2025,6,5,13.356,50.0,34.23,70559.0,0
txn_0000332,card_0347,merchant_065,M,job_14,health_fitness,city_56,S11,43208,4,36,45,2025,7,20,1.841,72.0,119.26,64770.0,0
txn_0000703,card_0324,merchant_024,M,job_13,shopping_pos,city_44,S05,67434,14,57,13,2025,10,21,5.133,71.0,31.77,406138.0,0
txn_0002716,card_0686,merchant_206,F,job_26,grocery_pos,city_14,S11,74283,8,44,16,2025,2,6,11.216,51.0,66.2,17511.0,0
txn_0000982,card_0500,merchant_180,F,job_27,health_fitness,city_16,S13,18268,3,26,21,2025,11,3,25.174,56.0,89.26,64103.0,0
txn_0000227,card_0875,merchant_184,M,job_04,gas_transport,city_35,S10,38814,17,6,3,2025,11,5,32.515,32.0,80.83,32732.0,0
txn_0003941,card_0245,merchant_134,F,job_15,misc_net,city_59,S01,52950,17,50,16,2025,10,20,24.602,80.0,133.82,19296.0,0
txn_0003746,card_0600,merchant_125,M,job_16,gas_transport,city_00,S09,71059,0,11,50,2025,8,29,9.209,40.0,33.55,23145.0,0
txn_0005110,card_0297,merchant_187,F,job_31,misc_net,city_51,S05,11607,11,51,9,2025,3,21,23.551,18.0,390.6,18765.0,0
txn_0006606,card_0126,merchant_165,F,job_02,shopping_net,city_21,S05,19841,20,25,20,2025,4,2,1.4,18.0,136.96,9754.0,0
txn_0005273,card_0049,merchant_137,M,job_08,grocery_pos,city_09,S14,76375,17,6,0,2025,1,8,8.974,60.0,36.15,30920.0,0
txn_0000020,card_0471,merchant_188,M,job_10,personal_care,city_19,S14,80453,20,4,19,2025,7,5,165.426,64.0,715.02,53367.0,0
txn_0000300,card_0083,merchant_180,M,job_20,health_fitness,city_50,S12,61297,18,12,23,2025,11,27,15.178,48.0,102.72,42827.0,0
txn_0005166,card_0173,merchant_030,M,job_16,health_fitness,city_20,S03,21450,17,52,56,2025,7,31,22.463,66.0,81.58,16694.0,0
txn_0002611,card_0853,merchant_012,F,job_12,personal_care,city_22,S10,73473,14,21,23,2025,8,11,32.268,43.0,63.38,16192.0,0
txn_0000277,card_0436,merchant_024,M,job_20,shopping_pos,city_14,S08,71684,14,12,14,2025,5,31,13.753,39.0,514.37,62163.0,0
txn_0005823,card_0440,merchant_009,M,job_17,grocery_pos,city_13,S07,39582,19,50,24,2025,5,23,36.97,52.0,94.57,29058.0,0
txn_0004356,card_0500,merchant_177,F,job_27,gas_transport,city_16,S13,18268,11,5,51,2025,7,14,10.336,56.0,83.22,64103.0,0
txn_0001949,card_0450,merchant_189,M,job_01,shopping_pos,city_30,S10,39134,10,4,29,2025,12,30,21.155,29.0,119.72,11583.0,0
txn_0005701,card_0817,merchant_175,F,job_12,gas_transport,city_03,S13,24066,16,50,51,2025,7,24,11.36,59.0,79.68,12692.0,0
txn_0003736,card_0496,merchant_144,F,job_19,grocery_pos,city_10,S03,58254,13,1,30,2025,3,25,0.234,51.0,20.75,15874.0,0
txn_0001946,card_0314,merchant_063,F,job_02,shopping_net,city_44,S07,81040,17,2,18,2025,6,14,5.135,46.0,28.85,8056.0,0
txn_0007032,card_0047,merchant_208,M,job_04,gas_transport,city_32,S12,64179,14,53,32,2025,2,22,93.941,34.0,34.04,21722.0,0
txn_0001952,card_0525,merchant_041,F,job_26,shopping_net,city_49,S11,55365,16,18,41,2025,5,27,19.124,39.0,131.24,183893.0,0
txn_0005481,card_0271,merchant_120,F,job_20,health_fitness,city_38,S00,19251,17,3,39,2025,2,9,16.815,38.0,27.54,5238.0,0
txn_0002005,card_0696,merchant_197,M,job_21,travel,city_48,S06,50094,18,24,29,2025,4,15,4.156,58.0,447.59,4630.0,0
txn_0005012,card_0374,merchant_058,M,job_24,shopping_pos,city_13,S08,18552,5,1,39,2025,3,13,17.164,43.0,44.76,6574.0,0
txn_0004159,card_0482,merchant_118,F,job_11,grocery_pos,city_19,S11,79269,19,15,50,2025,7,20,2.996,58.0,89.57,26330.0,0
txn_0007561,card_0400,merchant_025,M,job_24,travel,city_21,S05,38573,22,13,30,2025,2,3,3.029,36.0,219.61,19081.0,0
txn_0004911,card_0551,merchant_046,F,job_01,entertainment,city_45,S11,57764,10,20,52,2025,9,24,38.088,38.0,80.95,31467.0,0
txn_0004731,card_0416,merchant_165,M,job_22,shopping_net,city_27,S09,34368,14,55,38,2025,12,17,3.03,44.0,94.38,38043.0,0
txn_0002170,card_0781,merchant_180,M,job_00,health_fitness,city_27,S03,20366,21,28,57,2025,6,25,65.927,66.0,11.37,99371.0,0
txn_0000473,card_0864,merchant_118,M,job_18,grocery_pos,city_12,S11,50115,21,58,25,2025,4,3,27.122,40.0,99.02,19159.0,0
txn_0005560,card_0683,merchant_091,M,job_13,food_dining,city_19,S13,49090,10,14,59,2025,8,16,2.353,60.0,55.54,94059.0,0
txn_0005797,card_0629,merchant_047,F,job_29,personal_care,city_16,S13,11271,23,9,0,2025,2,20,21.004,79.0,30.16,31164.0,0
txn_0007491,card_0301,merchant_003,M,job_15,health_fitness,city_40,S10,95672,13,30,47,2025,9,29,20.925,47.0,167.62,55544.0,0
txn_0001433,card_0175,merchant_011,F,job_05,gas_transport,city_03,S07,26983,21,50,59,2025,7,19,15.738,18.0,60.04,7848.0,0
txn_0003421,card_0409,merchant_143,F,job_27,travel,city_08,S03,20430,11,41,31,2025,11,16,13.93,25.0,355.81,8633.0,0
txn_0005000,card_0705,merchant_150,M,job_28,gas_transport,city_06,S05,79316,9,56,34,2025,11,28,28.124,45.0,40.76,1763.0,0
txn_0001841,card_0781,merchant_004,M,job_00,travel,city_27,S03,20366,7,43,37,2025,11,2,20.52,66.0,511.91,99371.0,0
txn_0006981,card_0170,merchant_179,F,job_21,shopping_pos,city_49,S04,48166,22,45,58,2025,7,24,0.862,29.0,36.41,71786.0,0
txn_0006664,card_0447,merchant_171,M,job_22,food_dining,city_10,S12,32346,9,51,47,2025,3,16,23.834,37.0,75.26,69491.0,0
txn_0003753,card_0617,merchant_117,F,job_01,entertainment,city_15,S05,40738,0,30,48,2025,12,7,12.689,55.0,28.61,37985.0,0
txn_0006591,card_0273,merchant_203,M,job_05,travel,city_20,S14,52751,8,45,58,2025,6,3,46.602,52.0,220.01,13577.0,0
txn_0004952,card_0879,merchant_172,M,job_21,entertainment,city_22,S01,58345,16,51,4,2025,4,24,5.807,59.0,142.23,52851.0,0
txn_0000575,card_0022,merchant_186,F,job_14,health_fitness,city_18,S01,39758,9,54,28,2025,7,7,1.631,45.0,46.82,48419.0,0
txn_0006630,card_0504,merchant_102,F,job_05,shopping_pos,city_54,S04,17005,13,34,53,2025,2,20,47.826,47.0,63.79,26112.0,0
txn_0001208,card_0686,merchant_005,F,job_26,shopping_pos,city_14,S11,74283,22,55,9,2025,9,27,23.072,51.0,122.74,17511.0,0
txn_0001109,card_0159,merchant_025,M,job_09,travel,city_11,S06,60469,9,29,36,2025,12,16,15.298,66.0,278.94,17371.0,0
txn_0007612,card_0832,merchant_149,F,job_22,misc_net,city_54,S00,90842,3,26,43,2025,6,3,32.409,27.0,42.83,34590.0,0
txn_0007465,card_0429,merchant_193,M,job_10,travel,city_58,S11,47291,11,37,50,2025,5,17,12.76,43.0,147.89,21760.0,0
txn_0001268,card_0827,merchant_213,M,job_18,gas_transport,city_00,S01,53413,12,50,59,2025,8,10,26.561,25.0,44.7,5874.0,0
txn_0004992,card_0446,merchant_023,F,job_27,food_dining,city_34,S09,50702,14,3,23,2025,7,24,55.551,67.0,83.77,121235.0,0
txn_0007532,card_0585,merchant_152,M,job_27,entertainment,city_52,S07,61474,13,25,13,2025,8,9,13.682,45.0,41.29,31818.0,0
txn_0002032,card_0311,merchant_016,M,job_25,travel,city_40,S07,97362,15,51,41,2025,11,13,166.228,68.0,3314.14,3221.0,1
txn_0001157,card_0141,merchant_058,F,job_27,shopping_pos,city_15,S10,37287,19,30,21,2025,9,2,18.055,41.0,77.32,10377.0,0
txn_0004850,card_0874,merchant_066,M,job_24,shopping_pos,city_55,S14,86548,1,27,51,2025,7,11,27.3,62.0,77.29,12477.0,0
txn_0004733,card_0702,merchant_033,F,job_26,food_dining,city_45,S02,22007,11,47,52,2025,2,21,27.705,58.0,79.92,19523.0,0
txn_0006850,card_0323,merchant_186,M,job_20,health_fitness,city_36,S02,47552,5,6,35,2025,11,20,31.626,19.0,80.33,9150.0,0
txn_0004761,card_0122,merchant_004,M,job_27,travel,city_49,S01,77571,16,54,15,2025,8,7,15.117,60.0,249.08,4622.0,0
txn_0000422,card_0737,merchant_030,F,job_19,health_fitness,city_29,S09,39502,16,43,18,2025,1,22,19.982,64.0,73.74,21204.0,0
txn_0000429,card_0873,merchant_083,F,job_12,food_dining,city_11,S04,22282,5,41,23,2025,2,17,23.769,55.0,50.94,133358.0,0
txn_0005788,card_0023,merchant_040,M,job_04,travel,city_52,S05,49686,3,58,0,2025,2,16,45.975,33.0,251.93,42029.0,0
txn_0007098,card_0873,merchant_092,F,job_12,travel,city_11,S04,22282,10,26,30,2025,7,7,25.345,55.0,281.49,133358.0,0
txn_0004073,card_0587,merchant_169,F,job_00,travel,city_58,S03,29244,22,28,11,2025,2,9,13.177,43.0,150.91,37327.0,0
txn_0003506,card_0759,merchant_031,M,job_08,travel,city_35,S05,97278,21,2,29,2025,9,30,101.442,71.0,425.02,36128.0,0
txn_0001057,card_0865,merchant_060,M,job_29,entertainment,city_32,S03,18461,18,0,59,2025,3,2,26.193,44.0,74.17,10893.0,0
txn_0001218,card_0600,merchant_055,M,job_16,grocery_pos,city_00,S09,71059,7,51,13,2025,12,18,37.44,40.0,28.61,23145.0,0
txn_0002391,card_0463,merchant_109,F,job_06,health_fitness,city_30,S04,56361,18,22,57,2025,3,8,25.69,24.0,66.49,20540.0,0
txn_0003023,card_0048,merchant_144,M,job_30,grocery_pos,city_31,S06,99880,18,56,23,2025,8,12,11.621,43.0,25.37,143878.0,0
txn_0002496,card_0573,merchant_119,F,job_06,health_fitness,city_23,S06,41969,9,1,34,2025,6,12,813.315,42.0,568.39,3524.0,0
txn_0007180,card_0335,merchant_193,M,job_11,travel,city_41,S14,86407,14,0,48,2025,7,28,0.086,59.0,127.68,41200.0,0
txn_0000639,card_0026,merchant_090,F,job_17,shopping_net,city_06,S02,79385,3,29,28,2025,2,21,22.202,46.0,75.36,23326.0,0
txn_0001561,card_0666,merchant_066,M,job_30,shopping_pos,city_18,S09,41607,1,3,47,2025,10,22,32.932,51.0,82.11,61371.0,0
txn_0004104,card_0563,merchant_189,F,job_01,shopping_pos,city_07,S12,28016,14,58,46,2025,4,15,6.214,56.0,112.21,33348.0,0
txn_0001929,card_0032,merchant_053,F,job_08,travel,city_35,S13,13342,22,45,57,2025,10,13,7.406,26.0,412.33,25638.0,0
txn_0006795,card_0860,merchant_068,M,job_12,shopping_pos,city_26,S01,19229,7,25,25,2025,6,2,28.672,60.0,152.39,90177.0,0
txn_0003352,card_0851,merchant_153,M,job_28,grocery_pos,city_52,S07,32797,17,7,36,2025,4,30,43.204,31.0,37.42,264041.0,0
txn_0006692,card_0630,merchant_217,M,job_02,personal_care,city_07,S09,16610,5,38,27,2025,7,17,35.068,31.0,22.82,11664.0,0
txn_0002490,card_0815,merchant_074,M,job_28,health_fitness,city_40,S14,49838,16,10,10,2025,5,31,11.458,36.0,256.65,19070.0,0
txn_0001236,card_0195,merchant_203,F,job_02,travel,city_00,S08,34752,21,35,23,2025,8,7,32.862,28.0,183.76,45269.0,0
txn_0005941,card_0287,merchant_198,M,job_19,food_dining,city_39,S11,25899,18,11,6,2025,1,29,8.942,56.0,36.93,14756.0,0
txn_0007389,card_0422,merchant_008,M,job_17,misc_net,city_01,S07,58810,8,39,0,2025,11,14,2.209,66.0,154.57,17814.0,0
txn_0003871,card_0861,merchant_009,M,job_13,grocery_pos,city_46,S02,40511,23,59,21,2025,1,13,2.287,47.0,43.15,92991.0,0
txn_0003656,card_0735,merchant_155,M,job_17,shopping_pos,city_58,S09,48336,17,40,33,2025,9,21,26.991,18.0,193.67,32267.0,0
txn_0005069,card_0847,merchant_002,F,job_12,food_dining,city_47,S13,27103,15,38,53,2025,10,7,5.209,51.0,38.17,3395.0,0
txn_0004153,card_0168,merchant_029,F,job_10,entertainment,city_50,S12,82695,5,16,53,2025,8,19,6.447,32.0,50.6,17800.0,0
txn_0003861,card_0064,merchant_099,F,job_30,shopping_net,city_50,S03,56180,2,2,37,2025,9,1,10.09,51.0,145.78,12774.0,0
txn_0007848,card_0748,merchant_045,F,job_31,gas_transport,city_28,S09,79009,0,0,1,2025,10,1,15.154,54.0,29.07,57894.0,0
txn_0007336,card_0516,merchant_104,M,job_20,shopping_net,city_05,S00,11675,5,46,11,2025,7,10,3.911,46.0,83.53,80145.0,0
txn_0000424,card_0105,merchant_146,M,job_29,grocery_pos,city_14,S14,55018,0,54,47,2025,1,18,31.936,37.0,13.03,17277.0,0
txn_0006733,card_0113,merchant_154,F,job_10,gas_transport,city_46,S14,30154,4,50,5,2025,2,2,83.338,45.0,35.12,8733.0,0
txn_0003952,card_0419,merchant_068,M,job_12,shopping_pos,city_11,S13,71877,16,33,49,2025,1,9,38.585,67.0,55.98,46949.0,0
txn_0003950,card_0480,merchant_136,F,job_31,personal_care,city_45,S03,91349,3,13,10,2025,9,8,14.741,61.0,59.38,46398.0,0
txn_0000812,card_0094,merchant_129,M,job_16,travel,city_08,S01,45575,15,6,33,2025,5,14,115.811,60.0,1064.95,21681.0,0
txn_0000609,card_0593,merchant_165,M,job_10,shopping_net,city_13,S04,13508,18,35,21,2025,7,25,131.77,37.0,281.04,6488.0,0
txn_0003701,card_0417,merchant_060,F,job_18,entertainment,city_59,S09,23741,22,44,52,2025,3,23,48.893,57.0,54.38,22923.0,0
txn_0005704,card_0100,merchant_199,M,job_25,misc_net,city_32,S11,23772,19,21,39,2025,7,14,30.291,37.0,43.57,13716.0,0
txn_0007964,card_0655,merchant_053,M,job_05,travel,city_28,S06,39512,13,34,13,2025,4,11,7.821,66.0,279.02,14813.0,0
txn_0000572,card_0337,merchant_012,F,job_03,personal_care,city_01,S02,52521,15,33,25,2025,5,18,11.628,21.0,291.21,26908.0,0
txn_0006765,card_0152,merchant_038,M,job_16,food_dining,city_04,S01,96449,22,48,34,2025,8,17,46.423,43.0,43.09,5972.0,0
txn_0005312,card_0586,merchant_103,M,job_05,gas_transport,city_57,S01,33923,4,22,33,2025,1,11,4.844,44.0,44.51,7239.0,0
txn_0007780,card_0692,merchant_014,M,job_12,travel,city_55,S11,54353,13,39,56,2025,1,15,16.585,43.0,143.75,16734.0,0
txn_0006095,card_0125,merchant_017,M,job_01,shopping_net,city_07,S12,99124,15,31,2,2025,8,9,17.89,51.0,298.86,13467.0,0
txn_0005576,card_0368,merchant_061,F,job_30,shopping_pos,city_56,S02,63084,0,35,13,2025,3,20,48.805,19.0,38.96,100818.0,0
txn_0006534,card_0147,merchant_213,F,job_19,gas_transport,city_55,S05,98653,13,9,38,2025,8,25,14.988,34.0,343.29,6312.0,0
txn_0001204,card_0074,merchant_208,M,job_04,gas_transport,city_24,S08,68154,16,0,33,2025,8,1,69.188,46.0,105.78,52934.0,0
txn_0001477,card_0668,merchant_218,M,job_29,misc_net,city_01,S06,14042,6,41,15,2025,10,8,1.281,45.0,153.23,61546.0,0
txn_0004614,card_0701,merchant_174,M,job_23,entertainment,city_05,S13,69060,15,47,17,2025,8,20,13.222,24.0,117.17,11513.0,0
txn_0003989,card_0701,merchant_168,M,job_23,entertainment,city_05,S13,69060,10,39,33,2025,2,22,4.233,24.0,54.04,11513.0,0
txn_0006861,card_0330,merchant_219,M,job_26,misc_net,city_43,S10,73796,8,1,27,2025,8,5,13.352,60.0,82.26,4890.0,0
txn_0005817,card_0158,merchant_041,M,job_13,shopping_net,city_39,S10,17252,5,57,7,2025,12,24,32.54,61.0,153.26,10132.0,0
txn_0005672,card_0027,merchant_096,M,job_09,misc_net,city_59,S00,31335,10,58,4,2025,7,26,45.146,52.0,127.95,36787.0,0
txn_0002168,card_0172,merchant_052,M,job_24,entertainment,city_40,S12,57478,3,16,21,2025,7,17,5.124,42.0,316.43,20384.0,0
txn_0005395,card_0299,merchant_152,F,job_19,entertainment,city_14,S09,93245,8,32,5,2025,3,23,6.617,61.0,79.53,14849.0,0
txn_0004453,card_0467,merchant_080,M,job_14,grocery_pos,city_43,S04,47914,1,42,10,2025,4,13,21.348,40.0,211.07,7403.0,0
txn_0006347,card_0349,merchant_168,F,job_31,entertainment,city_51,S10,25732,7,55,51,2025,1,21,86.452,51.0,19.53,23441.0,0
txn_0006778,card_0317,merchant_036,M,job_23,entertainment,city_32,S03,86480,18,0,0,2025,6,5,11.182,64.0,21.51,62593.0,0
txn_0007786,card_0248,merchant_134,M,job_22,misc_net,city_45,S07,76637,9,17,13,2025,7,25,39.048,55.0,149.81,41744.0,0
txn_0002268,card_0476,merchant_056,M,job_30,entertainment,city_12,S09,98190,15,16,46,2025,3,28,65.612,66.0,29.06,34188.0,0
txn_0005548,card_0355,merchant_116,M,job_02,personal_care,city_29,S07,94830,18,30,23,2025,9,25,48.221,39.0,52.04,10445.0,0
txn_0004757,card_0258,merchant_057,F,job_12,travel,city_23,S07,39285,23,24,40,2025,2,16,6.909,18.0,151.96,8782.0,0
txn_0000391,card_0420,merchant_096,M,job_03,misc_net,city_56,S09,21942,12,11,2,2025,6,18,3.96,34.0,31.19,11762.0,0
txn_0004246,card_0702,merchant_142,F,job_26,grocery_pos,city_45,S02,22007,7,9,10,2025,6,27,9.218,58.0,50.18,19523.0,0
txn_0007126,card_0475,merchant_006,M,job_30,shopping_net,city_25,S08,12004,13,49,29,2025,2,17,2.555,49.0,208.3,3648.0,0
txn_0001721,card_0713,merchant_192,M,job_22,health_fitness,city_45,S01,18809,3,26,55,2025,4,22,65.848,18.0,224.36,19044.0,1
txn_0006703,card_0614,merchant_184,M,job_07,gas_transport,city_22,S06,71660,3,7,41,2025,9,15,749.135,44.0,2066.12,11139.0,1
txn_0001346,card_0153,merchant_132,F,job_30,misc_net,city_27,S01,34221,14,24,54,2025,8,15,64.139,47.0,104.21,63967.0,0
txn_0003590,card_0606,merchant_128,F,job_29,travel,city_22,S04,91583,13,53,0,2025,1,2,12.865,68.0,1064.53,20362.0,1
txn_0002999,card_0687,merchant_010,M,job_02,health_fitness,city_03,S11,82575,10,22,3,2025,10,17,32.982,46.0,45.76,25403.0,0
txn_0002427,card_0125,merchant_203,M,job_01,travel,city_07,S12,99124,19,57,16,2025,9,16,13.263,51.0,167.23,13467.0,0
txn_0004849,card_0204,merchant_063,F,job_09,shopping_net,city_47,S09,12000,19,23,38,2025,10,13,39.319,32.0,29.53,534193.0,0
txn_0005289,card_0542,merchant_062,F,job_29,shopping_net,city_32,S13,24699,14,51,4,2025,7,13,3.16,32.0,402.1,22241.0,0
txn_0002842,card_0121,merchant_175,M,job_02,gas_transport,city_32,S12,62419,0,44,15,2025,3,23,19.332,62.0,94.36,26512.0,0
txn_0006899,card_0078,merchant_164,M,job_11,shopping_pos,city_43,S05,58486,14,8,0,2025,4,18,20.771,36.0,273.17,45575.0,0
txn_0003384,card_0354,merchant_188,M,job_20,personal_care,city_42,S11,63379,6,16,6,2025,7,7,15.754,49.0,203.15,105009.0,0
txn_0001568,card_0725,merchant_009,F,job_31,grocery_pos,city_19,S14,45345,19,16,5,2025,5,6,5.309,57.0,24.75,18848.0,0
txn_0002977,card_0220,merchant_026,F,job_00,shopping_pos,city_18,S04,21355,2,24,16,2025,8,20,2.173,18.0,234.56,4884.0,0
txn_0005115,card_0241,merchant_154,M,job_10,gas_transport,city_53,S14,54465,5,33,52,2025,9,29,10.301,52.0,125.69,52267.0,0
txn_0001871,card_0737,merchant_219,F,job_19,misc_net,city_29,S09,39502,1,26,50,2025,10,11,12.543,64.0,70.53,21204.0,0
txn_0000542,card_0670,merchant_103,M,job_02,gas_transport,city_53,S14,81895,20,27,16,2025,1,30,86.641,18.0,123.96,15686.0,0
txn_0004191,card_0304,merchant_005,M,job_20,shopping_pos,city_52,S10,88573,14,17,52,2025,1,4,22.303,61.0,45.47,5347.0,0
txn_0002144,card_0190,merchant_049,M,job_16,gas_transport,city_31,S02,20080,0,19,48,2025,5,1,45.845,18.0,80.67,19592.0,0
txn_0006232,card_0552,merchant_201,M,job_01,gas_transport,city_42,S02,92067,4,18,11,2025,2,26,64.714,21.0,48.48,57138.0,0
txn_0002927,card_0323,merchant_215,M,job_20,entertainment,city_36,S02,47552,7,23,1,2025,9,9,3.035,19.0,138.47,9150.0,0
txn_0006791,card_0036,merchant_216,M,job_05,entertainment,city_56,S08,58644,14,1,35,2025,3,11,49.206,43.0,93.22,86316.0,0
txn_0005499,card_0438,merchant_166,F,job_24,shopping_net,city_28,S07,37551,12,14,29,2025,2,9,21.003,53.0,237.53,57705.0,0
txn_0003872,card_0888,merchant_106,F,job_15,health_fitness,city_38,S09,69812,7,54,17,2025,4,11,11.647,46.0,66.16,80550.0,0
txn_0006001,card_0358,merchant_135,F,job_17,shopping_net,city_48,S05,18811,16,13,44,2025,12,30,28.158,64.0,223.84,19385.0,0
txn_0001434,card_0208,merchant_212,F,job_30,gas_transport,city_47,S01,56704,6,1,40,2025,1,27,17.628,18.0,202.48,8875.0,0
txn_0005958,card_0674,merchant_201,M,job_04,gas_transport,city_06,S10,12999,23,34,6,2025,4,29,17.94,46.0,32.03,72437.0,0
txn_0005216,card_0877,merchant_194,M,job_05,health_fitness,city_52,S12,43150,16,48,47,2025,5,23,65.775,20.0,136.78,18886.0,0
txn_0002476,card_0044,merchant_076,F,job_04,entertainment,city_44,S02,96307,13,13,33,2025,11,8,47.016,51.0,202.19,16354.0,0
txn_0000990,card_0767,merchant_038,F,job_21,food_dining,city_37,S03,22789,14,23,53,2025,6,19,35.069,34.0,82.34,128571.0,0
txn_0000022,card_0510,merchant_097,M,job_01,entertainment,city_16,S14,10283,21,13,39,2025,3,8,33.036,43.0,63.97,46403.0,0
txn_0007526,card_0044,merchant_178,F,job_04,misc_net,city_44,S02,96307,23,38,38,2025,4,28,18.275,51.0,94.31,16354.0,0
txn_0003105,card_0821,merchant_153,M,job_23,grocery_pos,city_23,S04,99977,22,15,46,2025,8,6,60.797,65.0,32.91,17745.0,0
